Qflow route logfile created on Monday 10 August 2026 11:36:50 AM IST
qrouter -noc  -s dsp.cfg
Qrouter detail maze router version 1.4.90.T
Reading LEF data from file /usr/local/share/qflow/tech/osu035/osu035_stdcells.lef.
LEF Read, Line 135: NOTE:  Old format VIARULE ignored.
LEF Read, Line 136: NOTE:  Old format VIARULE ignored.
LEF Read, Line 140: NOTE:  Old format VIARULE ignored.
LEF Read, Line 141: NOTE:  Old format VIARULE ignored.
LEF Read, Line 151: NOTE:  Old format VIARULE ignored.
LEF Read, Line 152: NOTE:  Old format VIARULE ignored.
LEF Read, Line 156: NOTE:  Old format VIARULE ignored.
LEF Read, Line 157: NOTE:  Old format VIARULE ignored.
LEF Read, Line 167: NOTE:  Old format VIARULE ignored.
LEF Read, Line 168: NOTE:  Old format VIARULE ignored.
LEF Read, Line 172: NOTE:  Old format VIARULE ignored.
LEF Read, Line 173: NOTE:  Old format VIARULE ignored.
LEF file:  Defines site corner (ignored)
LEF file:  Defines site IO (ignored)
LEF file:  Defines site core (ignored)
LEF read: Processed 3179 lines.
LEF Read: encountered 0 errors and 12 warnings total.
Vertical route layer at non-minimum pitch 3.2.  Using smaller pitch 1.6, will route on 1-of-2 tracks for layer metal4.
Reading DEF data from file dsp.def.
Diagnostic: Design name: "dsp"
  Processed 3 vias total.
  Processed 13301 subcell instances total.
  Processed 515 pins total.
  Processed 11678 nets total (0 fixed).
  Processed 2 special nets total (4 fixed).
DEF read: Processed 65285 lines.
Output scale = microns / 100, precision 1
There are 11680 nets in this design.
*** Running stage1 routing with defaults
Finished routing net _5794_
Nets remaining: 11679
Finished routing net _720_
Nets remaining: 11678
Finished routing net _1161_
Nets remaining: 11677
Finished routing net _1543_
Nets remaining: 11676
Finished routing net _1614_
Nets remaining: 11675
Finished routing net _1696_
Nets remaining: 11674
Finished routing net _3102_
Nets remaining: 11673
Finished routing net _4397_
Nets remaining: 11672
Finished routing net _8086_
Nets remaining: 11671
Finished routing net _1778_
Nets remaining: 11670
Finished routing net _3796_
Nets remaining: 11669
Finished routing net _8123_
Nets remaining: 11668
Finished routing net _8830_
Nets remaining: 11667
Finished routing net _9500_
Nets remaining: 11666
Finished routing net _6992_
Nets remaining: 11665
Finished routing net _8990_
Nets remaining: 11664
Finished routing net _640_
Nets remaining: 11663
Finished routing net _700_
Nets remaining: 11662
Finished routing net _1531_
Nets remaining: 11661
Finished routing net _1783_
Nets remaining: 11660
Finished routing net _2069_
Nets remaining: 11659
Finished routing net _2745_
Nets remaining: 11658
Finished routing net _4014_
Nets remaining: 11657
Finished routing net _4229_
Nets remaining: 11656
Finished routing net _4403_
Nets remaining: 11655
Finished routing net _7933_
Nets remaining: 11654
Finished routing net _7950_
Nets remaining: 11653
Finished routing net _8049_
Nets remaining: 11652
Finished routing net _8069_
Nets remaining: 11651
Finished routing net _10398_
Nets remaining: 11650
Finished routing net ifft_hier0_bF$buf7
Nets remaining: 11649
Finished routing net _5492__hier0_bF$buf6
Nets remaining: 11648
Finished routing net _5492__hier0_bF$buf7
Nets remaining: 11647
Finished routing net ifft_bF$buf58
Nets remaining: 11646
Finished routing net ifft_bF$buf59
Nets remaining: 11645
Finished routing net ifft_bF$buf60
Nets remaining: 11644
Finished routing net ifft_bF$buf61
Nets remaining: 11643
Finished routing net ifft_bF$buf62
Nets remaining: 11642
Finished routing net ifft_bF$buf63
Nets remaining: 11641
Finished routing net ifft_bF$buf64
Nets remaining: 11640
Finished routing net _5492__bF$buf57
Nets remaining: 11639
Finished routing net _5492__bF$buf58
Nets remaining: 11638
Finished routing net _5492__bF$buf59
Nets remaining: 11637
Finished routing net _5492__bF$buf60
Nets remaining: 11636
Finished routing net _5492__bF$buf61
Nets remaining: 11635
Finished routing net _5492__bF$buf62
Nets remaining: 11634
Finished routing net _5492__bF$buf63
Nets remaining: 11633
Finished routing net _5492__bF$buf64
Nets remaining: 11632
Finished routing net _5492__bF$buf65
Nets remaining: 11631
Finished routing net _6368_
Nets remaining: 11630
Finished routing net _6465_
Nets remaining: 11629
Finished routing net _6927_
Nets remaining: 11628
Finished routing net _650_
Nets remaining: 11627
Finished routing net _1132_
Nets remaining: 11626
Finished routing net _1704_
Nets remaining: 11625
Finished routing net _2523_
Nets remaining: 11624
Finished routing net _2528_
Nets remaining: 11623
Finished routing net _2751_
Nets remaining: 11622
Finished routing net _3174_
Nets remaining: 11621
Finished routing net _3479_
Nets remaining: 11620
Finished routing net _4173_
Nets remaining: 11619
Finished routing net _4578_
Nets remaining: 11618
Finished routing net _7929_
Nets remaining: 11617
Finished routing net _7942_
Nets remaining: 11616
Finished routing net _7949_
Nets remaining: 11615
Finished routing net _8085_
Nets remaining: 11614
Finished routing net _8597_
Nets remaining: 11613
Finished routing net _8717_
Nets remaining: 11612
Finished routing net _8779_
Nets remaining: 11611
Finished routing net _8788_
Nets remaining: 11610
Finished routing net _8827_
Nets remaining: 11609
Finished routing net _8896_
Nets remaining: 11608
Finished routing net _9084_
Nets remaining: 11607
Finished routing net _9262_
Nets remaining: 11606
Finished routing net _9872_
Nets remaining: 11605
Finished routing net ifft
Nets remaining: 11604
Finished routing net ifft_hier0_bF$buf0
Nets remaining: 11603
Finished routing net ifft_hier0_bF$buf1
Nets remaining: 11602
Finished routing net ifft_hier0_bF$buf2
Nets remaining: 11601
Finished routing net ifft_hier0_bF$buf3
Nets remaining: 11600
Finished routing net ifft_hier0_bF$buf4
Nets remaining: 11599
Finished routing net ifft_hier0_bF$buf5
Nets remaining: 11598
Finished routing net ifft_hier0_bF$buf6
Nets remaining: 11597
Finished routing net _5492_
Nets remaining: 11596
Finished routing net _5492__hier0_bF$buf0
Nets remaining: 11595
Finished routing net _5492__hier0_bF$buf1
Nets remaining: 11594
Finished routing net _5492__hier0_bF$buf2
Nets remaining: 11593
Finished routing net _5492__hier0_bF$buf3
Nets remaining: 11592
Finished routing net _5492__hier0_bF$buf4
Nets remaining: 11591
Finished routing net _5492__hier0_bF$buf5
Nets remaining: 11590
Finished routing net ifft_bF$buf0
Nets remaining: 11589
Finished routing net ifft_bF$buf1
Nets remaining: 11588
Finished routing net ifft_bF$buf2
Nets remaining: 11587
Finished routing net ifft_bF$buf3
Nets remaining: 11586
Finished routing net ifft_bF$buf4
Nets remaining: 11585
Finished routing net ifft_bF$buf5
Nets remaining: 11584
Finished routing net ifft_bF$buf6
Nets remaining: 11583
Finished routing net ifft_bF$buf7
Nets remaining: 11582
Finished routing net ifft_bF$buf8
Nets remaining: 11581
Finished routing net ifft_bF$buf9
Nets remaining: 11580
Finished routing net ifft_bF$buf10
Nets remaining: 11579
Finished routing net ifft_bF$buf11
Nets remaining: 11578
Finished routing net ifft_bF$buf12
Nets remaining: 11577
Finished routing net ifft_bF$buf13
Nets remaining: 11576
Finished routing net ifft_bF$buf14
Nets remaining: 11575
Finished routing net ifft_bF$buf15
Nets remaining: 11574
Finished routing net ifft_bF$buf16
Nets remaining: 11573
Finished routing net ifft_bF$buf17
Nets remaining: 11572
Finished routing net ifft_bF$buf18
Nets remaining: 11571
Finished routing net ifft_bF$buf19
Nets remaining: 11570
Finished routing net ifft_bF$buf20
Nets remaining: 11569
Finished routing net ifft_bF$buf21
Nets remaining: 11568
Finished routing net ifft_bF$buf22
Nets remaining: 11567
Finished routing net ifft_bF$buf23
Nets remaining: 11566
Finished routing net ifft_bF$buf24
Nets remaining: 11565
Finished routing net ifft_bF$buf25
Nets remaining: 11564
Finished routing net ifft_bF$buf26
Nets remaining: 11563
Finished routing net ifft_bF$buf27
Nets remaining: 11562
Finished routing net ifft_bF$buf28
Nets remaining: 11561
Finished routing net ifft_bF$buf29
Nets remaining: 11560
Finished routing net ifft_bF$buf30
Nets remaining: 11559
Finished routing net ifft_bF$buf31
Nets remaining: 11558
Finished routing net ifft_bF$buf32
Nets remaining: 11557
Finished routing net ifft_bF$buf33
Nets remaining: 11556
Finished routing net ifft_bF$buf34
Nets remaining: 11555
Finished routing net ifft_bF$buf35
Nets remaining: 11554
Finished routing net ifft_bF$buf36
Nets remaining: 11553
Finished routing net ifft_bF$buf37
Nets remaining: 11552
Finished routing net ifft_bF$buf38
Nets remaining: 11551
Finished routing net ifft_bF$buf39
Nets remaining: 11550
Finished routing net ifft_bF$buf40
Nets remaining: 11549
Finished routing net ifft_bF$buf41
Nets remaining: 11548
Finished routing net ifft_bF$buf42
Nets remaining: 11547
Finished routing net ifft_bF$buf43
Nets remaining: 11546
Finished routing net ifft_bF$buf44
Nets remaining: 11545
Finished routing net ifft_bF$buf45
Nets remaining: 11544
Finished routing net ifft_bF$buf46
Nets remaining: 11543
Finished routing net ifft_bF$buf47
Nets remaining: 11542
Finished routing net ifft_bF$buf48
Nets remaining: 11541
Finished routing net ifft_bF$buf49
Nets remaining: 11540
Finished routing net ifft_bF$buf50
Nets remaining: 11539
Finished routing net ifft_bF$buf51
Nets remaining: 11538
Finished routing net ifft_bF$buf52
Nets remaining: 11537
Finished routing net ifft_bF$buf53
Nets remaining: 11536
Finished routing net ifft_bF$buf54
Nets remaining: 11535
Finished routing net ifft_bF$buf55
Nets remaining: 11534
Finished routing net ifft_bF$buf56
Nets remaining: 11533
Finished routing net ifft_bF$buf57
Nets remaining: 11532
Finished routing net _5492__bF$buf0
Nets remaining: 11531
Finished routing net _5492__bF$buf1
Nets remaining: 11530
Finished routing net _5492__bF$buf2
Nets remaining: 11529
Finished routing net _5492__bF$buf3
Nets remaining: 11528
Finished routing net _5492__bF$buf4
Nets remaining: 11527
Finished routing net _5492__bF$buf5
Nets remaining: 11526
Finished routing net _5492__bF$buf6
Nets remaining: 11525
Finished routing net _5492__bF$buf7
Nets remaining: 11524
Finished routing net _5492__bF$buf8
Nets remaining: 11523
Finished routing net _5492__bF$buf9
Nets remaining: 11522
Finished routing net _5492__bF$buf10
Nets remaining: 11521
Finished routing net _5492__bF$buf11
Nets remaining: 11520
Finished routing net _5492__bF$buf12
Nets remaining: 11519
Finished routing net _5492__bF$buf13
Nets remaining: 11518
Finished routing net _5492__bF$buf14
Nets remaining: 11517
Finished routing net _5492__bF$buf15
Nets remaining: 11516
Finished routing net _5492__bF$buf16
Nets remaining: 11515
Finished routing net _5492__bF$buf17
Nets remaining: 11514
Finished routing net _5492__bF$buf18
Nets remaining: 11513
Finished routing net _5492__bF$buf19
Nets remaining: 11512
Finished routing net _5492__bF$buf20
Nets remaining: 11511
Finished routing net _5492__bF$buf21
Nets remaining: 11510
Finished routing net _5492__bF$buf22
Nets remaining: 11509
Finished routing net _5492__bF$buf23
Nets remaining: 11508
Finished routing net _5492__bF$buf24
Nets remaining: 11507
Finished routing net _5492__bF$buf25
Nets remaining: 11506
Finished routing net _5492__bF$buf26
Nets remaining: 11505
Finished routing net _5492__bF$buf27
Nets remaining: 11504
Finished routing net _5492__bF$buf28
Nets remaining: 11503
Finished routing net _5492__bF$buf29
Nets remaining: 11502
Finished routing net _5492__bF$buf30
Nets remaining: 11501
Finished routing net _5492__bF$buf31
Nets remaining: 11500
Finished routing net _5492__bF$buf32
Nets remaining: 11499
Finished routing net _5492__bF$buf33
Nets remaining: 11498
Finished routing net _5492__bF$buf34
Nets remaining: 11497
Finished routing net _5492__bF$buf35
Nets remaining: 11496
Finished routing net _5492__bF$buf36
Nets remaining: 11495
Finished routing net _5492__bF$buf37
Nets remaining: 11494
Finished routing net _5492__bF$buf38
Nets remaining: 11493
Finished routing net _5492__bF$buf39
Nets remaining: 11492
Finished routing net _5492__bF$buf40
Nets remaining: 11491
Finished routing net _5492__bF$buf41
Nets remaining: 11490
Finished routing net _5492__bF$buf42
Nets remaining: 11489
Finished routing net _5492__bF$buf43
Nets remaining: 11488
Finished routing net _5492__bF$buf44
Nets remaining: 11487
Finished routing net _5492__bF$buf45
Nets remaining: 11486
Finished routing net _5492__bF$buf46
Nets remaining: 11485
Finished routing net _5492__bF$buf47
Nets remaining: 11484
Finished routing net _5492__bF$buf48
Nets remaining: 11483
Finished routing net _5492__bF$buf49
Nets remaining: 11482
Finished routing net _5492__bF$buf50
Nets remaining: 11481
Finished routing net _5492__bF$buf51
Nets remaining: 11480
Finished routing net _5492__bF$buf52
Nets remaining: 11479
Finished routing net _5492__bF$buf53
Nets remaining: 11478
Finished routing net _5492__bF$buf54
Nets remaining: 11477
Finished routing net _5492__bF$buf55
Nets remaining: 11476
Finished routing net _5492__bF$buf56
Nets remaining: 11475
Finished routing net _5695_
Nets remaining: 11474
Finished routing net _6476_
Nets remaining: 11473
Finished routing net _7487_
Nets remaining: 11472
Finished routing net _7519_
Nets remaining: 11471
Finished routing net _9450_
Nets remaining: 11470
Finished routing net _1698_
Nets remaining: 11469
Finished routing net _1764_
Nets remaining: 11468
Finished routing net _2012_
Nets remaining: 11467
Finished routing net _2067_
Nets remaining: 11466
Finished routing net _2124_
Nets remaining: 11465
Finished routing net _2383_
Nets remaining: 11464
Finished routing net _2975_
Nets remaining: 11463
Finished routing net _3018_
Nets remaining: 11462
Finished routing net _3106_
Nets remaining: 11461
Failed to route net _3478_
Finished routing net _3542_
Nets remaining: 11460
Finished routing net _3548_
Nets remaining: 11459
Finished routing net _4284_
Nets remaining: 11458
Finished routing net _7939_
Nets remaining: 11457
Finished routing net _8094_
Nets remaining: 11456
Finished routing net _8348_
Nets remaining: 11455
Finished routing net _8359_
Nets remaining: 11454
Finished routing net _8534_
Nets remaining: 11453
Finished routing net _9028_
Nets remaining: 11452
Finished routing net _9201_
Nets remaining: 11451
Finished routing net _9739_
Nets remaining: 11450
Finished routing net _10100_
Nets remaining: 11449
Finished routing net _5750_
Nets remaining: 11448
Finished routing net x7_r[1]
Nets remaining: 11447
Finished routing net _8870_
Nets remaining: 11446
Finished routing net _1518_
Nets remaining: 11445
Finished routing net _1520_
Nets remaining: 11444
Finished routing net _1611_
Nets remaining: 11443
Finished routing net _1673_
Nets remaining: 11442
Finished routing net _1700_
Nets remaining: 11441
Finished routing net _1804_
Nets remaining: 11440
Finished routing net _1929_
Nets remaining: 11439
Finished routing net _2508_
Nets remaining: 11438
Finished routing net _2731_
Nets remaining: 11437
Finished routing net _2886_
Nets remaining: 11436
Finished routing net _3010_
Nets remaining: 11435
Finished routing net _3666_
Nets remaining: 11434
Finished routing net _3798_
Nets remaining: 11433
Finished routing net _4135_
Nets remaining: 11432
Finished routing net _4166_
Nets remaining: 11431
Finished routing net _4674_
Nets remaining: 11430
Finished routing net _4725_
Nets remaining: 11429
Finished routing net _5063_
Nets remaining: 11428
Finished routing net _5111_
Nets remaining: 11427
Finished routing net _5309_
Nets remaining: 11426
Finished routing net _5350_
Nets remaining: 11425
Finished routing net _5550_
Nets remaining: 11424
Finished routing net _6547_
Nets remaining: 11423
Finished routing net _7941_
Nets remaining: 11422
Finished routing net _8160_
Nets remaining: 11421
Finished routing net _8468_
Nets remaining: 11420
Finished routing net _8535_
Nets remaining: 11419
Finished routing net _8556_
Nets remaining: 11418
Finished routing net _8671_
Nets remaining: 11417
Finished routing net _8784_
Nets remaining: 11416
Finished routing net _9082_
Nets remaining: 11415
Finished routing net _9434_
Nets remaining: 11414
Finished routing net _9616_
Nets remaining: 11413
Finished routing net _9620_
Nets remaining: 11412
Finished routing net _10119_
Nets remaining: 11411
Finished routing net _10179_
Nets remaining: 11410
Finished routing net _10537__bF$buf1
Nets remaining: 11409
Finished routing net _10537__bF$buf2
Nets remaining: 11408
Finished routing net _10537__bF$buf3
Nets remaining: 11407
Finished routing net _5914_
Nets remaining: 11406
Finished routing net x5_i[1]
Nets remaining: 11405
Finished routing net _6065_
Nets remaining: 11404
Finished routing net _6357_
Nets remaining: 11403
Finished routing net _6938_
Nets remaining: 11402
Finished routing net _7530_
Nets remaining: 11401
Finished routing net _8540_
Nets remaining: 11400
Finished routing net _8760_
Nets remaining: 11399
Finished routing net _9723_
Nets remaining: 11398
Finished routing net _10018_
Nets remaining: 11397
Finished routing net _10696_
Nets remaining: 11396
Finished routing net x5_r[1]
Nets remaining: 11395
Finished routing net x7_i[3]
Nets remaining: 11394
Finished routing net x5_r[3]
Nets remaining: 11393
Finished routing net _1007_
Nets remaining: 11392
Finished routing net _1666_
Nets remaining: 11391
Finished routing net _1701_
Nets remaining: 11390
Finished routing net _1735_
Nets remaining: 11389
Finished routing net _1779_
Nets remaining: 11388
Finished routing net _1842_
Nets remaining: 11387
Finished routing net _1898_
Nets remaining: 11386
Finished routing net _1938_
Nets remaining: 11385
Finished routing net _2049_
Nets remaining: 11384
Finished routing net _2061_
Nets remaining: 11383
Finished routing net _2072_
Nets remaining: 11382
Finished routing net _2190_
Nets remaining: 11381
Finished routing net _2390_
Nets remaining: 11380
Finished routing net _2394_
Nets remaining: 11379
Finished routing net _2406_
Nets remaining: 11378
Finished routing net _2592_
Nets remaining: 11377
Finished routing net _2593_
Nets remaining: 11376
Finished routing net _2618_
Nets remaining: 11375
Finished routing net _2623_
Nets remaining: 11374
Finished routing net _2632_
Nets remaining: 11373
Finished routing net _2809_
Nets remaining: 11372
Finished routing net _2813_
Nets remaining: 11371
Finished routing net _2814_
Nets remaining: 11370
Finished routing net _2874_
Nets remaining: 11369
Finished routing net _2884_
Nets remaining: 11368
Finished routing net _2889_
Nets remaining: 11367
Finished routing net _2982_
Nets remaining: 11366
Finished routing net _2998_
Nets remaining: 11365
Finished routing net _3017_
Nets remaining: 11364
Finished routing net _3223_
Nets remaining: 11363
Finished routing net _3308_
Nets remaining: 11362
Finished routing net _3341_
Nets remaining: 11361
Finished routing net _3452_
Nets remaining: 11360
Finished routing net _3529_
Nets remaining: 11359
Finished routing net _3690_
Nets remaining: 11358
Finished routing net _3746_
Nets remaining: 11357
Finished routing net _3823_
Nets remaining: 11356
Finished routing net _3973_
Nets remaining: 11355
Finished routing net _3975_
Nets remaining: 11354
Finished routing net _4225_
Nets remaining: 11353
Finished routing net _4585_
Nets remaining: 11352
Finished routing net _4605_
Nets remaining: 11351
Finished routing net _4659_
Nets remaining: 11350
Finished routing net _4826_
Nets remaining: 11349
Finished routing net _5248_
Nets remaining: 11348
Finished routing net _5422_
Nets remaining: 11347
Finished routing net _5519_
Nets remaining: 11346
Finished routing net _5699_
Nets remaining: 11345
Finished routing net _5883_
Nets remaining: 11344
Finished routing net _6029_
Nets remaining: 11343
Finished routing net _7930_
Nets remaining: 11342
Finished routing net _8129_
Nets remaining: 11341
Finished routing net _8161_
Nets remaining: 11340
Finished routing net _8249_
Nets remaining: 11339
Finished routing net _8347_
Nets remaining: 11338
Finished routing net _8664_
Nets remaining: 11337
Finished routing net _8679_
Nets remaining: 11336
Finished routing net _8838_
Nets remaining: 11335
Finished routing net _8839_
Nets remaining: 11334
Finished routing net _8943_
Nets remaining: 11333
Finished routing net _8951_
Nets remaining: 11332
Finished routing net _8966_
Nets remaining: 11331
Finished routing net _9027_
Nets remaining: 11330
Finished routing net _9130_
Nets remaining: 11329
Finished routing net _9139_
Nets remaining: 11328
Finished routing net _9368_
Nets remaining: 11327
Finished routing net _9478_
Nets remaining: 11326
Finished routing net _9539_
Nets remaining: 11325
Finished routing net _9742_
Nets remaining: 11324
Finished routing net _10180_
Nets remaining: 11323
Finished routing net _10274_
Nets remaining: 11322
Finished routing net _10276_
Nets remaining: 11321
Finished routing net _10283_
Nets remaining: 11320
Finished routing net _10295_
Nets remaining: 11319
Finished routing net _10342_
Nets remaining: 11318
Finished routing net _10353_
Nets remaining: 11317
Finished routing net _10732_
Nets remaining: 11316
Finished routing net _10526__bF$buf2
Nets remaining: 11315
Finished routing net _10526__bF$buf3
Nets remaining: 11314
Finished routing net _4107__bF$buf3
Nets remaining: 11313
Finished routing net _10537__bF$buf0
Nets remaining: 11312
Finished routing net _5601_
Nets remaining: 11311
Finished routing net x3_r[1]
Nets remaining: 11310
Finished routing net _5881_
Nets remaining: 11309
Finished routing net x1_i[1]
Nets remaining: 11308
Finished routing net _7057_
Nets remaining: 11307
Finished routing net _7111_
Nets remaining: 11306
Finished routing net _7186_
Nets remaining: 11305
Finished routing net _7240_
Nets remaining: 11304
Finished routing net _7411_
Nets remaining: 11303
Finished routing net _7551_
Nets remaining: 11302
Finished routing net _7788_
Nets remaining: 11301
Finished routing net _7842_
Nets remaining: 11300
Finished routing net _7885_
Nets remaining: 11299
Finished routing net _8056_
Nets remaining: 11298
Finished routing net _8188_
Nets remaining: 11297
Finished routing net _8364_
Nets remaining: 11296
Finished routing net _8683_
Nets remaining: 11295
Finished routing net _8826_
Nets remaining: 11294
Finished routing net _9023_
Nets remaining: 11293
Finished routing net _9516_
Nets remaining: 11292
Finished routing net _9625_
Nets remaining: 11291
Finished routing net _9767_
Nets remaining: 11290
Finished routing net _10149_
Nets remaining: 11289
Finished routing net _10377_
Nets remaining: 11288
Finished routing net x7_i[1]
Nets remaining: 11287
Finished routing net x3_i[1]
Nets remaining: 11286
Finished routing net x7_i[2]
Nets remaining: 11285
Finished routing net x1_r[1]
Nets remaining: 11284
Finished routing net x5_r[2]
Nets remaining: 11283
Finished routing net _1016_
Nets remaining: 11282
Finished routing net _1190_
Nets remaining: 11281
Finished routing net _1541_
Nets remaining: 11280
Finished routing net x7_i[5]
Nets remaining: 11279
Finished routing net x5_r[5]
Nets remaining: 11278
Finished routing net _1588_
Nets remaining: 11277
Finished routing net _1590_
Nets remaining: 11276
Finished routing net _1599_
Nets remaining: 11275
Failed to route net _1609_
Finished routing net _1613_
Nets remaining: 11274
Finished routing net _1677_
Nets remaining: 11273
Finished routing net _1678_
Nets remaining: 11272
Finished routing net _1703_
Nets remaining: 11271
Finished routing net _1746_
Nets remaining: 11270
Finished routing net _1761_
Nets remaining: 11269
Finished routing net _1776_
Nets remaining: 11268
Finished routing net _1813_
Nets remaining: 11267
Finished routing net _1926_
Nets remaining: 11266
Finished routing net _1931_
Nets remaining: 11265
Finished routing net _1937_
Nets remaining: 11264
Finished routing net _1946_
Nets remaining: 11263
Finished routing net _1947_
Nets remaining: 11262
Finished routing net _1969_
Nets remaining: 11261
Finished routing net _1985_
Nets remaining: 11260
Finished routing net _2022_
Nets remaining: 11259
Finished routing net _2038_
Nets remaining: 11258
Finished routing net _2048_
Nets remaining: 11257
Finished routing net _2056_
Nets remaining: 11256
Finished routing net _2121_
Nets remaining: 11255
Finished routing net _2140_
Nets remaining: 11254
Finished routing net _2195_
Nets remaining: 11253
Finished routing net _2284_
Nets remaining: 11252
Finished routing net _2290_
Nets remaining: 11251
Finished routing net _2294_
Nets remaining: 11250
Finished routing net _2320_
Nets remaining: 11249
Finished routing net _2375_
Nets remaining: 11248
Finished routing net _2402_
Nets remaining: 11247
Finished routing net _2403_
Nets remaining: 11246
Finished routing net _2407_
Nets remaining: 11245
Finished routing net _2430_
Nets remaining: 11244
Finished routing net _2468_
Nets remaining: 11243
Finished routing net _2543_
Nets remaining: 11242
Finished routing net _2560_
Nets remaining: 11241
Finished routing net _2568_
Nets remaining: 11240
Finished routing net _2591_
Nets remaining: 11239
Finished routing net _2602_
Nets remaining: 11238
Finished routing net _2643_
Nets remaining: 11237
Finished routing net _2654_
Nets remaining: 11236
Finished routing net _2655_
Nets remaining: 11235
Finished routing net _2661_
Nets remaining: 11234
Finished routing net _2679_
Nets remaining: 11233
Finished routing net _2694_
Nets remaining: 11232
Finished routing net _2715_
Nets remaining: 11231
Finished routing net _2722_
Nets remaining: 11230
Finished routing net _2791_
Nets remaining: 11229
Failed to route net _2867_
Finished routing net _2883_
Nets remaining: 11228
Finished routing net _2887_
Nets remaining: 11227
Finished routing net _2892_
Nets remaining: 11226
Finished routing net _2932_
Nets remaining: 11225
Finished routing net _2937_
Nets remaining: 11224
Finished routing net _2990_
Nets remaining: 11223
Finished routing net _2999_
Nets remaining: 11222
Finished routing net _3065_
Nets remaining: 11221
Finished routing net _3110_
Nets remaining: 11220
Finished routing net _3152_
Nets remaining: 11219
Finished routing net _3167_
Nets remaining: 11218
Finished routing net _3170_
Nets remaining: 11217
Finished routing net _3171_
Nets remaining: 11216
Finished routing net _3178_
Nets remaining: 11215
Finished routing net _3218_
Nets remaining: 11214
Finished routing net _3343_
Nets remaining: 11213
Finished routing net _3353_
Nets remaining: 11212
Finished routing net _3381_
Nets remaining: 11211
Finished routing net _3416_
Nets remaining: 11210
Finished routing net _3461_
Nets remaining: 11209
Finished routing net _3509_
Nets remaining: 11208
Finished routing net _3512_
Nets remaining: 11207
Finished routing net _3544_
Nets remaining: 11206
Finished routing net _3545_
Nets remaining: 11205
Finished routing net _3551_
Nets remaining: 11204
Finished routing net _3585_
Nets remaining: 11203
Finished routing net _3591_
Nets remaining: 11202
Finished routing net _3695_
Nets remaining: 11201
Finished routing net _3741_
Nets remaining: 11200
Finished routing net _3750_
Nets remaining: 11199
Finished routing net _3787_
Nets remaining: 11198
Finished routing net _3791_
Nets remaining: 11197
Finished routing net _3831_
Nets remaining: 11196
Finished routing net _3846_
Nets remaining: 11195
Finished routing net _3852_
Nets remaining: 11194
Finished routing net _3854_
Nets remaining: 11193
Finished routing net _3857_
Nets remaining: 11192
Finished routing net _3904_
Nets remaining: 11191
Finished routing net _3942_
Nets remaining: 11190
Finished routing net _3974_
Nets remaining: 11189
Finished routing net _4054_
Nets remaining: 11188
Finished routing net _4085_
Nets remaining: 11187
Finished routing net _4169_
Nets remaining: 11186
Finished routing net _4170_
Nets remaining: 11185
Finished routing net _4171_
Nets remaining: 11184
Finished routing net _4172_
Nets remaining: 11183
Finished routing net _4228_
Nets remaining: 11182
Finished routing net _4300_
Nets remaining: 11181
Finished routing net _4307_
Nets remaining: 11180
Finished routing net _4319_
Nets remaining: 11179
Finished routing net _4365_
Nets remaining: 11178
Finished routing net _4373_
Nets remaining: 11177
Finished routing net _4386_
Nets remaining: 11176
Finished routing net _4400_
Nets remaining: 11175
Finished routing net _4401_
Nets remaining: 11174
Finished routing net _4407_
Nets remaining: 11173
Finished routing net _4441_
Nets remaining: 11172
Finished routing net _4462_
Nets remaining: 11171
Finished routing net _4653_
Nets remaining: 11170
Finished routing net _4736_
Nets remaining: 11169
Finished routing net _4798_
Nets remaining: 11168
Finished routing net _4873_
Nets remaining: 11167
Finished routing net _4966_
Nets remaining: 11166
Finished routing net _5015_
Nets remaining: 11165
Finished routing net _5052_
Nets remaining: 11164
Finished routing net _5057_
Nets remaining: 11163
Finished routing net _5072_
Nets remaining: 11162
Finished routing net _5239_
Nets remaining: 11161
Finished routing net _5323_
Nets remaining: 11160
Finished routing net _5349_
Nets remaining: 11159
Finished routing net _5368_
Nets remaining: 11158
Finished routing net _5421_
Nets remaining: 11157
Finished routing net _5439_
Nets remaining: 11156
Finished routing net _5451_
Nets remaining: 11155
Finished routing net _5474_
Nets remaining: 11154
Finished routing net _5530_
Nets remaining: 11153
Finished routing net _5598_
Nets remaining: 11152
Finished routing net _5686_
Nets remaining: 11151
Finished routing net _5694_
Nets remaining: 11150
Finished routing net _5778_
Nets remaining: 11149
Finished routing net _6100_
Nets remaining: 11148
Finished routing net _6144_
Nets remaining: 11147
Finished routing net _6189_
Nets remaining: 11146
Finished routing net _6253_
Nets remaining: 11145
Finished routing net _6370_
Nets remaining: 11144
Finished routing net _6371_
Nets remaining: 11143
Finished routing net _6417_
Nets remaining: 11142
Finished routing net _6485_
Nets remaining: 11141
Finished routing net _6552_
Nets remaining: 11140
Finished routing net _6637_
Nets remaining: 11139
Finished routing net _6713_
Nets remaining: 11138
Finished routing net _7092_
Nets remaining: 11137
Finished routing net _7252_
Nets remaining: 11136
Finished routing net _7253_
Nets remaining: 11135
Finished routing net _7256_
Nets remaining: 11134
Finished routing net _7338_
Nets remaining: 11133
Finished routing net _7414_
Nets remaining: 11132
Finished routing net _7940_
Nets remaining: 11131
Finished routing net _7951_
Nets remaining: 11130
Finished routing net _7961_
Nets remaining: 11129
Finished routing net _8035_
Nets remaining: 11128
Finished routing net _8053_
Nets remaining: 11127
Finished routing net _8057_
Nets remaining: 11126
Finished routing net _8105_
Nets remaining: 11125
Finished routing net _8125_
Nets remaining: 11124
Finished routing net _8146_
Nets remaining: 11123
Finished routing net _8152_
Nets remaining: 11122
Finished routing net _8157_
Nets remaining: 11121
Finished routing net _8256_
Nets remaining: 11120
Finished routing net _8385_
Nets remaining: 11119
Finished routing net _8390_
Nets remaining: 11118
Finished routing net _8405_
Nets remaining: 11117
Finished routing net _8459_
Nets remaining: 11116
Finished routing net _8465_
Nets remaining: 11115
Finished routing net _8658_
Nets remaining: 11114
Finished routing net _8663_
Nets remaining: 11113
Finished routing net _8680_
Nets remaining: 11112
Finished routing net _8720_
Nets remaining: 11111
Finished routing net _8728_
Nets remaining: 11110
Failed to route net _8775_
Finished routing net _8778_
Nets remaining: 11109
Finished routing net _8806_
Nets remaining: 11108
Finished routing net _8822_
Nets remaining: 11107
Finished routing net _8843_
Nets remaining: 11106
Finished routing net _8895_
Nets remaining: 11105
Finished routing net _8899_
Nets remaining: 11104
Failed to route net _8964_
Finished routing net _8965_
Nets remaining: 11103
Finished routing net _9010_
Nets remaining: 11102
Finished routing net _9051_
Nets remaining: 11101
Finished routing net _9087_
Nets remaining: 11100
Finished routing net _9132_
Nets remaining: 11099
Finished routing net _9136_
Nets remaining: 11098
Finished routing net _9137_
Nets remaining: 11097
Finished routing net _9189_
Nets remaining: 11096
Finished routing net _9211_
Nets remaining: 11095
Finished routing net _9261_
Nets remaining: 11094
Finished routing net _9331_
Nets remaining: 11093
Finished routing net _9350_
Nets remaining: 11092
Finished routing net _9367_
Nets remaining: 11091
Finished routing net _9484_
Nets remaining: 11090
Finished routing net _9487_
Nets remaining: 11089
Finished routing net _9618_
Nets remaining: 11088
Finished routing net _9667_
Nets remaining: 11087
Finished routing net _9668_
Nets remaining: 11086
Failed to route net _9670_
Finished routing net _9674_
Nets remaining: 11085
Finished routing net _9687_
Nets remaining: 11084
Finished routing net _9707_
Nets remaining: 11083
Finished routing net _9768_
Nets remaining: 11082
Finished routing net _9818_
Nets remaining: 11081
Finished routing net _9819_
Nets remaining: 11080
Finished routing net _9830_
Nets remaining: 11079
Finished routing net _9850_
Nets remaining: 11078
Finished routing net _9882_
Nets remaining: 11077
Finished routing net _9988_
Nets remaining: 11076
Finished routing net _10009_
Nets remaining: 11075
Finished routing net _10056_
Nets remaining: 11074
Finished routing net _10079_
Nets remaining: 11073
Finished routing net _10096_
Nets remaining: 11072
Finished routing net _10108_
Nets remaining: 11071
Finished routing net _10169_
Nets remaining: 11070
Finished routing net _10298_
Nets remaining: 11069
Finished routing net _10320_
Nets remaining: 11068
Finished routing net _10351_
Nets remaining: 11067
Finished routing net _10562_
Nets remaining: 11066
Finished routing net _10605_
Nets remaining: 11065
Finished routing net _10616_
Nets remaining: 11064
Finished routing net _10674_
Nets remaining: 11063
Finished routing net _10702_
Nets remaining: 11062
Finished routing net _35_
Nets remaining: 11061
Finished routing net _10526_
Nets remaining: 11060
Finished routing net _10526__bF$buf0
Nets remaining: 11059
Finished routing net _10526__bF$buf1
Nets remaining: 11058
Finished routing net _4107_
Nets remaining: 11057
Finished routing net _4107__bF$buf0
Nets remaining: 11056
Finished routing net _4107__bF$buf1
Nets remaining: 11055
Finished routing net _4107__bF$buf2
Nets remaining: 11054
Finished routing net _10537_
Nets remaining: 11053
Finished routing net x2_r[0]
Nets remaining: 11052
Finished routing net _5514_
Nets remaining: 11051
Finished routing net _5546_
Nets remaining: 11050
Finished routing net _5568_
Nets remaining: 11049
Finished routing net _5644_
Nets remaining: 11048
Finished routing net x3_r[0]
Nets remaining: 11047
Finished routing net _5684_
Nets remaining: 11046
Finished routing net x3_r[2]
Nets remaining: 11045
Finished routing net _5827_
Nets remaining: 11044
Finished routing net _5871_
Nets remaining: 11043
Finished routing net x1_i[2]
Nets remaining: 11042
Finished routing net _5979_
Nets remaining: 11041
Finished routing net _6033_
Nets remaining: 11040
Finished routing net _6238_
Nets remaining: 11039
Finished routing net x7_r[3]
Nets remaining: 11038
Failed to route net x3_r[3]
Finished routing net _6570_
Nets remaining: 11037
Finished routing net x1_i[3]
Nets remaining: 11036
Finished routing net _6981_
Nets remaining: 11035
Finished routing net _7046_
Nets remaining: 11034
Finished routing net _7269_
Nets remaining: 11033
Finished routing net _7400_
Nets remaining: 11032
Finished routing net _7422_
Nets remaining: 11031
Finished routing net _7476_
Nets remaining: 11030
Finished routing net _7583_
Nets remaining: 11029
Finished routing net _7626_
Nets remaining: 11028
Finished routing net _7669_
Nets remaining: 11027
Finished routing net x7_r[5]
Nets remaining: 11026
Finished routing net _7734_
Nets remaining: 11025
Finished routing net x5_i[5]
Nets remaining: 11024
Finished routing net _7874_
Nets remaining: 11023
Finished routing net _7895_
Nets remaining: 11022
Finished routing net _7926_
Nets remaining: 11021
Finished routing net _8232_
Nets remaining: 11020
Failed to route net _8408_
Finished routing net _8529_
Nets remaining: 11019
Finished routing net _8672_
Nets remaining: 11018
Finished routing net _9067_
Nets remaining: 11017
Finished routing net _9144_
Nets remaining: 11016
Finished routing net _9187_
Nets remaining: 11015
Finished routing net _9811_
Nets remaining: 11014
Finished routing net _10095_
Nets remaining: 11013
Finished routing net _10225_
Nets remaining: 11012
Finished routing net _10367_
Nets remaining: 11011
Finished routing net x3_i[0]
Nets remaining: 11010
Finished routing net _10421_
Nets remaining: 11009
Finished routing net _10432_
Nets remaining: 11008
Finished routing net x5_r[0]
Nets remaining: 11007
Finished routing net _10453_
Nets remaining: 11006
Finished routing net _10463_
Nets remaining: 11005
Finished routing net _10482_
Nets remaining: 11004
Finished routing net _10493_
Nets remaining: 11003
Finished routing net _10590_
Nets remaining: 11002
Finished routing net x3_i[2]
Nets remaining: 11001
Finished routing net _10664_
Nets remaining: 11000
Finished routing net _9_
Nets remaining: 10999
Finished routing net x1_r[2]
Nets remaining: 10998
Finished routing net _105_
Nets remaining: 10997
Finished routing net _123_
Nets remaining: 10996
Finished routing net _208_
Nets remaining: 10995
Finished routing net _228_
Nets remaining: 10994
Finished routing net _249_
Nets remaining: 10993
Finished routing net _353_
Nets remaining: 10992
Finished routing net _570_
Nets remaining: 10991
Finished routing net _750_
Nets remaining: 10990
Finished routing net _788_
Nets remaining: 10989
Finished routing net x3_i[3]
Nets remaining: 10988
Finished routing net _809_
Nets remaining: 10987
Finished routing net _838_
Nets remaining: 10986
Finished routing net _906_
Nets remaining: 10985
Finished routing net x1_r[3]
Nets remaining: 10984
Finished routing net _925_
Nets remaining: 10983
Finished routing net _953_
Nets remaining: 10982
Finished routing net _1025_
Nets remaining: 10981
Finished routing net x7_i[4]
Nets remaining: 10980
Finished routing net _1430_
Nets remaining: 10979
Finished routing net _1449_
Nets remaining: 10978
Finished routing net x5_r[4]
Nets remaining: 10977
Finished routing net _1513_
Nets remaining: 10976
Finished routing net _1515_
Nets remaining: 10975
Finished routing net _1517_
Nets remaining: 10974
Finished routing net _1522_
Nets remaining: 10973
Finished routing net _1526_
Nets remaining: 10972
Finished routing net _1527_
Nets remaining: 10971
Finished routing net _1528_
Nets remaining: 10970
Finished routing net _1547_
Nets remaining: 10969
Finished routing net _1553_
Nets remaining: 10968
Finished routing net _1562_
Nets remaining: 10967
Finished routing net _1564_
Nets remaining: 10966
Finished routing net _1567_
Nets remaining: 10965
Finished routing net _1577_
Nets remaining: 10964
Finished routing net _1579_
Nets remaining: 10963
Finished routing net _1582_
Nets remaining: 10962
Finished routing net _1589_
Nets remaining: 10961
Finished routing net _1608_
Nets remaining: 10960
Finished routing net _1627_
Nets remaining: 10959
Finished routing net _1646_
Nets remaining: 10958
Finished routing net _1647_
Nets remaining: 10957
Finished routing net _1659_
Nets remaining: 10956
Finished routing net _1672_
Nets remaining: 10955
Finished routing net _1674_
Nets remaining: 10954
Finished routing net _1689_
Nets remaining: 10953
Failed to route net _1702_
Finished routing net _1707_
Nets remaining: 10952
Finished routing net _1713_
Nets remaining: 10951
Finished routing net _1716_
Nets remaining: 10950
Finished routing net _1756_
Nets remaining: 10949
Finished routing net _1758_
Nets remaining: 10948
Finished routing net _1763_
Nets remaining: 10947
Finished routing net _1765_
Nets remaining: 10946
Finished routing net _1775_
Nets remaining: 10945
Finished routing net _1780_
Nets remaining: 10944
Finished routing net _1782_
Nets remaining: 10943
Failed to route net _1784_
Finished routing net _1787_
Nets remaining: 10942
Finished routing net _1807_
Nets remaining: 10941
Finished routing net _1819_
Nets remaining: 10940
Finished routing net _1839_
Nets remaining: 10939
Finished routing net _1865_
Nets remaining: 10938
Finished routing net _1871_
Nets remaining: 10937
Finished routing net _1907_
Nets remaining: 10936
Finished routing net _1908_
Nets remaining: 10935
Finished routing net _1912_
Nets remaining: 10934
Finished routing net _1919_
Nets remaining: 10933
Finished routing net _1924_
Nets remaining: 10932
Finished routing net _1930_
Nets remaining: 10931
Finished routing net _1948_
Nets remaining: 10930
Finished routing net _1957_
Nets remaining: 10929
Finished routing net _1960_
Nets remaining: 10928
Finished routing net _1973_
Nets remaining: 10927
Finished routing net _1997_
Nets remaining: 10926
Finished routing net _2002_
Nets remaining: 10925
Finished routing net _2003_
Nets remaining: 10924
Finished routing net _2011_
Nets remaining: 10923
Finished routing net _2027_
Nets remaining: 10922
Finished routing net _2037_
Nets remaining: 10921
Finished routing net _2043_
Nets remaining: 10920
Finished routing net _2044_
Nets remaining: 10919
Finished routing net _2051_
Nets remaining: 10918
Finished routing net _2064_
Nets remaining: 10917
Finished routing net _2071_
Nets remaining: 10916
Finished routing net _2076_
Nets remaining: 10915
Finished routing net _2090_
Nets remaining: 10914
Finished routing net _2096_
Nets remaining: 10913
Finished routing net _2108_
Nets remaining: 10912
Finished routing net _2111_
Nets remaining: 10911
Finished routing net _2117_
Nets remaining: 10910
Finished routing net _2119_
Nets remaining: 10909
Finished routing net _2122_
Nets remaining: 10908
Finished routing net _2125_
Nets remaining: 10907
Finished routing net _2157_
Nets remaining: 10906
Finished routing net _2176_
Nets remaining: 10905
Finished routing net _2185_
Nets remaining: 10904
Finished routing net _2199_
Nets remaining: 10903
Finished routing net _2201_
Nets remaining: 10902
Finished routing net _2216_
Nets remaining: 10901
Finished routing net _2218_
Nets remaining: 10900
Finished routing net _2219_
Nets remaining: 10899
Finished routing net _2295_
Nets remaining: 10898
Finished routing net _2306_
Nets remaining: 10897
Finished routing net _2339_
Nets remaining: 10896
Finished routing net _2349_
Nets remaining: 10895
Finished routing net _2357_
Nets remaining: 10894
Finished routing net _2365_
Nets remaining: 10893
Finished routing net _2404_
Nets remaining: 10892
Finished routing net _2409_
Nets remaining: 10891
Finished routing net _2429_
Nets remaining: 10890
Finished routing net _2435_
Nets remaining: 10889
Finished routing net _2442_
Nets remaining: 10888
Finished routing net _2500_
Nets remaining: 10887
Finished routing net _2502_
Nets remaining: 10886
Finished routing net _2516_
Nets remaining: 10885
Finished routing net _2533_
Nets remaining: 10884
Finished routing net _2541_
Nets remaining: 10883
Finished routing net _2545_
Nets remaining: 10882
Finished routing net _2573_
Nets remaining: 10881
Finished routing net _2616_
Nets remaining: 10880
Finished routing net _2625_
Nets remaining: 10879
Finished routing net _2631_
Nets remaining: 10878
Finished routing net _2641_
Nets remaining: 10877
Finished routing net _2648_
Nets remaining: 10876
Finished routing net _2660_
Nets remaining: 10875
Finished routing net _2682_
Nets remaining: 10874
Finished routing net _2693_
Nets remaining: 10873
Finished routing net _2705_
Nets remaining: 10872
Finished routing net _2714_
Nets remaining: 10871
Finished routing net _2721_
Nets remaining: 10870
Finished routing net _2723_
Nets remaining: 10869
Finished routing net _2729_
Nets remaining: 10868
Finished routing net _2753_
Nets remaining: 10867
Finished routing net _2766_
Nets remaining: 10866
Finished routing net _2771_
Nets remaining: 10865
Finished routing net _2794_
Nets remaining: 10864
Finished routing net _2796_
Nets remaining: 10863
Finished routing net _2806_
Nets remaining: 10862
Finished routing net _2815_
Nets remaining: 10861
Finished routing net _2818_
Nets remaining: 10860
Finished routing net _2822_
Nets remaining: 10859
Finished routing net _2828_
Nets remaining: 10858
Finished routing net _2878_
Nets remaining: 10857
Finished routing net _2898_
Nets remaining: 10856
Finished routing net _2910_
Nets remaining: 10855
Finished routing net _2911_
Nets remaining: 10854
Finished routing net _2927_
Nets remaining: 10853
Finished routing net _2930_
Nets remaining: 10852
Finished routing net _2933_
Nets remaining: 10851
Finished routing net _2935_
Nets remaining: 10850
Finished routing net _2936_
Nets remaining: 10849
Finished routing net _2940_
Nets remaining: 10848
Finished routing net _2962_
Nets remaining: 10847
Finished routing net _2970_
Nets remaining: 10846
Finished routing net _2972_
Nets remaining: 10845
Finished routing net _2992_
Nets remaining: 10844
Finished routing net _3001_
Nets remaining: 10843
Finished routing net _3022_
Nets remaining: 10842
Finished routing net _3023_
Nets remaining: 10841
Finished routing net _3051_
Nets remaining: 10840
Finished routing net _3053_
Nets remaining: 10839
Finished routing net _3077_
Nets remaining: 10838
Finished routing net _3078_
Nets remaining: 10837
Finished routing net _3082_
Nets remaining: 10836
Finished routing net _3085_
Nets remaining: 10835
Finished routing net _3089_
Nets remaining: 10834
Finished routing net _3090_
Nets remaining: 10833
Finished routing net _3120_
Nets remaining: 10832
Finished routing net _3135_
Nets remaining: 10831
Finished routing net _3138_
Nets remaining: 10830
Finished routing net _3145_
Nets remaining: 10829
Finished routing net _3153_
Nets remaining: 10828
Finished routing net _3156_
Nets remaining: 10827
Finished routing net _3160_
Nets remaining: 10826
Finished routing net _3161_
Nets remaining: 10825
Finished routing net _3165_
Nets remaining: 10824
Finished routing net _3177_
Nets remaining: 10823
Failed to route net _3197_
Finished routing net _3225_
Nets remaining: 10822
Finished routing net _3244_
Nets remaining: 10821
Finished routing net _3278_
Nets remaining: 10820
Finished routing net _3320_
Nets remaining: 10819
Finished routing net _3331_
Nets remaining: 10818
Finished routing net x5_i[12]
Nets remaining: 10817
Finished routing net _3347_
Nets remaining: 10816
Finished routing net _3354_
Nets remaining: 10815
Finished routing net _3368_
Nets remaining: 10814
Finished routing net _3375_
Nets remaining: 10813
Finished routing net _3384_
Nets remaining: 10812
Finished routing net _3385_
Nets remaining: 10811
Finished routing net _3387_
Nets remaining: 10810
Finished routing net _3401_
Nets remaining: 10809
Finished routing net _3418_
Nets remaining: 10808
Finished routing net _3430_
Nets remaining: 10807
Finished routing net _3443_
Nets remaining: 10806
Finished routing net _3451_
Nets remaining: 10805
Finished routing net _3460_
Nets remaining: 10804
Finished routing net _3486_
Nets remaining: 10803
Finished routing net _3493_
Nets remaining: 10802
Finished routing net _3536_
Nets remaining: 10801
Finished routing net _3539_
Nets remaining: 10800
Finished routing net _3546_
Nets remaining: 10799
Finished routing net _3556_
Nets remaining: 10798
Finished routing net _3565_
Nets remaining: 10797
Finished routing net _3576_
Nets remaining: 10796
Finished routing net _3592_
Nets remaining: 10795
Finished routing net _3593_
Nets remaining: 10794
Finished routing net _3595_
Nets remaining: 10793
Finished routing net _3608_
Nets remaining: 10792
Finished routing net x4_i[4]
Nets remaining: 10791
Finished routing net _3621_
Nets remaining: 10790
Finished routing net _3659_
Nets remaining: 10789
Finished routing net _3669_
Nets remaining: 10788
Finished routing net x7_r[13]
Nets remaining: 10787
Finished routing net _3673_
Nets remaining: 10786
Finished routing net _3679_
Nets remaining: 10785
Finished routing net x5_i[13]
Nets remaining: 10784
Finished routing net _3683_
Nets remaining: 10783
Finished routing net _3691_
Nets remaining: 10782
Finished routing net _3716_
Nets remaining: 10781
Finished routing net _3721_
Nets remaining: 10780
Finished routing net _3726_
Nets remaining: 10779
Finished routing net _3736_
Nets remaining: 10778
Finished routing net _3765_
Nets remaining: 10777
Finished routing net _3769_
Nets remaining: 10776
Finished routing net _3779_
Nets remaining: 10775
Finished routing net _3781_
Nets remaining: 10774
Failed to route net _3786_
Finished routing net _3809_
Nets remaining: 10773
Finished routing net _3811_
Nets remaining: 10772
Finished routing net _3816_
Nets remaining: 10771
Finished routing net _3843_
Nets remaining: 10770
Finished routing net _3844_
Nets remaining: 10769
Finished routing net _3848_
Nets remaining: 10768
Finished routing net _3850_
Nets remaining: 10767
Finished routing net _3851_
Nets remaining: 10766
Finished routing net _3874_
Nets remaining: 10765
Finished routing net _3885_
Nets remaining: 10764
Finished routing net _3891_
Nets remaining: 10763
Finished routing net _3898_
Nets remaining: 10762
Finished routing net _3899_
Nets remaining: 10761
Finished routing net _3914_
Nets remaining: 10760
Finished routing net _3919_
Nets remaining: 10759
Finished routing net _3939_
Nets remaining: 10758
Finished routing net _3969_
Nets remaining: 10757
Finished routing net _3971_
Nets remaining: 10756
Finished routing net _3985_
Nets remaining: 10755
Finished routing net _3986_
Nets remaining: 10754
Finished routing net _3993_
Nets remaining: 10753
Finished routing net _3996_
Nets remaining: 10752
Finished routing net _4004_
Nets remaining: 10751
Finished routing net _4017_
Nets remaining: 10750
Finished routing net _4022_
Nets remaining: 10749
Finished routing net _4035_
Nets remaining: 10748
Finished routing net _4039_
Nets remaining: 10747
Finished routing net _4048_
Nets remaining: 10746
Finished routing net _4049_
Nets remaining: 10745
Finished routing net _4077_
Nets remaining: 10744
Finished routing net _4083_
Nets remaining: 10743
Finished routing net _4086_
Nets remaining: 10742
Finished routing net _4091_
Nets remaining: 10741
Finished routing net _4101_
Nets remaining: 10740
Finished routing net _4118_
Nets remaining: 10739
Finished routing net _4124_
Nets remaining: 10738
Finished routing net _4140_
Nets remaining: 10737
Finished routing net _4148_
Nets remaining: 10736
Finished routing net _4153_
Nets remaining: 10735
Finished routing net _4167_
Nets remaining: 10734
Finished routing net _4176_
Nets remaining: 10733
Finished routing net _4211_
Nets remaining: 10732
Finished routing net _4227_
Nets remaining: 10731
Finished routing net _4247_
Nets remaining: 10730
Finished routing net _4278_
Nets remaining: 10729
Finished routing net _4281_
Nets remaining: 10728
Finished routing net _4296_
Nets remaining: 10727
Finished routing net _4298_
Nets remaining: 10726
Finished routing net _4306_
Nets remaining: 10725
Finished routing net _4320_
Nets remaining: 10724
Finished routing net _4328_
Nets remaining: 10723
Finished routing net _4343_
Nets remaining: 10722
Finished routing net _4348_
Nets remaining: 10721
Finished routing net _4353_
Nets remaining: 10720
Finished routing net _4355_
Nets remaining: 10719
Finished routing net _4358_
Nets remaining: 10718
Finished routing net _4364_
Nets remaining: 10717
Finished routing net _4372_
Nets remaining: 10716
Finished routing net _4420_
Nets remaining: 10715
Finished routing net _4430_
Nets remaining: 10714
Finished routing net _4442_
Nets remaining: 10713
Finished routing net _4445_
Nets remaining: 10712
Finished routing net _4446_
Nets remaining: 10711
Finished routing net _4450_
Nets remaining: 10710
Finished routing net _4488_
Nets remaining: 10709
Finished routing net _4541_
Nets remaining: 10708
Finished routing net _4560_
Nets remaining: 10707
Finished routing net _4610_
Nets remaining: 10706
Finished routing net _4612_
Nets remaining: 10705
Finished routing net _4614_
Nets remaining: 10704
Finished routing net _4616_
Nets remaining: 10703
Finished routing net _4622_
Nets remaining: 10702
Finished routing net _4627_
Nets remaining: 10701
Finished routing net _4631_
Nets remaining: 10700
Finished routing net _4634_
Nets remaining: 10699
Finished routing net _4636_
Nets remaining: 10698
Finished routing net _4640_
Nets remaining: 10697
Finished routing net _4660_
Nets remaining: 10696
Finished routing net _4672_
Nets remaining: 10695
Finished routing net _4673_
Nets remaining: 10694
Finished routing net _4675_
Nets remaining: 10693
Finished routing net _4684_
Nets remaining: 10692
Finished routing net _4709_
Nets remaining: 10691
Finished routing net _4715_
Nets remaining: 10690
Finished routing net _4722_
Nets remaining: 10689
Finished routing net _4737_
Nets remaining: 10688
Finished routing net _4756_
Nets remaining: 10687
Finished routing net _4780_
Nets remaining: 10686
Finished routing net _4782_
Nets remaining: 10685
Finished routing net _4783_
Nets remaining: 10684
Finished routing net _4787_
Nets remaining: 10683
Finished routing net _4797_
Nets remaining: 10682
Finished routing net _4807_
Nets remaining: 10681
Finished routing net _4816_
Nets remaining: 10680
Finished routing net _4821_
Nets remaining: 10679
Finished routing net _4827_
Nets remaining: 10678
Finished routing net _4838_
Nets remaining: 10677
Finished routing net _4845_
Nets remaining: 10676
Finished routing net _4850_
Nets remaining: 10675
Finished routing net _4855_
Nets remaining: 10674
Finished routing net _4881_
Nets remaining: 10673
Finished routing net _4882_
Nets remaining: 10672
Finished routing net _4885_
Nets remaining: 10671
Finished routing net _4887_
Nets remaining: 10670
Failed to route net _4901_
Finished routing net _4916_
Nets remaining: 10669
Finished routing net _4975_
Nets remaining: 10668
Finished routing net _4995_
Nets remaining: 10667
Finished routing net _5003_
Nets remaining: 10666
Finished routing net _5016_
Nets remaining: 10665
Finished routing net _5017_
Nets remaining: 10664
Finished routing net _5019_
Nets remaining: 10663
Finished routing net _5020_
Nets remaining: 10662
Finished routing net _5035_
Nets remaining: 10661
Finished routing net _5047_
Nets remaining: 10660
Finished routing net _5067_
Nets remaining: 10659
Finished routing net _5068_
Nets remaining: 10658
Finished routing net _5094_
Nets remaining: 10657
Finished routing net _5148_
Nets remaining: 10656
Finished routing net _5165_
Nets remaining: 10655
Finished routing net _5166_
Nets remaining: 10654
Finished routing net _5169_
Nets remaining: 10653
Finished routing net _5170_
Nets remaining: 10652
Finished routing net _5177_
Nets remaining: 10651
Finished routing net _5185_
Nets remaining: 10650
Finished routing net _5247_
Nets remaining: 10649
Finished routing net _5250_
Nets remaining: 10648
Finished routing net _5292_
Nets remaining: 10647
Finished routing net _5297_
Nets remaining: 10646
Finished routing net _5299_
Nets remaining: 10645
Finished routing net _5343_
Nets remaining: 10644
Finished routing net _5397_
Nets remaining: 10643
Finished routing net _5429_
Nets remaining: 10642
Finished routing net _5438_
Nets remaining: 10641
Finished routing net _5444_
Nets remaining: 10640
Finished routing net _5450_
Nets remaining: 10639
Finished routing net _5486_
Nets remaining: 10638
Finished routing net _5491_
Nets remaining: 10637
Finished routing net _5520_
Nets remaining: 10636
Finished routing net _5522_
Nets remaining: 10635
Finished routing net _5526_
Nets remaining: 10634
Finished routing net _5538_
Nets remaining: 10633
Finished routing net _5552_
Nets remaining: 10632
Finished routing net _5571_
Nets remaining: 10631
Finished routing net _5578_
Nets remaining: 10630
Finished routing net _5603_
Nets remaining: 10629
Finished routing net _5613_
Nets remaining: 10628
Finished routing net _5626_
Nets remaining: 10627
Finished routing net x2_i[0]
Nets remaining: 10626
Finished routing net _5688_
Nets remaining: 10625
Finished routing net _5690_
Nets remaining: 10624
Finished routing net _5691_
Nets remaining: 10623
Finished routing net _5726_
Nets remaining: 10622
Finished routing net _5740_
Nets remaining: 10621
Finished routing net _5763_
Nets remaining: 10620
Finished routing net _5785_
Nets remaining: 10619
Finished routing net _5899_
Nets remaining: 10618
Finished routing net _5902_
Nets remaining: 10617
Finished routing net _5919_
Nets remaining: 10616
Finished routing net _5940_
Nets remaining: 10615
Finished routing net _6073_
Nets remaining: 10614
Finished routing net _6090_
Nets remaining: 10613
Finished routing net _6109_
Nets remaining: 10612
Finished routing net _6125_
Nets remaining: 10611
Finished routing net _6143_
Nets remaining: 10610
Finished routing net _6148_
Nets remaining: 10609
Finished routing net _6177_
Nets remaining: 10608
Finished routing net _6196_
Nets remaining: 10607
Finished routing net _6206_
Nets remaining: 10606
Finished routing net _6229_
Nets remaining: 10605
Finished routing net _6248_
Nets remaining: 10604
Finished routing net _6250_
Nets remaining: 10603
Finished routing net _6285_
Nets remaining: 10602
Finished routing net _6302_
Nets remaining: 10601
Finished routing net _6308_
Nets remaining: 10600
Finished routing net _6351_
Nets remaining: 10599
Finished routing net _6376_
Nets remaining: 10598
Finished routing net _6424_
Nets remaining: 10597
Finished routing net _6428_
Nets remaining: 10596
Finished routing net _6464_
Nets remaining: 10595
Finished routing net _6473_
Nets remaining: 10594
Finished routing net _6549_
Nets remaining: 10593
Finished routing net _6554_
Nets remaining: 10592
Finished routing net _6568_
Nets remaining: 10591
Finished routing net _6572_
Nets remaining: 10590
Finished routing net _6576_
Nets remaining: 10589
Finished routing net _6615_
Nets remaining: 10588
Finished routing net _6641_
Nets remaining: 10587
Finished routing net _6644_
Nets remaining: 10586
Finished routing net _6648_
Nets remaining: 10585
Finished routing net _6686_
Nets remaining: 10584
Finished routing net _6724_
Nets remaining: 10583
Finished routing net _6726_
Nets remaining: 10582
Finished routing net _6736_
Nets remaining: 10581
Finished routing net _6756_
Nets remaining: 10580
Finished routing net _6819_
Nets remaining: 10579
Finished routing net _6826_
Nets remaining: 10578
Finished routing net _6844_
Nets remaining: 10577
Finished routing net _6856_
Nets remaining: 10576
Finished routing net _6860_
Nets remaining: 10575
Finished routing net _6881_
Nets remaining: 10574
Finished routing net _6908_
Nets remaining: 10573
Finished routing net _6914_
Nets remaining: 10572
Finished routing net _6930_
Nets remaining: 10571
Finished routing net _6945_
Nets remaining: 10570
Finished routing net _6950_
Nets remaining: 10569
Finished routing net _6984_
Nets remaining: 10568
Finished routing net _6996_
Nets remaining: 10567
Finished routing net _6999_
Nets remaining: 10566
Finished routing net _7009_
Nets remaining: 10565
Finished routing net _7052_
Nets remaining: 10564
Finished routing net _7164_
Nets remaining: 10563
Finished routing net _7181_
Nets remaining: 10562
Finished routing net _7199_
Nets remaining: 10561
Finished routing net _7202_
Nets remaining: 10560
Finished routing net _7259_
Nets remaining: 10559
Finished routing net _7273_
Nets remaining: 10558
Finished routing net _7276_
Nets remaining: 10557
Finished routing net _7281_
Nets remaining: 10556
Finished routing net _7317_
Nets remaining: 10555
Finished routing net _7342_
Nets remaining: 10554
Finished routing net _7344_
Nets remaining: 10553
Finished routing net _7348_
Nets remaining: 10552
Finished routing net _7387_
Nets remaining: 10551
Finished routing net _7426_
Nets remaining: 10550
Finished routing net _7430_
Nets remaining: 10549
Finished routing net _7440_
Nets remaining: 10548
Finished routing net _7460_
Nets remaining: 10547
Finished routing net _7522_
Nets remaining: 10546
Finished routing net _7528_
Nets remaining: 10545
Finished routing net _7546_
Nets remaining: 10544
Finished routing net _7557_
Nets remaining: 10543
Finished routing net _7561_
Nets remaining: 10542
Finished routing net _7587_
Nets remaining: 10541
Finished routing net _7603_
Nets remaining: 10540
Finished routing net _7610_
Nets remaining: 10539
Finished routing net _7630_
Nets remaining: 10538
Finished routing net _7643_
Nets remaining: 10537
Finished routing net _7647_
Nets remaining: 10536
Finished routing net _7677_
Nets remaining: 10535
Finished routing net _7689_
Nets remaining: 10534
Finished routing net _7693_
Nets remaining: 10533
Finished routing net _7703_
Nets remaining: 10532
Finished routing net _7746_
Nets remaining: 10531
Finished routing net _7770_
Nets remaining: 10530
Finished routing net _7780_
Nets remaining: 10529
Finished routing net _7783_
Nets remaining: 10528
Finished routing net _7845_
Nets remaining: 10527
Finished routing net _7959_
Nets remaining: 10526
Finished routing net _7963_
Nets remaining: 10525
Finished routing net _7977_
Nets remaining: 10524
Finished routing net _7984_
Nets remaining: 10523
Finished routing net _7992_
Nets remaining: 10522
Finished routing net _8011_
Nets remaining: 10521
Finished routing net _8027_
Nets remaining: 10520
Finished routing net _8032_
Nets remaining: 10519
Finished routing net _8038_
Nets remaining: 10518
Finished routing net _8041_
Nets remaining: 10517
Finished routing net _8065_
Nets remaining: 10516
Finished routing net _8070_
Nets remaining: 10515
Finished routing net _8077_
Nets remaining: 10514
Finished routing net _8096_
Nets remaining: 10513
Finished routing net _8117_
Nets remaining: 10512
Finished routing net _8145_
Nets remaining: 10511
Finished routing net _8147_
Nets remaining: 10510
Finished routing net _8149_
Nets remaining: 10509
Finished routing net _8181_
Nets remaining: 10508
Finished routing net _8183_
Nets remaining: 10507
Finished routing net _8185_
Nets remaining: 10506
Finished routing net _8193_
Nets remaining: 10505
Finished routing net _8200_
Nets remaining: 10504
Finished routing net _8205_
Nets remaining: 10503
Finished routing net _8214_
Nets remaining: 10502
Finished routing net _8219_
Nets remaining: 10501
Finished routing net _8226_
Nets remaining: 10500
Finished routing net _8242_
Nets remaining: 10499
Finished routing net _8266_
Nets remaining: 10498
Finished routing net _8271_
Nets remaining: 10497
Finished routing net _8279_
Nets remaining: 10496
Finished routing net _8332_
Nets remaining: 10495
Finished routing net _8363_
Nets remaining: 10494
Finished routing net _8369_
Nets remaining: 10493
Finished routing net _8374_
Nets remaining: 10492
Finished routing net _8380_
Nets remaining: 10491
Finished routing net _8392_
Nets remaining: 10490
Finished routing net _8418_
Nets remaining: 10489
Finished routing net _8423_
Nets remaining: 10488
Finished routing net _8424_
Nets remaining: 10487
Finished routing net _8427_
Nets remaining: 10486
Finished routing net _8434_
Nets remaining: 10485
Finished routing net _8438_
Nets remaining: 10484
Finished routing net _8445_
Nets remaining: 10483
Finished routing net _8467_
Nets remaining: 10482
Finished routing net _8475_
Nets remaining: 10481
Finished routing net _8497_
Nets remaining: 10480
Finished routing net _8498_
Nets remaining: 10479
Finished routing net _8516_
Nets remaining: 10478
Finished routing net _8520_
Nets remaining: 10477
Finished routing net _8547_
Nets remaining: 10476
Finished routing net _8553_
Nets remaining: 10475
Finished routing net _8561_
Nets remaining: 10474
Finished routing net _8587_
Nets remaining: 10473
Finished routing net _8596_
Nets remaining: 10472
Finished routing net _8600_
Nets remaining: 10471
Finished routing net _8605_
Nets remaining: 10470
Finished routing net _8608_
Nets remaining: 10469
Finished routing net _8612_
Nets remaining: 10468
Finished routing net _8627_
Nets remaining: 10467
Finished routing net _8648_
Nets remaining: 10466
Finished routing net _8659_
Nets remaining: 10465
Finished routing net _8665_
Nets remaining: 10464
Finished routing net _8675_
Nets remaining: 10463
Finished routing net _8688_
Nets remaining: 10462
Finished routing net _8704_
Nets remaining: 10461
Finished routing net _8706_
Nets remaining: 10460
Finished routing net _8734_
Nets remaining: 10459
Finished routing net _8747_
Nets remaining: 10458
Finished routing net _8748_
Nets remaining: 10457
Finished routing net _8750_
Nets remaining: 10456
Finished routing net _8765_
Nets remaining: 10455
Finished routing net _8798_
Nets remaining: 10454
Finished routing net _8819_
Nets remaining: 10453
Finished routing net _8820_
Nets remaining: 10452
Finished routing net _8824_
Nets remaining: 10451
Finished routing net _8882_
Nets remaining: 10450
Finished routing net _8885_
Nets remaining: 10449
Finished routing net _8888_
Nets remaining: 10448
Finished routing net _8927_
Nets remaining: 10447
Finished routing net _8935_
Nets remaining: 10446
Finished routing net _8940_
Nets remaining: 10445
Finished routing net _8941_
Nets remaining: 10444
Finished routing net _8952_
Nets remaining: 10443
Finished routing net _8963_
Nets remaining: 10442
Finished routing net _8967_
Nets remaining: 10441
Finished routing net _8981_
Nets remaining: 10440
Finished routing net _8984_
Nets remaining: 10439
Finished routing net _9004_
Nets remaining: 10438
Finished routing net _9017_
Nets remaining: 10437
Finished routing net _9020_
Nets remaining: 10436
Finished routing net _9036_
Nets remaining: 10435
Finished routing net _9058_
Nets remaining: 10434
Finished routing net _9062_
Nets remaining: 10433
Finished routing net _9069_
Nets remaining: 10432
Finished routing net _9083_
Nets remaining: 10431
Finished routing net _9086_
Nets remaining: 10430
Finished routing net _9091_
Nets remaining: 10429
Finished routing net _9095_
Nets remaining: 10428
Finished routing net _9101_
Nets remaining: 10427
Finished routing net _9105_
Nets remaining: 10426
Finished routing net _9124_
Nets remaining: 10425
Finished routing net _9129_
Nets remaining: 10424
Finished routing net _9182_
Nets remaining: 10423
Finished routing net _9184_
Nets remaining: 10422
Finished routing net _9186_
Nets remaining: 10421
Finished routing net _9192_
Nets remaining: 10420
Finished routing net _9205_
Nets remaining: 10419
Finished routing net _9216_
Nets remaining: 10418
Finished routing net _9228_
Nets remaining: 10417
Finished routing net _9233_
Nets remaining: 10416
Finished routing net _9235_
Nets remaining: 10415
Finished routing net _9250_
Nets remaining: 10414
Finished routing net _9251_
Nets remaining: 10413
Finished routing net _9255_
Nets remaining: 10412
Finished routing net _9257_
Nets remaining: 10411
Finished routing net _9267_
Nets remaining: 10410
Finished routing net _9268_
Nets remaining: 10409
Finished routing net _9296_
Nets remaining: 10408
Finished routing net _9316_
Nets remaining: 10407
Finished routing net _9318_
Nets remaining: 10406
Finished routing net _9320_
Nets remaining: 10405
Finished routing net _9321_
Nets remaining: 10404
Finished routing net _9325_
Nets remaining: 10403
Finished routing net _9336_
Nets remaining: 10402
Finished routing net _9348_
Nets remaining: 10401
Finished routing net _9357_
Nets remaining: 10400
Finished routing net _9361_
Nets remaining: 10399
Finished routing net _9365_
Nets remaining: 10398
Finished routing net _9382_
Nets remaining: 10397
Finished routing net _9388_
Nets remaining: 10396
Finished routing net _9396_
Nets remaining: 10395
Finished routing net _9423_
Nets remaining: 10394
Finished routing net _9432_
Nets remaining: 10393
Finished routing net _9437_
Nets remaining: 10392
Finished routing net _9449_
Nets remaining: 10391
Finished routing net _9457_
Nets remaining: 10390
Finished routing net _9464_
Nets remaining: 10389
Finished routing net _9486_
Nets remaining: 10388
Finished routing net _9490_
Nets remaining: 10387
Finished routing net _9506_
Nets remaining: 10386
Finished routing net _9523_
Nets remaining: 10385
Finished routing net _9542_
Nets remaining: 10384
Finished routing net _9549_
Nets remaining: 10383
Finished routing net _9552_
Nets remaining: 10382
Finished routing net _9558_
Nets remaining: 10381
Finished routing net _9564_
Nets remaining: 10380
Finished routing net _9596_
Nets remaining: 10379
Finished routing net _9606_
Nets remaining: 10378
Finished routing net _9607_
Nets remaining: 10377
Finished routing net _9659_
Nets remaining: 10376
Finished routing net _9665_
Nets remaining: 10375
Finished routing net _9681_
Nets remaining: 10374
Finished routing net _9705_
Nets remaining: 10373
Finished routing net _9706_
Nets remaining: 10372
Finished routing net _9710_
Nets remaining: 10371
Finished routing net _9735_
Nets remaining: 10370
Finished routing net _9748_
Nets remaining: 10369
Finished routing net _9760_
Nets remaining: 10368
Finished routing net _9762_
Nets remaining: 10367
Failed to route net _9820_
Finished routing net _9821_
Nets remaining: 10366
Finished routing net _9840_
Nets remaining: 10365
Finished routing net _9856_
Nets remaining: 10364
Finished routing net _9862_
Nets remaining: 10363
Finished routing net _9864_
Nets remaining: 10362
Finished routing net _9886_
Nets remaining: 10361
Finished routing net _9893_
Nets remaining: 10360
Finished routing net _9914_
Nets remaining: 10359
Finished routing net _9917_
Nets remaining: 10358
Finished routing net _9918_
Nets remaining: 10357
Finished routing net _9951_
Nets remaining: 10356
Finished routing net _9958_
Nets remaining: 10355
Finished routing net _9966_
Nets remaining: 10354
Finished routing net _9983_
Nets remaining: 10353
Finished routing net _9984_
Nets remaining: 10352
Finished routing net _9985_
Nets remaining: 10351
Finished routing net _9987_
Nets remaining: 10350
Finished routing net _9989_
Nets remaining: 10349
Finished routing net _9994_
Nets remaining: 10348
Finished routing net _10012_
Nets remaining: 10347
Finished routing net _10019_
Nets remaining: 10346
Finished routing net _10020_
Nets remaining: 10345
Finished routing net _10021_
Nets remaining: 10344
Finished routing net _10037_
Nets remaining: 10343
Finished routing net _10048_
Nets remaining: 10342
Finished routing net _10055_
Nets remaining: 10341
Finished routing net _10088_
Nets remaining: 10340
Finished routing net _10091_
Nets remaining: 10339
Finished routing net _10092_
Nets remaining: 10338
Finished routing net _10107_
Nets remaining: 10337
Finished routing net _10142_
Nets remaining: 10336
Finished routing net _10148_
Nets remaining: 10335
Finished routing net _10175_
Nets remaining: 10334
Finished routing net _10178_
Nets remaining: 10333
Finished routing net _10183_
Nets remaining: 10332
Finished routing net _10184_
Nets remaining: 10331
Finished routing net _10215_
Nets remaining: 10330
Finished routing net _10282_
Nets remaining: 10329
Finished routing net _10294_
Nets remaining: 10328
Finished routing net _10309_
Nets remaining: 10327
Finished routing net _10312_
Nets remaining: 10326
Finished routing net _10330_
Nets remaining: 10325
Finished routing net _10337_
Nets remaining: 10324
Finished routing net _10341_
Nets remaining: 10323
Finished routing net _10346_
Nets remaining: 10322
Finished routing net _10365_
Nets remaining: 10321
Finished routing net _10411_
Nets remaining: 10320
Finished routing net _10429_
Nets remaining: 10319
Finished routing net _10430_
Nets remaining: 10318
Finished routing net _10437_
Nets remaining: 10317
Finished routing net _10440_
Nets remaining: 10316
Finished routing net _10461_
Nets remaining: 10315
Finished routing net _10477_
Nets remaining: 10314
Finished routing net _10489_
Nets remaining: 10313
Finished routing net _10499_
Nets remaining: 10312
Finished routing net _10500_
Nets remaining: 10311
Finished routing net _10514_
Nets remaining: 10310
Finished routing net _10538_
Nets remaining: 10309
Finished routing net _10659_
Nets remaining: 10308
Finished routing net _10669_
Nets remaining: 10307
Finished routing net _10705_
Nets remaining: 10306
Failed to route net _10721_
Finished routing net _5_
Nets remaining: 10305
Finished routing net _17_
Nets remaining: 10304
Finished routing net _28_
Nets remaining: 10303
Finished routing net _47_
Nets remaining: 10302
Finished routing net _83_
Nets remaining: 10301
Finished routing net _85_
Nets remaining: 10300
Finished routing net _109_
Nets remaining: 10299
Finished routing net _114_
Nets remaining: 10298
Finished routing net _137_
Nets remaining: 10297
Finished routing net _143_
Nets remaining: 10296
Finished routing net _173_
Nets remaining: 10295
Finished routing net _205_
Nets remaining: 10294
Finished routing net _220_
Nets remaining: 10293
Finished routing net _240_
Nets remaining: 10292
Finished routing net _248_
Nets remaining: 10291
Finished routing net _267_
Nets remaining: 10290
Finished routing net _273_
Nets remaining: 10289
Finished routing net _298_
Nets remaining: 10288
Finished routing net _317_
Nets remaining: 10287
Finished routing net _332_
Nets remaining: 10286
Finished routing net _347_
Nets remaining: 10285
Finished routing net _363_
Nets remaining: 10284
Finished routing net _385_
Nets remaining: 10283
Finished routing net _391_
Nets remaining: 10282
Finished routing net _421_
Nets remaining: 10281
Finished routing net _455_
Nets remaining: 10280
Finished routing net _469_
Nets remaining: 10279
Finished routing net _490_
Nets remaining: 10278
Finished routing net _500_
Nets remaining: 10277
Finished routing net _519_
Nets remaining: 10276
Finished routing net _524_
Nets remaining: 10275
Finished routing net _546_
Nets remaining: 10274
Finished routing net _564_
Nets remaining: 10273
Finished routing net _580_
Nets remaining: 10272
Finished routing net _594_
Nets remaining: 10271
Finished routing net _1155_
Nets remaining: 10270
Finished routing net _1294_
Nets remaining: 10269
Finished routing net x6_r[0]
Nets remaining: 10268
Finished routing net _5503_
Nets remaining: 10267
Finished routing net _5535_
Nets remaining: 10266
Finished routing net _5557_
Nets remaining: 10265
Finished routing net _5579_
Nets remaining: 10264
Finished routing net _5622_
Nets remaining: 10263
Finished routing net _5633_
Nets remaining: 10262
Finished routing net x7_r[0]
Nets remaining: 10261
Finished routing net _5655_
Nets remaining: 10260
Finished routing net x5_i[0]
Nets remaining: 10259
Finished routing net _5706_
Nets remaining: 10258
Finished routing net x1_i[0]
Nets remaining: 10257
Finished routing net _5717_
Nets remaining: 10256
Finished routing net _5728_
Nets remaining: 10255
Finished routing net _5761_
Nets remaining: 10254
Failed to route net x7_r[2]
Finished routing net _5816_
Nets remaining: 10253
Finished routing net _5849_
Nets remaining: 10252
Finished routing net _5892_
Nets remaining: 10251
Finished routing net _5924_
Nets remaining: 10250
Finished routing net _5935_
Nets remaining: 10249
Failed to route net x5_i[2]
Finished routing net _5957_
Nets remaining: 10248
Finished routing net _5968_
Nets remaining: 10247
Finished routing net _6022_
Nets remaining: 10246
Finished routing net _6043_
Nets remaining: 10245
Finished routing net _6076_
Nets remaining: 10244
Finished routing net _6097_
Nets remaining: 10243
Finished routing net _6119_
Nets remaining: 10242
Finished routing net _6216_
Nets remaining: 10241
Finished routing net _6227_
Nets remaining: 10240
Finished routing net _6249_
Nets remaining: 10239
Finished routing net _6259_
Nets remaining: 10238
Finished routing net _6498_
Nets remaining: 10237
Finished routing net _6548_
Nets remaining: 10236
Finished routing net _6559_
Nets remaining: 10235
Finished routing net _6581_
Nets remaining: 10234
Finished routing net _6592_
Nets remaining: 10233
Finished routing net _6614_
Nets remaining: 10232
Finished routing net x5_i[3]
Nets remaining: 10231
Finished routing net _6647_
Nets remaining: 10230
Finished routing net _6691_
Nets remaining: 10229
Finished routing net _6701_
Nets remaining: 10228
Finished routing net _6712_
Nets remaining: 10227
Finished routing net _6723_
Nets remaining: 10226
Finished routing net _6744_
Nets remaining: 10225
Finished routing net _6755_
Nets remaining: 10224
Finished routing net _6766_
Nets remaining: 10223
Finished routing net _6874_
Nets remaining: 10222
Finished routing net _6949_
Nets remaining: 10221
Finished routing net _7067_
Nets remaining: 10220
Finished routing net x7_r[4]
Nets remaining: 10219
Finished routing net _7100_
Nets remaining: 10218
Finished routing net _7122_
Nets remaining: 10217
Finished routing net _7175_
Nets remaining: 10216
Finished routing net _7197_
Nets remaining: 10215
Finished routing net x5_i[4]
Nets remaining: 10214
Finished routing net _7229_
Nets remaining: 10213
Finished routing net _7248_
Nets remaining: 10212
Finished routing net _7291_
Nets remaining: 10211
Finished routing net _7648_
Nets remaining: 10210
Finished routing net x3_r[5]
Nets remaining: 10209
Finished routing net _7702_
Nets remaining: 10208
Finished routing net _7712_
Nets remaining: 10207
Finished routing net _7723_
Nets remaining: 10206
Finished routing net _7745_
Nets remaining: 10205
Finished routing net x1_i[5]
Nets remaining: 10204
Finished routing net _7831_
Nets remaining: 10203
Finished routing net _7968_
Nets remaining: 10202
Finished routing net _8001_
Nets remaining: 10201
Finished routing net _8023_
Nets remaining: 10200
Finished routing net _8122_
Nets remaining: 10199
Finished routing net _8144_
Nets remaining: 10198
Finished routing net _8177_
Nets remaining: 10197
Finished routing net _8254_
Nets remaining: 10196
Finished routing net _8287_
Nets remaining: 10195
Finished routing net _8320_
Nets remaining: 10194
Finished routing net _8331_
Nets remaining: 10193
Finished routing net _8342_
Nets remaining: 10192
Finished routing net _8386_
Nets remaining: 10191
Finished routing net _8485_
Nets remaining: 10190
Finished routing net _8562_
Nets remaining: 10189
Finished routing net _8694_
Nets remaining: 10188
Finished routing net _9001_
Nets remaining: 10187
Finished routing net _9012_
Nets remaining: 10186
Finished routing net _9034_
Nets remaining: 10185
Finished routing net _9056_
Nets remaining: 10184
Finished routing net _9122_
Nets remaining: 10183
Finished routing net _9198_
Nets remaining: 10182
Finished routing net _9264_
Nets remaining: 10181
Finished routing net _9275_
Nets remaining: 10180
Finished routing net _9297_
Nets remaining: 10179
Finished routing net _9319_
Nets remaining: 10178
Finished routing net _9341_
Nets remaining: 10177
Finished routing net _9428_
Nets remaining: 10176
Finished routing net _9527_
Nets remaining: 10175
Finished routing net _9559_
Nets remaining: 10174
Finished routing net _9636_
Nets remaining: 10173
Finished routing net _9669_
Nets remaining: 10172
Finished routing net _9680_
Nets remaining: 10171
Finished routing net _9691_
Nets remaining: 10170
Finished routing net _9701_
Nets remaining: 10169
Finished routing net _9789_
Nets remaining: 10168
Finished routing net _9822_
Nets remaining: 10167
Finished routing net _9833_
Nets remaining: 10166
Finished routing net _9844_
Nets remaining: 10165
Finished routing net _9975_
Nets remaining: 10164
Finished routing net _10008_
Nets remaining: 10163
Finished routing net _10029_
Nets remaining: 10162
Finished routing net _10073_
Nets remaining: 10161
Finished routing net _10117_
Nets remaining: 10160
Finished routing net _10171_
Nets remaining: 10159
Finished routing net _10182_
Nets remaining: 10158
Finished routing net _10236_
Nets remaining: 10157
Finished routing net _10258_
Nets remaining: 10156
Finished routing net _10269_
Nets remaining: 10155
Finished routing net _10356_
Nets remaining: 10154
Finished routing net x7_i[0]
Nets remaining: 10153
Finished routing net _10399_
Nets remaining: 10152
Finished routing net _10471_
Nets remaining: 10151
Finished routing net _10504_
Nets remaining: 10150
Finished routing net _10558_
Nets remaining: 10149
Finished routing net _10622_
Nets remaining: 10148
Finished routing net _10728_
Nets remaining: 10147
Finished routing net _10738_
Nets remaining: 10146
Finished routing net _10749_
Nets remaining: 10145
Finished routing net _62_
Nets remaining: 10144
Finished routing net _134_
Nets remaining: 10143
Finished routing net _145_
Nets remaining: 10142
Finished routing net _156_
Nets remaining: 10141
Finished routing net _187_
Nets remaining: 10140
Finished routing net _197_
Nets remaining: 10139
Finished routing net _218_
Nets remaining: 10138
Finished routing net _239_
Nets remaining: 10137
Finished routing net _270_
Nets remaining: 10136
Finished routing net _280_
Nets remaining: 10135
Finished routing net _291_
Nets remaining: 10134
Finished routing net _322_
Nets remaining: 10133
Finished routing net _333_
Nets remaining: 10132
Finished routing net _487_
Nets remaining: 10131
Finished routing net _497_
Nets remaining: 10130
Finished routing net _518_
Nets remaining: 10129
Finished routing net _730_
Nets remaining: 10128
Finished routing net _768_
Nets remaining: 10127
Finished routing net _848_
Nets remaining: 10126
Finished routing net _878_
Nets remaining: 10125
Finished routing net _962_
Nets remaining: 10124
Finished routing net _988_
Nets remaining: 10123
Finished routing net _1050_
Nets remaining: 10122
Finished routing net _1101_
Nets remaining: 10121
Finished routing net _1151_
Nets remaining: 10120
Finished routing net _1181_
Nets remaining: 10119
Finished routing net _1240_
Nets remaining: 10118
Finished routing net _1299_
Nets remaining: 10117
Finished routing net _1337_
Nets remaining: 10116
Finished routing net _1356_
Nets remaining: 10115
Finished routing net x3_i[4]
Nets remaining: 10114
Finished routing net _1375_
Nets remaining: 10113
Finished routing net _1394_
Nets remaining: 10112
Finished routing net _1413_
Nets remaining: 10111
Finished routing net _1469_
Nets remaining: 10110
Finished routing net _1503_
Nets remaining: 10109
Finished routing net _1505_
Nets remaining: 10108
Finished routing net x1_r[4]
Nets remaining: 10107
Finished routing net _1507_
Nets remaining: 10106
Finished routing net _1509_
Nets remaining: 10105
Finished routing net _1519_
Nets remaining: 10104
Finished routing net _1525_
Nets remaining: 10103
Finished routing net _1539_
Nets remaining: 10102
Finished routing net _1540_
Nets remaining: 10101
Finished routing net _1548_
Nets remaining: 10100
Finished routing net _1559_
Nets remaining: 10099
Finished routing net x3_i[5]
Nets remaining: 10098
Finished routing net _1566_
Nets remaining: 10097
Finished routing net _1568_
Nets remaining: 10096
Finished routing net _1571_
Nets remaining: 10095
Finished routing net _1574_
Nets remaining: 10094
Finished routing net x1_r[5]
Nets remaining: 10093
Finished routing net _1581_
Nets remaining: 10092
Finished routing net _1583_
Nets remaining: 10091
Finished routing net _1586_
Nets remaining: 10090
Finished routing net _1587_
Nets remaining: 10089
Finished routing net _1592_
Nets remaining: 10088
Finished routing net _1594_
Nets remaining: 10087
Finished routing net _1598_
Nets remaining: 10086
Finished routing net _1600_
Nets remaining: 10085
Finished routing net _1601_
Nets remaining: 10084
Finished routing net _1603_
Nets remaining: 10083
Finished routing net _1604_
Nets remaining: 10082
Finished routing net _1616_
Nets remaining: 10081
Finished routing net _1624_
Nets remaining: 10080
Finished routing net x7_i[6]
Nets remaining: 10079
Finished routing net x3_i[6]
Nets remaining: 10078
Finished routing net _1637_
Nets remaining: 10077
Finished routing net _1638_
Nets remaining: 10076
Finished routing net _1640_
Nets remaining: 10075
Finished routing net _1660_
Nets remaining: 10074
Finished routing net _1661_
Nets remaining: 10073
Finished routing net _1665_
Nets remaining: 10072
Finished routing net _1680_
Nets remaining: 10071
Finished routing net _1681_
Nets remaining: 10070
Finished routing net _1682_
Nets remaining: 10069
Finished routing net _1686_
Nets remaining: 10068
Finished routing net _1690_
Nets remaining: 10067
Finished routing net _1693_
Nets remaining: 10066
Finished routing net _1706_
Nets remaining: 10065
Finished routing net _1721_
Nets remaining: 10064
Finished routing net _1723_
Nets remaining: 10063
Finished routing net _1724_
Nets remaining: 10062
Finished routing net _1725_
Nets remaining: 10061
Finished routing net _1727_
Nets remaining: 10060
Finished routing net _1731_
Nets remaining: 10059
Finished routing net _1734_
Nets remaining: 10058
Finished routing net _1736_
Nets remaining: 10057
Finished routing net _1737_
Nets remaining: 10056
Finished routing net _1738_
Nets remaining: 10055
Finished routing net x7_i[7]
Nets remaining: 10054
Finished routing net _1743_
Nets remaining: 10053
Finished routing net _1748_
Nets remaining: 10052
Finished routing net _1753_
Nets remaining: 10051
Finished routing net _1755_
Nets remaining: 10050
Finished routing net _1766_
Nets remaining: 10049
Finished routing net _1767_
Nets remaining: 10048
Finished routing net _1769_
Nets remaining: 10047
Finished routing net _1770_
Nets remaining: 10046
Finished routing net _1771_
Nets remaining: 10045
Finished routing net _1772_
Nets remaining: 10044
Finished routing net _1777_
Nets remaining: 10043
Failed to route net _1781_
Finished routing net _1789_
Nets remaining: 10042
Finished routing net _1793_
Nets remaining: 10041
Finished routing net _1795_
Nets remaining: 10040
Finished routing net _1797_
Nets remaining: 10039
Finished routing net _1799_
Nets remaining: 10038
Finished routing net _1803_
Nets remaining: 10037
Finished routing net _1805_
Nets remaining: 10036
Finished routing net _1809_
Nets remaining: 10035
Finished routing net _1810_
Nets remaining: 10034
Finished routing net _1811_
Nets remaining: 10033
Finished routing net _1818_
Nets remaining: 10032
Finished routing net _1821_
Nets remaining: 10031
Finished routing net _1822_
Nets remaining: 10030
Finished routing net _1823_
Nets remaining: 10029
Finished routing net _1824_
Nets remaining: 10028
Finished routing net _1825_
Nets remaining: 10027
Finished routing net _1826_
Nets remaining: 10026
Finished routing net _1834_
Nets remaining: 10025
Finished routing net _1835_
Nets remaining: 10024
Finished routing net _1846_
Nets remaining: 10023
Finished routing net _1850_
Nets remaining: 10022
Finished routing net _1863_
Nets remaining: 10021
Finished routing net _1870_
Nets remaining: 10020
Finished routing net _1875_
Nets remaining: 10019
Finished routing net _1877_
Nets remaining: 10018
Finished routing net _1885_
Nets remaining: 10017
Finished routing net _1890_
Nets remaining: 10016
Finished routing net _1894_
Nets remaining: 10015
Finished routing net _1900_
Nets remaining: 10014
Finished routing net _1901_
Nets remaining: 10013
Finished routing net x7_r[8]
Nets remaining: 10012
Finished routing net x3_r[8]
Nets remaining: 10011
Finished routing net _1910_
Nets remaining: 10010
Finished routing net _1920_
Nets remaining: 10009
Finished routing net x5_i[8]
Nets remaining: 10008
Finished routing net _1934_
Nets remaining: 10007
Finished routing net _1940_
Nets remaining: 10006
Finished routing net _1941_
Nets remaining: 10005
Finished routing net _1950_
Nets remaining: 10004
Finished routing net _1953_
Nets remaining: 10003
Finished routing net _1955_
Nets remaining: 10002
Finished routing net _1961_
Nets remaining: 10001
Finished routing net _1965_
Nets remaining: 10000
Finished routing net _1970_
Nets remaining: 9999
Finished routing net _1972_
Nets remaining: 9998
Finished routing net _1975_
Nets remaining: 9997
Finished routing net _1980_
Nets remaining: 9996
Finished routing net _1988_
Nets remaining: 9995
Finished routing net _1991_
Nets remaining: 9994
Finished routing net _1998_
Nets remaining: 9993
Finished routing net _2005_
Nets remaining: 9992
Finished routing net _2006_
Nets remaining: 9991
Finished routing net _2010_
Nets remaining: 9990
Finished routing net _2014_
Nets remaining: 9989
Finished routing net _2015_
Nets remaining: 9988
Finished routing net _2018_
Nets remaining: 9987
Finished routing net _2020_
Nets remaining: 9986
Finished routing net _2023_
Nets remaining: 9985
Finished routing net _2031_
Nets remaining: 9984
Finished routing net _2033_
Nets remaining: 9983
Finished routing net _2034_
Nets remaining: 9982
Finished routing net _2036_
Nets remaining: 9981
Finished routing net _2039_
Nets remaining: 9980
Finished routing net _2052_
Nets remaining: 9979
Finished routing net _2053_
Nets remaining: 9978
Finished routing net _2068_
Nets remaining: 9977
Finished routing net _2070_
Nets remaining: 9976
Finished routing net _2081_
Nets remaining: 9975
Finished routing net _2086_
Nets remaining: 9974
Finished routing net _2100_
Nets remaining: 9973
Finished routing net _2103_
Nets remaining: 9972
Finished routing net _2104_
Nets remaining: 9971
Finished routing net _2106_
Nets remaining: 9970
Finished routing net _2110_
Nets remaining: 9969
Finished routing net _2115_
Nets remaining: 9968
Finished routing net _2116_
Nets remaining: 9967
Finished routing net _2118_
Nets remaining: 9966
Finished routing net _2120_
Nets remaining: 9965
Finished routing net _2128_
Nets remaining: 9964
Finished routing net _2135_
Nets remaining: 9963
Finished routing net _2136_
Nets remaining: 9962
Finished routing net _2138_
Nets remaining: 9961
Finished routing net _2143_
Nets remaining: 9960
Finished routing net _2144_
Nets remaining: 9959
Finished routing net _2147_
Nets remaining: 9958
Finished routing net _2151_
Nets remaining: 9957
Finished routing net _2152_
Nets remaining: 9956
Finished routing net _2154_
Nets remaining: 9955
Finished routing net _2156_
Nets remaining: 9954
Finished routing net _2159_
Nets remaining: 9953
Finished routing net _2161_
Nets remaining: 9952
Finished routing net _2163_
Nets remaining: 9951
Finished routing net _2167_
Nets remaining: 9950
Finished routing net _2168_
Nets remaining: 9949
Finished routing net _2169_
Nets remaining: 9948
Finished routing net _2170_
Nets remaining: 9947
Finished routing net _2181_
Nets remaining: 9946
Finished routing net _2183_
Nets remaining: 9945
Finished routing net _2186_
Nets remaining: 9944
Finished routing net _2193_
Nets remaining: 9943
Finished routing net _2194_
Nets remaining: 9942
Finished routing net _2198_
Nets remaining: 9941
Finished routing net _2209_
Nets remaining: 9940
Finished routing net _2215_
Nets remaining: 9939
Finished routing net _2223_
Nets remaining: 9938
Finished routing net _2224_
Nets remaining: 9937
Finished routing net _2225_
Nets remaining: 9936
Finished routing net _2231_
Nets remaining: 9935
Finished routing net _2233_
Nets remaining: 9934
Finished routing net _2237_
Nets remaining: 9933
Finished routing net _2243_
Nets remaining: 9932
Finished routing net _2244_
Nets remaining: 9931
Finished routing net _2245_
Nets remaining: 9930
Finished routing net _2254_
Nets remaining: 9929
Finished routing net _2265_
Nets remaining: 9928
Finished routing net _2281_
Nets remaining: 9927
Finished routing net _2286_
Nets remaining: 9926
Finished routing net _2289_
Nets remaining: 9925
Finished routing net _2293_
Nets remaining: 9924
Finished routing net _2302_
Nets remaining: 9923
Finished routing net _2305_
Nets remaining: 9922
Finished routing net _2311_
Nets remaining: 9921
Finished routing net _2316_
Nets remaining: 9920
Finished routing net _2317_
Nets remaining: 9919
Finished routing net _2319_
Nets remaining: 9918
Finished routing net _2322_
Nets remaining: 9917
Finished routing net _2326_
Nets remaining: 9916
Finished routing net _2327_
Nets remaining: 9915
Finished routing net _2331_
Nets remaining: 9914
Finished routing net x6_r[1]
Nets remaining: 9913
Finished routing net _2335_
Nets remaining: 9912
Finished routing net x6_r[2]
Nets remaining: 9911
Finished routing net _2340_
Nets remaining: 9910
Finished routing net _2343_
Nets remaining: 9909
Finished routing net _2346_
Nets remaining: 9908
Finished routing net x4_i[2]
Nets remaining: 9907
Finished routing net _2368_
Nets remaining: 9906
Finished routing net _2379_
Nets remaining: 9905
Finished routing net _2380_
Nets remaining: 9904
Finished routing net _2381_
Nets remaining: 9903
Finished routing net _2405_
Nets remaining: 9902
Finished routing net _2412_
Nets remaining: 9901
Finished routing net _2414_
Nets remaining: 9900
Finished routing net _2415_
Nets remaining: 9899
Finished routing net _2417_
Nets remaining: 9898
Finished routing net _2424_
Nets remaining: 9897
Finished routing net _2425_
Nets remaining: 9896
Finished routing net _2426_
Nets remaining: 9895
Finished routing net _2437_
Nets remaining: 9894
Finished routing net _2440_
Nets remaining: 9893
Finished routing net _2445_
Nets remaining: 9892
Finished routing net _2448_
Nets remaining: 9891
Finished routing net _2454_
Nets remaining: 9890
Finished routing net _2456_
Nets remaining: 9889
Finished routing net _2463_
Nets remaining: 9888
Finished routing net _2467_
Nets remaining: 9887
Finished routing net _2471_
Nets remaining: 9886
Finished routing net _2474_
Nets remaining: 9885
Finished routing net _2476_
Nets remaining: 9884
Finished routing net _2477_
Nets remaining: 9883
Finished routing net _2479_
Nets remaining: 9882
Finished routing net _2488_
Nets remaining: 9881
Finished routing net _2501_
Nets remaining: 9880
Finished routing net _2503_
Nets remaining: 9879
Finished routing net _2504_
Nets remaining: 9878
Finished routing net _2505_
Nets remaining: 9877
Finished routing net _2506_
Nets remaining: 9876
Finished routing net _2511_
Nets remaining: 9875
Finished routing net _2513_
Nets remaining: 9874
Finished routing net _2517_
Nets remaining: 9873
Finished routing net _2519_
Nets remaining: 9872
Finished routing net _2520_
Nets remaining: 9871
Finished routing net _2529_
Nets remaining: 9870
Finished routing net _2530_
Nets remaining: 9869
Finished routing net _2531_
Nets remaining: 9868
Finished routing net _2539_
Nets remaining: 9867
Finished routing net _2547_
Nets remaining: 9866
Finished routing net _2548_
Nets remaining: 9865
Finished routing net _2551_
Nets remaining: 9864
Finished routing net _2558_
Nets remaining: 9863
Finished routing net _2564_
Nets remaining: 9862
Finished routing net _2566_
Nets remaining: 9861
Finished routing net _2583_
Nets remaining: 9860
Finished routing net _2584_
Nets remaining: 9859
Finished routing net _2587_
Nets remaining: 9858
Finished routing net _2588_
Nets remaining: 9857
Finished routing net _2589_
Nets remaining: 9856
Finished routing net _2594_
Nets remaining: 9855
Finished routing net _2597_
Nets remaining: 9854
Finished routing net x7_r[10]
Nets remaining: 9853
Finished routing net _2601_
Nets remaining: 9852
Finished routing net _2603_
Nets remaining: 9851
Finished routing net _2606_
Nets remaining: 9850
Finished routing net _2611_
Nets remaining: 9849
Finished routing net _2612_
Nets remaining: 9848
Finished routing net x5_i[10]
Nets remaining: 9847
Finished routing net _2620_
Nets remaining: 9846
Finished routing net _2624_
Nets remaining: 9845
Finished routing net _2630_
Nets remaining: 9844
Finished routing net _2633_
Nets remaining: 9843
Finished routing net _2636_
Nets remaining: 9842
Finished routing net _2638_
Nets remaining: 9841
Finished routing net _2646_
Nets remaining: 9840
Finished routing net _2651_
Nets remaining: 9839
Finished routing net _2656_
Nets remaining: 9838
Finished routing net _2657_
Nets remaining: 9837
Finished routing net _2664_
Nets remaining: 9836
Finished routing net _2667_
Nets remaining: 9835
Finished routing net _2675_
Nets remaining: 9834
Finished routing net _2678_
Nets remaining: 9833
Finished routing net _2684_
Nets remaining: 9832
Finished routing net _2685_
Nets remaining: 9831
Finished routing net _2697_
Nets remaining: 9830
Finished routing net _2698_
Nets remaining: 9829
Finished routing net _2706_
Nets remaining: 9828
Finished routing net _2710_
Nets remaining: 9827
Finished routing net x1_r[10]
Nets remaining: 9826
Finished routing net x5_r[10]
Nets remaining: 9825
Finished routing net _2716_
Nets remaining: 9824
Finished routing net _2730_
Nets remaining: 9823
Finished routing net _2734_
Nets remaining: 9822
Finished routing net _2739_
Nets remaining: 9821
Finished routing net _2740_
Nets remaining: 9820
Finished routing net _2741_
Nets remaining: 9819
Finished routing net _2742_
Nets remaining: 9818
Finished routing net _2754_
Nets remaining: 9817
Finished routing net _2756_
Nets remaining: 9816
Finished routing net _2757_
Nets remaining: 9815
Finished routing net _2760_
Nets remaining: 9814
Finished routing net _2762_
Nets remaining: 9813
Finished routing net _2764_
Nets remaining: 9812
Finished routing net _2767_
Nets remaining: 9811
Finished routing net _2770_
Nets remaining: 9810
Finished routing net _2776_
Nets remaining: 9809
Finished routing net _2778_
Nets remaining: 9808
Finished routing net _2785_
Nets remaining: 9807
Finished routing net _2786_
Nets remaining: 9806
Finished routing net _2788_
Nets remaining: 9805
Finished routing net _2789_
Nets remaining: 9804
Finished routing net _2797_
Nets remaining: 9803
Finished routing net _2799_
Nets remaining: 9802
Finished routing net _2802_
Nets remaining: 9801
Finished routing net _2805_
Nets remaining: 9800
Finished routing net _2807_
Nets remaining: 9799
Finished routing net _2808_
Nets remaining: 9798
Finished routing net _2817_
Nets remaining: 9797
Finished routing net _2821_
Nets remaining: 9796
Finished routing net _2824_
Nets remaining: 9795
Finished routing net _2831_
Nets remaining: 9794
Finished routing net _2834_
Nets remaining: 9793
Finished routing net _2841_
Nets remaining: 9792
Finished routing net _2842_
Nets remaining: 9791
Finished routing net _2845_
Nets remaining: 9790
Finished routing net _2846_
Nets remaining: 9789
Finished routing net _2852_
Nets remaining: 9788
Finished routing net _2853_
Nets remaining: 9787
Finished routing net _2854_
Nets remaining: 9786
Finished routing net _2856_
Nets remaining: 9785
Finished routing net _2857_
Nets remaining: 9784
Finished routing net _2858_
Nets remaining: 9783
Finished routing net _2859_
Nets remaining: 9782
Finished routing net _2860_
Nets remaining: 9781
Finished routing net _2861_
Nets remaining: 9780
Finished routing net _2863_
Nets remaining: 9779
Finished routing net _2873_
Nets remaining: 9778
Finished routing net _2876_
Nets remaining: 9777
Finished routing net _2877_
Nets remaining: 9776
Finished routing net _2881_
Nets remaining: 9775
Finished routing net _2882_
Nets remaining: 9774
Finished routing net _2885_
Nets remaining: 9773
Finished routing net _2888_
Nets remaining: 9772
Finished routing net _2894_
Nets remaining: 9771
Finished routing net _2901_
Nets remaining: 9770
Finished routing net _2904_
Nets remaining: 9769
Finished routing net _2912_
Nets remaining: 9768
Finished routing net _2915_
Nets remaining: 9767
Finished routing net _2916_
Nets remaining: 9766
Finished routing net _2923_
Nets remaining: 9765
Finished routing net _2926_
Nets remaining: 9764
Finished routing net _2929_
Nets remaining: 9763
Finished routing net _2931_
Nets remaining: 9762
Finished routing net _2934_
Nets remaining: 9761
Finished routing net _2954_
Nets remaining: 9760
Finished routing net _2955_
Nets remaining: 9759
Finished routing net _2956_
Nets remaining: 9758
Finished routing net _2958_
Nets remaining: 9757
Finished routing net _2959_
Nets remaining: 9756
Finished routing net _2960_
Nets remaining: 9755
Finished routing net _2966_
Nets remaining: 9754
Finished routing net _2967_
Nets remaining: 9753
Finished routing net _2973_
Nets remaining: 9752
Finished routing net _2976_
Nets remaining: 9751
Finished routing net x7_r[11]
Nets remaining: 9750
Finished routing net _2989_
Nets remaining: 9749
Finished routing net _2996_
Nets remaining: 9748
Finished routing net _2997_
Nets remaining: 9747
Finished routing net _3004_
Nets remaining: 9746
Finished routing net _3006_
Nets remaining: 9745
Finished routing net _3009_
Nets remaining: 9744
Finished routing net _3011_
Nets remaining: 9743
Finished routing net _3012_
Nets remaining: 9742
Finished routing net _3014_
Nets remaining: 9741
Finished routing net _3015_
Nets remaining: 9740
Finished routing net _3021_
Nets remaining: 9739
Finished routing net _3025_
Nets remaining: 9738
Finished routing net _3030_
Nets remaining: 9737
Finished routing net _3035_
Nets remaining: 9736
Finished routing net _3037_
Nets remaining: 9735
Finished routing net _3038_
Nets remaining: 9734
Finished routing net _3040_
Nets remaining: 9733
Finished routing net _3046_
Nets remaining: 9732
Finished routing net _3056_
Nets remaining: 9731
Finished routing net _3059_
Nets remaining: 9730
Finished routing net _3066_
Nets remaining: 9729
Failed to route net _3070_
Finished routing net x5_r[11]
Nets remaining: 9728
Finished routing net _3079_
Nets remaining: 9727
Finished routing net _3080_
Nets remaining: 9726
Failed to route net _3081_
Finished routing net _3083_
Nets remaining: 9725
Finished routing net _3086_
Nets remaining: 9724
Finished routing net _3087_
Nets remaining: 9723
Finished routing net _3091_
Nets remaining: 9722
Finished routing net _3097_
Nets remaining: 9721
Finished routing net _3114_
Nets remaining: 9720
Finished routing net _3116_
Nets remaining: 9719
Finished routing net _3117_
Nets remaining: 9718
Finished routing net _3119_
Nets remaining: 9717
Finished routing net _3122_
Nets remaining: 9716
Failed to route net _3128_
Finished routing net _3136_
Nets remaining: 9715
Finished routing net _3144_
Nets remaining: 9714
Finished routing net _3148_
Nets remaining: 9713
Finished routing net _3151_
Nets remaining: 9712
Finished routing net _3155_
Nets remaining: 9711
Finished routing net _3158_
Nets remaining: 9710
Finished routing net _3159_
Nets remaining: 9709
Finished routing net _3166_
Nets remaining: 9708
Finished routing net _3175_
Nets remaining: 9707
Finished routing net _3176_
Nets remaining: 9706
Finished routing net _3179_
Nets remaining: 9705
Finished routing net _3180_
Nets remaining: 9704
Finished routing net _3181_
Nets remaining: 9703
Finished routing net _3184_
Nets remaining: 9702
Finished routing net _3185_
Nets remaining: 9701
Finished routing net _3186_
Nets remaining: 9700
Finished routing net _3189_
Nets remaining: 9699
Finished routing net _3190_
Nets remaining: 9698
Finished routing net _3191_
Nets remaining: 9697
Finished routing net _3192_
Nets remaining: 9696
Finished routing net _3193_
Nets remaining: 9695
Finished routing net _3196_
Nets remaining: 9694
Finished routing net _3201_
Nets remaining: 9693
Finished routing net _3202_
Nets remaining: 9692
Failed to route net _3205_
Finished routing net _3207_
Nets remaining: 9691
Finished routing net _3211_
Nets remaining: 9690
Finished routing net _3216_
Nets remaining: 9689
Finished routing net _3230_
Nets remaining: 9688
Finished routing net _3234_
Nets remaining: 9687
Finished routing net _3236_
Nets remaining: 9686
Finished routing net _3240_
Nets remaining: 9685
Finished routing net x6_r[3]
Nets remaining: 9684
Finished routing net _3245_
Nets remaining: 9683
Finished routing net _3248_
Nets remaining: 9682
Finished routing net x4_i[3]
Nets remaining: 9681
Finished routing net _3252_
Nets remaining: 9680
Finished routing net _3258_
Nets remaining: 9679
Finished routing net _3267_
Nets remaining: 9678
Finished routing net _3268_
Nets remaining: 9677
Finished routing net _3269_
Nets remaining: 9676
Finished routing net _3277_
Nets remaining: 9675
Finished routing net _3287_
Nets remaining: 9674
Finished routing net _3290_
Nets remaining: 9673
Finished routing net _3292_
Nets remaining: 9672
Finished routing net _3299_
Nets remaining: 9671
Finished routing net _3306_
Nets remaining: 9670
Finished routing net _3314_
Nets remaining: 9669
Finished routing net _3315_
Nets remaining: 9668
Finished routing net x7_r[12]
Nets remaining: 9667
Finished routing net _3335_
Nets remaining: 9666
Finished routing net _3340_
Nets remaining: 9665
Finished routing net _3346_
Nets remaining: 9664
Finished routing net _3350_
Nets remaining: 9663
Finished routing net _3358_
Nets remaining: 9662
Finished routing net _3360_
Nets remaining: 9661
Finished routing net _3361_
Nets remaining: 9660
Failed to route net _3362_
Finished routing net _3370_
Nets remaining: 9659
Finished routing net _3372_
Nets remaining: 9658
Finished routing net _3373_
Nets remaining: 9657
Finished routing net _3374_
Nets remaining: 9656
Finished routing net _3378_
Nets remaining: 9655
Finished routing net _3382_
Nets remaining: 9654
Finished routing net _3392_
Nets remaining: 9653
Finished routing net _3407_
Nets remaining: 9652
Finished routing net _3409_
Nets remaining: 9651
Finished routing net _3410_
Nets remaining: 9650
Finished routing net _3411_
Nets remaining: 9649
Finished routing net _3412_
Nets remaining: 9648
Finished routing net _3425_
Nets remaining: 9647
Finished routing net _3426_
Nets remaining: 9646
Finished routing net x7_i[12]
Nets remaining: 9645
Finished routing net _3428_
Nets remaining: 9644
Finished routing net _3432_
Nets remaining: 9643
Finished routing net _3438_
Nets remaining: 9642
Finished routing net _3439_
Nets remaining: 9641
Finished routing net x5_r[12]
Nets remaining: 9640
Finished routing net _3442_
Nets remaining: 9639
Finished routing net _3445_
Nets remaining: 9638
Finished routing net _3455_
Nets remaining: 9637
Finished routing net _3463_
Nets remaining: 9636
Finished routing net _3465_
Nets remaining: 9635
Finished routing net _3470_
Nets remaining: 9634
Finished routing net _3473_
Nets remaining: 9633
Finished routing net _3480_
Nets remaining: 9632
Finished routing net _3483_
Nets remaining: 9631
Finished routing net _3484_
Nets remaining: 9630
Finished routing net _3489_
Nets remaining: 9629
Finished routing net _3497_
Nets remaining: 9628
Finished routing net _3502_
Nets remaining: 9627
Finished routing net _3510_
Nets remaining: 9626
Finished routing net _3517_
Nets remaining: 9625
Finished routing net _3521_
Nets remaining: 9624
Finished routing net _3535_
Nets remaining: 9623
Finished routing net _3537_
Nets remaining: 9622
Finished routing net _3541_
Nets remaining: 9621
Finished routing net _3543_
Nets remaining: 9620
Finished routing net _3547_
Nets remaining: 9619
Finished routing net _3555_
Nets remaining: 9618
Finished routing net _3557_
Nets remaining: 9617
Finished routing net _3561_
Nets remaining: 9616
Finished routing net _3566_
Nets remaining: 9615
Finished routing net _3572_
Nets remaining: 9614
Failed to route net _3577_
Finished routing net _3581_
Nets remaining: 9613
Finished routing net _3582_
Nets remaining: 9612
Finished routing net _3586_
Nets remaining: 9611
Finished routing net _3589_
Nets remaining: 9610
Finished routing net _3594_
Nets remaining: 9609
Finished routing net x6_r[4]
Nets remaining: 9608
Finished routing net _3602_
Nets remaining: 9607
Finished routing net _3604_
Nets remaining: 9606
Finished routing net _3605_
Nets remaining: 9605
Finished routing net _3612_
Nets remaining: 9604
Finished routing net _3615_
Nets remaining: 9603
Finished routing net _3629_
Nets remaining: 9602
Finished routing net _3631_
Nets remaining: 9601
Finished routing net _3632_
Nets remaining: 9600
Finished routing net _3633_
Nets remaining: 9599
Finished routing net _3634_
Nets remaining: 9598
Finished routing net _3637_
Nets remaining: 9597
Finished routing net _3638_
Nets remaining: 9596
Finished routing net _3644_
Nets remaining: 9595
Finished routing net _3648_
Nets remaining: 9594
Finished routing net _3651_
Nets remaining: 9593
Finished routing net _3656_
Nets remaining: 9592
Finished routing net _3657_
Nets remaining: 9591
Finished routing net _3660_
Nets remaining: 9590
Finished routing net _3663_
Nets remaining: 9589
Finished routing net _3665_
Nets remaining: 9588
Finished routing net _3676_
Nets remaining: 9587
Finished routing net _3677_
Nets remaining: 9586
Finished routing net _3685_
Nets remaining: 9585
Finished routing net _3687_
Nets remaining: 9584
Finished routing net _3688_
Nets remaining: 9583
Finished routing net _3698_
Nets remaining: 9582
Finished routing net _3700_
Nets remaining: 9581
Finished routing net _3701_
Nets remaining: 9580
Finished routing net _3702_
Nets remaining: 9579
Finished routing net _3704_
Nets remaining: 9578
Finished routing net _3712_
Nets remaining: 9577
Failed to route net _3713_
Finished routing net _3717_
Nets remaining: 9576
Finished routing net _3725_
Nets remaining: 9575
Finished routing net _3727_
Nets remaining: 9574
Finished routing net _3731_
Nets remaining: 9573
Finished routing net _3742_
Nets remaining: 9572
Finished routing net _3764_
Nets remaining: 9571
Finished routing net _3771_
Nets remaining: 9570
Finished routing net _3773_
Nets remaining: 9569
Finished routing net _3774_
Nets remaining: 9568
Finished routing net _3777_
Nets remaining: 9567
Finished routing net _3782_
Nets remaining: 9566
Finished routing net _3783_
Nets remaining: 9565
Finished routing net _3784_
Nets remaining: 9564
Finished routing net _3785_
Nets remaining: 9563
Finished routing net _3788_
Nets remaining: 9562
Finished routing net _3789_
Nets remaining: 9561
Finished routing net _3795_
Nets remaining: 9560
Finished routing net _3799_
Nets remaining: 9559
Finished routing net _3803_
Nets remaining: 9558
Finished routing net _3804_
Nets remaining: 9557
Finished routing net _3821_
Nets remaining: 9556
Finished routing net _3824_
Nets remaining: 9555
Finished routing net _3835_
Nets remaining: 9554
Finished routing net _3836_
Nets remaining: 9553
Finished routing net _3839_
Nets remaining: 9552
Finished routing net _3842_
Nets remaining: 9551
Finished routing net _3845_
Nets remaining: 9550
Finished routing net _3853_
Nets remaining: 9549
Finished routing net _3855_
Nets remaining: 9548
Finished routing net _3858_
Nets remaining: 9547
Finished routing net _3861_
Nets remaining: 9546
Finished routing net _3868_
Nets remaining: 9545
Finished routing net _3871_
Nets remaining: 9544
Finished routing net _3875_
Nets remaining: 9543
Finished routing net _3886_
Nets remaining: 9542
Finished routing net _3892_
Nets remaining: 9541
Finished routing net _3894_
Nets remaining: 9540
Finished routing net _3896_
Nets remaining: 9539
Finished routing net _3897_
Nets remaining: 9538
Finished routing net _3900_
Nets remaining: 9537
Finished routing net _3901_
Nets remaining: 9536
Finished routing net _3902_
Nets remaining: 9535
Finished routing net _3903_
Nets remaining: 9534
Finished routing net _3906_
Nets remaining: 9533
Finished routing net x6_r[5]
Nets remaining: 9532
Finished routing net _3911_
Nets remaining: 9531
Finished routing net _3913_
Nets remaining: 9530
Finished routing net _3920_
Nets remaining: 9529
Finished routing net _3923_
Nets remaining: 9528
Finished routing net _3928_
Nets remaining: 9527
Finished routing net _3937_
Nets remaining: 9526
Finished routing net _3951_
Nets remaining: 9525
Finished routing net _3952_
Nets remaining: 9524
Finished routing net _3959_
Nets remaining: 9523
Finished routing net _3965_
Nets remaining: 9522
Finished routing net x7_r[14]
Nets remaining: 9521
Finished routing net _3978_
Nets remaining: 9520
Finished routing net _3981_
Nets remaining: 9519
Finished routing net x5_i[14]
Nets remaining: 9518
Finished routing net _3983_
Nets remaining: 9517
Finished routing net _3988_
Nets remaining: 9516
Finished routing net _3997_
Nets remaining: 9515
Finished routing net _4000_
Nets remaining: 9514
Finished routing net _4008_
Nets remaining: 9513
Finished routing net _4009_
Nets remaining: 9512
Finished routing net _4010_
Nets remaining: 9511
Finished routing net _4011_
Nets remaining: 9510
Finished routing net _4012_
Nets remaining: 9509
Finished routing net _4013_
Nets remaining: 9508
Finished routing net _4015_
Nets remaining: 9507
Finished routing net _4024_
Nets remaining: 9506
Finished routing net _4026_
Nets remaining: 9505
Finished routing net _4029_
Nets remaining: 9504
Finished routing net _4043_
Nets remaining: 9503
Finished routing net _4044_
Nets remaining: 9502
Finished routing net _4057_
Nets remaining: 9501
Finished routing net _4059_
Nets remaining: 9500
Finished routing net x7_i[14]
Nets remaining: 9499
Finished routing net _4065_
Nets remaining: 9498
Finished routing net x5_r[14]
Nets remaining: 9497
Finished routing net _4081_
Nets remaining: 9496
Finished routing net _4100_
Nets remaining: 9495
Finished routing net _4110_
Nets remaining: 9494
Finished routing net _4112_
Nets remaining: 9493
Finished routing net _4114_
Nets remaining: 9492
Finished routing net _4121_
Nets remaining: 9491
Finished routing net _4130_
Nets remaining: 9490
Finished routing net _4143_
Nets remaining: 9489
Finished routing net _4144_
Nets remaining: 9488
Finished routing net _4145_
Nets remaining: 9487
Finished routing net _4146_
Nets remaining: 9486
Finished routing net _4147_
Nets remaining: 9485
Finished routing net _4159_
Nets remaining: 9484
Finished routing net _4160_
Nets remaining: 9483
Finished routing net _4161_
Nets remaining: 9482
Finished routing net _4162_
Nets remaining: 9481
Finished routing net _4165_
Nets remaining: 9480
Failed to route net _4168_
Finished routing net _4180_
Nets remaining: 9479
Finished routing net _4181_
Nets remaining: 9478
Finished routing net _4182_
Nets remaining: 9477
Finished routing net _4190_
Nets remaining: 9476
Finished routing net _4191_
Nets remaining: 9475
Finished routing net _4192_
Nets remaining: 9474
Finished routing net _4202_
Nets remaining: 9473
Finished routing net _4203_
Nets remaining: 9472
Finished routing net _4205_
Nets remaining: 9471
Finished routing net _4210_
Nets remaining: 9470
Finished routing net _4213_
Nets remaining: 9469
Finished routing net _4224_
Nets remaining: 9468
Finished routing net _4226_
Nets remaining: 9467
Finished routing net _4231_
Nets remaining: 9466
Finished routing net x6_r[6]
Nets remaining: 9465
Finished routing net _4236_
Nets remaining: 9464
Finished routing net _4238_
Nets remaining: 9463
Finished routing net _4240_
Nets remaining: 9462
Finished routing net x4_i[6]
Nets remaining: 9461
Finished routing net _4244_
Nets remaining: 9460
Finished routing net _4246_
Nets remaining: 9459
Finished routing net _4258_
Nets remaining: 9458
Finished routing net _4259_
Nets remaining: 9457
Finished routing net _4260_
Nets remaining: 9456
Finished routing net _4269_
Nets remaining: 9455
Finished routing net _4275_
Nets remaining: 9454
Finished routing net _4276_
Nets remaining: 9453
Finished routing net _4277_
Nets remaining: 9452
Finished routing net _4286_
Nets remaining: 9451
Finished routing net _4301_
Nets remaining: 9450
Finished routing net _4302_
Nets remaining: 9449
Finished routing net _4303_
Nets remaining: 9448
Finished routing net _4305_
Nets remaining: 9447
Finished routing net _4310_
Nets remaining: 9446
Finished routing net _4318_
Nets remaining: 9445
Finished routing net _4329_
Nets remaining: 9444
Finished routing net _4333_
Nets remaining: 9443
Finished routing net _4338_
Nets remaining: 9442
Finished routing net _4344_
Nets remaining: 9441
Finished routing net _4346_
Nets remaining: 9440
Finished routing net _4349_
Nets remaining: 9439
Finished routing net _4361_
Nets remaining: 9438
Finished routing net _4366_
Nets remaining: 9437
Finished routing net _4368_
Nets remaining: 9436
Finished routing net _4370_
Nets remaining: 9435
Finished routing net _4375_
Nets remaining: 9434
Finished routing net _4388_
Nets remaining: 9433
Finished routing net _4395_
Nets remaining: 9432
Finished routing net _4408_
Nets remaining: 9431
Finished routing net _4411_
Nets remaining: 9430
Finished routing net _4421_
Nets remaining: 9429
Finished routing net _4425_
Nets remaining: 9428
Finished routing net _4428_
Nets remaining: 9427
Finished routing net _4431_
Nets remaining: 9426
Finished routing net _4432_
Nets remaining: 9425
Finished routing net _4434_
Nets remaining: 9424
Finished routing net _4437_
Nets remaining: 9423
Finished routing net _4443_
Nets remaining: 9422
Finished routing net _4444_
Nets remaining: 9421
Finished routing net _4449_
Nets remaining: 9420
Finished routing net _4451_
Nets remaining: 9419
Finished routing net _4454_
Nets remaining: 9418
Finished routing net _4459_
Nets remaining: 9417
Finished routing net _4465_
Nets remaining: 9416
Finished routing net _4468_
Nets remaining: 9415
Finished routing net _4473_
Nets remaining: 9414
Finished routing net _4475_
Nets remaining: 9413
Finished routing net _4477_
Nets remaining: 9412
Finished routing net _4479_
Nets remaining: 9411
Finished routing net _4480_
Nets remaining: 9410
Finished routing net _4486_
Nets remaining: 9409
Finished routing net _4493_
Nets remaining: 9408
Finished routing net _4498_
Nets remaining: 9407
Finished routing net _4502_
Nets remaining: 9406
Finished routing net _4503_
Nets remaining: 9405
Finished routing net _4505_
Nets remaining: 9404
Finished routing net x6_r[7]
Nets remaining: 9403
Finished routing net _4515_
Nets remaining: 9402
Finished routing net _4517_
Nets remaining: 9401
Finished routing net _4518_
Nets remaining: 9400
Finished routing net x4_i[7]
Nets remaining: 9399
Finished routing net _4523_
Nets remaining: 9398
Finished routing net _4532_
Nets remaining: 9397
Finished routing net _4543_
Nets remaining: 9396
Finished routing net _4546_
Nets remaining: 9395
Finished routing net _4550_
Nets remaining: 9394
Finished routing net _4556_
Nets remaining: 9393
Finished routing net _4562_
Nets remaining: 9392
Finished routing net _4572_
Nets remaining: 9391
Finished routing net _4575_
Nets remaining: 9390
Finished routing net _4580_
Nets remaining: 9389
Finished routing net _4581_
Nets remaining: 9388
Finished routing net _4584_
Nets remaining: 9387
Finished routing net _4593_
Nets remaining: 9386
Finished routing net _4596_
Nets remaining: 9385
Finished routing net _4602_
Nets remaining: 9384
Finished routing net _4603_
Nets remaining: 9383
Finished routing net _4615_
Nets remaining: 9382
Finished routing net _4619_
Nets remaining: 9381
Finished routing net _4624_
Nets remaining: 9380
Finished routing net _4626_
Nets remaining: 9379
Finished routing net _4628_
Nets remaining: 9378
Finished routing net _4629_
Nets remaining: 9377
Finished routing net _4635_
Nets remaining: 9376
Finished routing net _4639_
Nets remaining: 9375
Finished routing net _4641_
Nets remaining: 9374
Finished routing net _4643_
Nets remaining: 9373
Finished routing net _4644_
Nets remaining: 9372
Finished routing net _4645_
Nets remaining: 9371
Finished routing net _4649_
Nets remaining: 9370
Finished routing net _4650_
Nets remaining: 9369
Finished routing net _4658_
Nets remaining: 9368
Finished routing net _4663_
Nets remaining: 9367
Finished routing net _4664_
Nets remaining: 9366
Finished routing net _4676_
Nets remaining: 9365
Finished routing net _4679_
Nets remaining: 9364
Finished routing net _4698_
Nets remaining: 9363
Finished routing net _4700_
Nets remaining: 9362
Finished routing net _4703_
Nets remaining: 9361
Finished routing net _4704_
Nets remaining: 9360
Finished routing net _4708_
Nets remaining: 9359
Finished routing net _4712_
Nets remaining: 9358
Finished routing net _4723_
Nets remaining: 9357
Finished routing net _4731_
Nets remaining: 9356
Finished routing net x6_r[8]
Nets remaining: 9355
Finished routing net _4744_
Nets remaining: 9354
Finished routing net _4746_
Nets remaining: 9353
Finished routing net _4747_
Nets remaining: 9352
Finished routing net x4_i[8]
Nets remaining: 9351
Finished routing net _4751_
Nets remaining: 9350
Finished routing net _4772_
Nets remaining: 9349
Finished routing net _4779_
Nets remaining: 9348
Finished routing net _4786_
Nets remaining: 9347
Finished routing net _4792_
Nets remaining: 9346
Finished routing net _4793_
Nets remaining: 9345
Finished routing net _4802_
Nets remaining: 9344
Finished routing net _4811_
Nets remaining: 9343
Finished routing net _4820_
Nets remaining: 9342
Finished routing net _4822_
Nets remaining: 9341
Finished routing net _4825_
Nets remaining: 9340
Finished routing net _4839_
Nets remaining: 9339
Finished routing net _4851_
Nets remaining: 9338
Finished routing net _4858_
Nets remaining: 9337
Finished routing net _4859_
Nets remaining: 9336
Finished routing net _4864_
Nets remaining: 9335
Finished routing net _4866_
Nets remaining: 9334
Finished routing net _4878_
Nets remaining: 9333
Finished routing net _4879_
Nets remaining: 9332
Finished routing net _4880_
Nets remaining: 9331
Failed to route net _4884_
Finished routing net _4886_
Nets remaining: 9330
Finished routing net _4889_
Nets remaining: 9329
Finished routing net _4890_
Nets remaining: 9328
Finished routing net _4892_
Nets remaining: 9327
Finished routing net _4894_
Nets remaining: 9326
Finished routing net _4902_
Nets remaining: 9325
Finished routing net _4904_
Nets remaining: 9324
Failed to route net _4905_
Finished routing net _4909_
Nets remaining: 9323
Finished routing net _4920_
Nets remaining: 9322
Finished routing net _4922_
Nets remaining: 9321
Finished routing net _4926_
Nets remaining: 9320
Finished routing net _4927_
Nets remaining: 9319
Finished routing net _4929_
Nets remaining: 9318
Finished routing net _4934_
Nets remaining: 9317
Finished routing net x6_r[9]
Nets remaining: 9316
Finished routing net _4939_
Nets remaining: 9315
Finished routing net _4941_
Nets remaining: 9314
Finished routing net _4942_
Nets remaining: 9313
Finished routing net x4_i[9]
Nets remaining: 9312
Finished routing net _4948_
Nets remaining: 9311
Finished routing net _4957_
Nets remaining: 9310
Finished routing net _4965_
Nets remaining: 9309
Finished routing net _4974_
Nets remaining: 9308
Finished routing net _4980_
Nets remaining: 9307
Finished routing net _4997_
Nets remaining: 9306
Finished routing net _4999_
Nets remaining: 9305
Finished routing net _5007_
Nets remaining: 9304
Finished routing net _5009_
Nets remaining: 9303
Finished routing net _5014_
Nets remaining: 9302
Finished routing net _5024_
Nets remaining: 9301
Finished routing net _5027_
Nets remaining: 9300
Finished routing net _5028_
Nets remaining: 9299
Finished routing net _5031_
Nets remaining: 9298
Finished routing net _5032_
Nets remaining: 9297
Finished routing net _5040_
Nets remaining: 9296
Finished routing net _5045_
Nets remaining: 9295
Finished routing net _5046_
Nets remaining: 9294
Finished routing net _5059_
Nets remaining: 9293
Finished routing net _5061_
Nets remaining: 9292
Finished routing net _5071_
Nets remaining: 9291
Failed to route net _5075_
Finished routing net _5084_
Nets remaining: 9290
Finished routing net _5085_
Nets remaining: 9289
Finished routing net _5086_
Nets remaining: 9288
Finished routing net _5090_
Nets remaining: 9287
Finished routing net _5107_
Nets remaining: 9286
Finished routing net _5109_
Nets remaining: 9285
Finished routing net _5118_
Nets remaining: 9284
Finished routing net _5119_
Nets remaining: 9283
Finished routing net _5124_
Nets remaining: 9282
Finished routing net x6_r[10]
Nets remaining: 9281
Finished routing net _5132_
Nets remaining: 9280
Finished routing net _5134_
Nets remaining: 9279
Finished routing net _5135_
Nets remaining: 9278
Finished routing net x4_i[10]
Nets remaining: 9277
Finished routing net _5140_
Nets remaining: 9276
Finished routing net _5160_
Nets remaining: 9275
Finished routing net _5163_
Nets remaining: 9274
Finished routing net _5178_
Nets remaining: 9273
Finished routing net _5179_
Nets remaining: 9272
Finished routing net _5184_
Nets remaining: 9271
Finished routing net _5186_
Nets remaining: 9270
Finished routing net _5188_
Nets remaining: 9269
Finished routing net _5189_
Nets remaining: 9268
Finished routing net _5198_
Nets remaining: 9267
Finished routing net _5200_
Nets remaining: 9266
Finished routing net _5206_
Nets remaining: 9265
Finished routing net _5207_
Nets remaining: 9264
Finished routing net _5209_
Nets remaining: 9263
Finished routing net _5215_
Nets remaining: 9262
Finished routing net _5216_
Nets remaining: 9261
Finished routing net _5217_
Nets remaining: 9260
Finished routing net _5223_
Nets remaining: 9259
Finished routing net _5229_
Nets remaining: 9258
Finished routing net _5232_
Nets remaining: 9257
Finished routing net _5234_
Nets remaining: 9256
Finished routing net _5243_
Nets remaining: 9255
Finished routing net _5245_
Nets remaining: 9254
Finished routing net _5246_
Nets remaining: 9253
Finished routing net x6_r[11]
Nets remaining: 9252
Finished routing net _5257_
Nets remaining: 9251
Finished routing net _5259_
Nets remaining: 9250
Finished routing net _5261_
Nets remaining: 9249
Finished routing net x4_i[11]
Nets remaining: 9248
Finished routing net _5266_
Nets remaining: 9247
Finished routing net _5268_
Nets remaining: 9246
Finished routing net _5270_
Nets remaining: 9245
Finished routing net _5271_
Nets remaining: 9244
Finished routing net _5273_
Nets remaining: 9243
Finished routing net _5282_
Nets remaining: 9242
Finished routing net _5283_
Nets remaining: 9241
Finished routing net _5284_
Nets remaining: 9240
Finished routing net _5285_
Nets remaining: 9239
Finished routing net _5290_
Nets remaining: 9238
Finished routing net _5293_
Nets remaining: 9237
Finished routing net _5296_
Nets remaining: 9236
Finished routing net _5300_
Nets remaining: 9235
Finished routing net _5302_
Nets remaining: 9234
Finished routing net _5319_
Nets remaining: 9233
Finished routing net _5331_
Nets remaining: 9232
Finished routing net _5339_
Nets remaining: 9231
Finished routing net _5348_
Nets remaining: 9230
Finished routing net _5351_
Nets remaining: 9229
Finished routing net _5354_
Nets remaining: 9228
Finished routing net _5358_
Nets remaining: 9227
Finished routing net _5359_
Nets remaining: 9226
Finished routing net _5361_
Nets remaining: 9225
Finished routing net _5362_
Nets remaining: 9224
Finished routing net _5367_
Nets remaining: 9223
Finished routing net _5370_
Nets remaining: 9222
Finished routing net _5373_
Nets remaining: 9221
Finished routing net x6_r[12]
Nets remaining: 9220
Finished routing net _5379_
Nets remaining: 9219
Finished routing net _5381_
Nets remaining: 9218
Finished routing net _5382_
Nets remaining: 9217
Finished routing net x4_i[12]
Nets remaining: 9216
Finished routing net _5387_
Nets remaining: 9215
Finished routing net _5388_
Nets remaining: 9214
Finished routing net _5389_
Nets remaining: 9213
Finished routing net _5391_
Nets remaining: 9212
Finished routing net _5408_
Nets remaining: 9211
Finished routing net _5416_
Nets remaining: 9210
Finished routing net _5436_
Nets remaining: 9209
Finished routing net _5437_
Nets remaining: 9208
Finished routing net _5441_
Nets remaining: 9207
Finished routing net _5442_
Nets remaining: 9206
Finished routing net _5443_
Nets remaining: 9205
Finished routing net _5454_
Nets remaining: 9204
Finished routing net _5461_
Nets remaining: 9203
Finished routing net _5464_
Nets remaining: 9202
Finished routing net _5466_
Nets remaining: 9201
Finished routing net _5469_
Nets remaining: 9200
Finished routing net _5471_
Nets remaining: 9199
Finished routing net _5478_
Nets remaining: 9198
Finished routing net x6_r[13]
Nets remaining: 9197
Finished routing net _5483_
Nets remaining: 9196
Finished routing net _5485_
Nets remaining: 9195
Finished routing net _5493_
Nets remaining: 9194
Finished routing net _5496_
Nets remaining: 9193
Finished routing net _5502_
Nets remaining: 9192
Finished routing net _5510_
Nets remaining: 9191
Finished routing net _5512_
Nets remaining: 9190
Finished routing net _5513_
Nets remaining: 9189
Finished routing net _5515_
Nets remaining: 9188
Finished routing net _5527_
Nets remaining: 9187
Finished routing net _5542_
Nets remaining: 9186
Finished routing net _5543_
Nets remaining: 9185
Finished routing net _5545_
Nets remaining: 9184
Finished routing net _5562_
Nets remaining: 9183
Finished routing net _5569_
Nets remaining: 9182
Finished routing net x6_r[14]
Nets remaining: 9181
Finished routing net _5576_
Nets remaining: 9180
Finished routing net _5577_
Nets remaining: 9179
Finished routing net x4_i[14]
Nets remaining: 9178
Finished routing net _5584_
Nets remaining: 9177
Finished routing net _5585_
Nets remaining: 9176
Finished routing net _5607_
Nets remaining: 9175
Finished routing net _5608_
Nets remaining: 9174
Finished routing net _5621_
Nets remaining: 9173
Finished routing net _5628_
Nets remaining: 9172
Finished routing net _5631_
Nets remaining: 9171
Finished routing net _5637_
Nets remaining: 9170
Finished routing net _5682_
Nets remaining: 9169
Failed to route net x6_i[0]
Finished routing net _5685_
Nets remaining: 9168
Finished routing net _5689_
Nets remaining: 9167
Finished routing net x0_r[0]
Nets remaining: 9166
Finished routing net _5692_
Nets remaining: 9165
Finished routing net _5693_
Nets remaining: 9164
Finished routing net _5697_
Nets remaining: 9163
Finished routing net _5714_
Nets remaining: 9162
Finished routing net _5719_
Nets remaining: 9161
Finished routing net _5723_
Nets remaining: 9160
Finished routing net _5724_
Nets remaining: 9159
Finished routing net _5731_
Nets remaining: 9158
Finished routing net x6_i[1]
Nets remaining: 9157
Finished routing net _5735_
Nets remaining: 9156
Finished routing net x6_i[2]
Nets remaining: 9155
Finished routing net _5741_
Nets remaining: 9154
Finished routing net _5742_
Nets remaining: 9153
Finished routing net x4_r[1]
Nets remaining: 9152
Finished routing net _5743_
Nets remaining: 9151
Finished routing net _5745_
Nets remaining: 9150
Finished routing net x4_r[2]
Nets remaining: 9149
Finished routing net _5751_
Nets remaining: 9148
Finished routing net _5752_
Nets remaining: 9147
Finished routing net _5756_
Nets remaining: 9146
Finished routing net _5758_
Nets remaining: 9145
Finished routing net _5760_
Nets remaining: 9144
Finished routing net _5787_
Nets remaining: 9143
Finished routing net _5803_
Nets remaining: 9142
Finished routing net _5804_
Nets remaining: 9141
Finished routing net _5806_
Nets remaining: 9140
Finished routing net _5808_
Nets remaining: 9139
Finished routing net _5809_
Nets remaining: 9138
Finished routing net _5810_
Nets remaining: 9137
Finished routing net _5824_
Nets remaining: 9136
Finished routing net x6_i[3]
Nets remaining: 9135
Finished routing net _5829_
Nets remaining: 9134
Finished routing net x0_r[3]
Nets remaining: 9133
Finished routing net x4_r[3]
Nets remaining: 9132
Finished routing net _5837_
Nets remaining: 9131
Finished routing net _5842_
Nets remaining: 9130
Finished routing net _5843_
Nets remaining: 9129
Finished routing net _5853_
Nets remaining: 9128
Finished routing net _5854_
Nets remaining: 9127
Finished routing net _5855_
Nets remaining: 9126
Finished routing net _5858_
Nets remaining: 9125
Finished routing net _5859_
Nets remaining: 9124
Finished routing net _5861_
Nets remaining: 9123
Finished routing net _5868_
Nets remaining: 9122
Finished routing net _5874_
Nets remaining: 9121
Finished routing net _5875_
Nets remaining: 9120
Finished routing net _5877_
Nets remaining: 9119
Finished routing net x6_i[4]
Nets remaining: 9118
Finished routing net _5888_
Nets remaining: 9117
Finished routing net _5890_
Nets remaining: 9116
Finished routing net x4_r[4]
Nets remaining: 9115
Finished routing net _5897_
Nets remaining: 9114
Finished routing net _5901_
Nets remaining: 9113
Finished routing net _5913_
Nets remaining: 9112
Finished routing net _5915_
Nets remaining: 9111
Finished routing net _5917_
Nets remaining: 9110
Finished routing net _5926_
Nets remaining: 9109
Finished routing net _5930_
Nets remaining: 9108
Finished routing net x6_i[5]
Nets remaining: 9107
Finished routing net _5950_
Nets remaining: 9106
Finished routing net _5952_
Nets remaining: 9105
Finished routing net _5953_
Nets remaining: 9104
Finished routing net x4_r[5]
Nets remaining: 9103
Finished routing net _5959_
Nets remaining: 9102
Finished routing net _5961_
Nets remaining: 9101
Finished routing net _5963_
Nets remaining: 9100
Finished routing net _5966_
Nets remaining: 9099
Finished routing net _5976_
Nets remaining: 9098
Finished routing net _5982_
Nets remaining: 9097
Finished routing net _5983_
Nets remaining: 9096
Finished routing net _5984_
Nets remaining: 9095
Finished routing net _5985_
Nets remaining: 9094
Finished routing net x6_i[6]
Nets remaining: 9093
Finished routing net _6002_
Nets remaining: 9092
Finished routing net _6004_
Nets remaining: 9091
Finished routing net x4_r[6]
Nets remaining: 9090
Finished routing net _6007_
Nets remaining: 9089
Finished routing net _6012_
Nets remaining: 9088
Finished routing net _6016_
Nets remaining: 9087
Finished routing net _6031_
Nets remaining: 9086
Finished routing net _6034_
Nets remaining: 9085
Finished routing net _6037_
Nets remaining: 9084
Finished routing net _6038_
Nets remaining: 9083
Finished routing net _6047_
Nets remaining: 9082
Finished routing net x6_i[7]
Nets remaining: 9081
Finished routing net _6059_
Nets remaining: 9080
Finished routing net _6061_
Nets remaining: 9079
Finished routing net _6062_
Nets remaining: 9078
Finished routing net x4_r[7]
Nets remaining: 9077
Finished routing net _6068_
Nets remaining: 9076
Finished routing net _6072_
Nets remaining: 9075
Finished routing net _6084_
Nets remaining: 9074
Finished routing net _6088_
Nets remaining: 9073
Finished routing net _6089_
Nets remaining: 9072
Finished routing net _6091_
Nets remaining: 9071
Finished routing net _6096_
Nets remaining: 9070
Finished routing net _6098_
Nets remaining: 9069
Finished routing net x6_i[8]
Nets remaining: 9068
Finished routing net _6110_
Nets remaining: 9067
Finished routing net x4_r[8]
Nets remaining: 9066
Finished routing net _6113_
Nets remaining: 9065
Finished routing net _6116_
Nets remaining: 9064
Finished routing net _6118_
Nets remaining: 9063
Finished routing net _6120_
Nets remaining: 9062
Finished routing net _6139_
Nets remaining: 9061
Finished routing net _6147_
Nets remaining: 9060
Finished routing net _6153_
Nets remaining: 9059
Finished routing net _6154_
Nets remaining: 9058
Finished routing net x6_i[9]
Nets remaining: 9057
Finished routing net _6160_
Nets remaining: 9056
Finished routing net _6163_
Nets remaining: 9055
Finished routing net _6164_
Nets remaining: 9054
Finished routing net x4_r[9]
Nets remaining: 9053
Finished routing net _6169_
Nets remaining: 9052
Finished routing net _6174_
Nets remaining: 9051
Finished routing net _6188_
Nets remaining: 9050
Finished routing net _6194_
Nets remaining: 9049
Finished routing net _6202_
Nets remaining: 9048
Finished routing net _6203_
Nets remaining: 9047
Finished routing net _6209_
Nets remaining: 9046
Finished routing net _6210_
Nets remaining: 9045
Finished routing net x6_i[10]
Nets remaining: 9044
Finished routing net _6215_
Nets remaining: 9043
Finished routing net x4_r[10]
Nets remaining: 9042
Finished routing net _6222_
Nets remaining: 9041
Finished routing net _6245_
Nets remaining: 9040
Finished routing net _6255_
Nets remaining: 9039
Finished routing net x6_i[11]
Nets remaining: 9038
Finished routing net _6266_
Nets remaining: 9037
Finished routing net _6268_
Nets remaining: 9036
Finished routing net _6269_
Nets remaining: 9035
Finished routing net x4_r[11]
Nets remaining: 9034
Finished routing net _6276_
Nets remaining: 9033
Finished routing net _6278_
Nets remaining: 9032
Finished routing net _6280_
Nets remaining: 9031
Finished routing net _6295_
Nets remaining: 9030
Finished routing net _6296_
Nets remaining: 9029
Failed to route net _6299_
Finished routing net _6304_
Nets remaining: 9028
Finished routing net _6307_
Nets remaining: 9027
Finished routing net _6310_
Nets remaining: 9026
Finished routing net _6312_
Nets remaining: 9025
Finished routing net _6317_
Nets remaining: 9024
Finished routing net _6319_
Nets remaining: 9023
Finished routing net _6325_
Nets remaining: 9022
Finished routing net _6327_
Nets remaining: 9021
Finished routing net _6328_
Nets remaining: 9020
Finished routing net x6_i[12]
Nets remaining: 9019
Finished routing net _6333_
Nets remaining: 9018
Finished routing net x4_r[12]
Nets remaining: 9017
Finished routing net _6341_
Nets remaining: 9016
Finished routing net _6364_
Nets remaining: 9015
Finished routing net _6366_
Nets remaining: 9014
Finished routing net _6377_
Nets remaining: 9013
Finished routing net x6_i[13]
Nets remaining: 9012
Finished routing net _6388_
Nets remaining: 9011
Finished routing net _6391_
Nets remaining: 9010
Finished routing net _6392_
Nets remaining: 9009
Finished routing net x4_r[13]
Nets remaining: 9008
Finished routing net _6397_
Nets remaining: 9007
Finished routing net _6399_
Nets remaining: 9006
Finished routing net _6402_
Nets remaining: 9005
Finished routing net _6406_
Nets remaining: 9004
Finished routing net _6414_
Nets remaining: 9003
Finished routing net _6416_
Nets remaining: 9002
Finished routing net _6420_
Nets remaining: 9001
Finished routing net _6421_
Nets remaining: 9000
Finished routing net _6437_
Nets remaining: 8999
Finished routing net _6438_
Nets remaining: 8998
Finished routing net x6_i[14]
Nets remaining: 8997
Finished routing net _6459_
Nets remaining: 8996
Finished routing net _6460_
Nets remaining: 8995
Finished routing net x4_r[14]
Nets remaining: 8994
Finished routing net _6471_
Nets remaining: 8993
Finished routing net _6492_
Nets remaining: 8992
Finished routing net _6493_
Nets remaining: 8991
Finished routing net _6543_
Nets remaining: 8990
Finished routing net _6553_
Nets remaining: 8989
Finished routing net _6560_
Nets remaining: 8988
Finished routing net _6564_
Nets remaining: 8987
Finished routing net _6580_
Nets remaining: 8986
Finished routing net _6590_
Nets remaining: 8985
Finished routing net _6598_
Nets remaining: 8984
Finished routing net _6599_
Nets remaining: 8983
Finished routing net _6600_
Nets remaining: 8982
Finished routing net _6609_
Nets remaining: 8981
Finished routing net _6617_
Nets remaining: 8980
Finished routing net _6623_
Nets remaining: 8979
Finished routing net _6628_
Nets remaining: 8978
Finished routing net _6651_
Nets remaining: 8977
Finished routing net _6656_
Nets remaining: 8976
Finished routing net _6663_
Nets remaining: 8975
Finished routing net _6688_
Nets remaining: 8974
Finished routing net _6693_
Nets remaining: 8973
Finished routing net _6700_
Nets remaining: 8972
Finished routing net _6729_
Nets remaining: 8971
Finished routing net _6757_
Nets remaining: 8970
Finished routing net _6759_
Nets remaining: 8969
Finished routing net _6761_
Nets remaining: 8968
Finished routing net _6776_
Nets remaining: 8967
Finished routing net _6778_
Nets remaining: 8966
Finished routing net _6780_
Nets remaining: 8965
Finished routing net _6784_
Nets remaining: 8964
Finished routing net _6795_
Nets remaining: 8963
Finished routing net _6804_
Nets remaining: 8962
Finished routing net _6805_
Nets remaining: 8961
Finished routing net _6813_
Nets remaining: 8960
Finished routing net _6816_
Nets remaining: 8959
Finished routing net _6845_
Nets remaining: 8958
Finished routing net _6848_
Nets remaining: 8957
Finished routing net _6850_
Nets remaining: 8956
Finished routing net _6862_
Nets remaining: 8955
Finished routing net _6864_
Nets remaining: 8954
Finished routing net _6866_
Nets remaining: 8953
Finished routing net _6870_
Nets remaining: 8952
Finished routing net _6887_
Nets remaining: 8951
Finished routing net _6889_
Nets remaining: 8950
Finished routing net _6891_
Nets remaining: 8949
Finished routing net _6892_
Nets remaining: 8948
Finished routing net _6901_
Nets remaining: 8947
Finished routing net _6904_
Nets remaining: 8946
Finished routing net _6926_
Nets remaining: 8945
Finished routing net _6929_
Nets remaining: 8944
Finished routing net _6935_
Nets remaining: 8943
Finished routing net _6937_
Nets remaining: 8942
Finished routing net _6954_
Nets remaining: 8941
Finished routing net _6956_
Nets remaining: 8940
Finished routing net _6961_
Nets remaining: 8939
Finished routing net _6973_
Nets remaining: 8938
Finished routing net _6979_
Nets remaining: 8937
Finished routing net _7020_
Nets remaining: 8936
Finished routing net _7025_
Nets remaining: 8935
Finished routing net _7029_
Nets remaining: 8934
Finished routing net _7037_
Nets remaining: 8933
Finished routing net _7042_
Nets remaining: 8932
Finished routing net _7049_
Nets remaining: 8931
Finished routing net _7051_
Nets remaining: 8930
Finished routing net _7060_
Nets remaining: 8929
Finished routing net _7061_
Nets remaining: 8928
Finished routing net _7068_
Nets remaining: 8927
Finished routing net _7096_
Nets remaining: 8926
Finished routing net _7098_
Nets remaining: 8925
Finished routing net _7102_
Nets remaining: 8924
Finished routing net _7105_
Nets remaining: 8923
Finished routing net _7108_
Nets remaining: 8922
Finished routing net _7109_
Nets remaining: 8921
Finished routing net _7115_
Nets remaining: 8920
Finished routing net _7119_
Nets remaining: 8919
Finished routing net _7129_
Nets remaining: 8918
Finished routing net _7137_
Nets remaining: 8917
Finished routing net _7139_
Nets remaining: 8916
Finished routing net _7149_
Nets remaining: 8915
Finished routing net _7156_
Nets remaining: 8914
Finished routing net _7158_
Nets remaining: 8913
Finished routing net _7178_
Nets remaining: 8912
Finished routing net _7184_
Nets remaining: 8911
Finished routing net _7189_
Nets remaining: 8910
Finished routing net _7195_
Nets remaining: 8909
Finished routing net _7204_
Nets remaining: 8908
Finished routing net _7247_
Nets remaining: 8907
Finished routing net _7249_
Nets remaining: 8906
Finished routing net _7250_
Nets remaining: 8905
Finished routing net _7257_
Nets remaining: 8904
Finished routing net _7264_
Nets remaining: 8903
Finished routing net _7268_
Nets remaining: 8902
Finished routing net _7285_
Nets remaining: 8901
Finished routing net _7290_
Nets remaining: 8900
Finished routing net _7295_
Nets remaining: 8899
Finished routing net _7303_
Nets remaining: 8898
Finished routing net _7306_
Nets remaining: 8897
Finished routing net _7311_
Nets remaining: 8896
Finished routing net _7319_
Nets remaining: 8895
Finished routing net _7328_
Nets remaining: 8894
Finished routing net _7334_
Nets remaining: 8893
Finished routing net _7352_
Nets remaining: 8892
Finished routing net _7358_
Nets remaining: 8891
Finished routing net _7364_
Nets remaining: 8890
Finished routing net _7381_
Nets remaining: 8889
Finished routing net _7389_
Nets remaining: 8888
Finished routing net _7394_
Nets remaining: 8887
Finished routing net _7402_
Nets remaining: 8886
Finished routing net _7434_
Nets remaining: 8885
Finished routing net _7444_
Nets remaining: 8884
Finished routing net _7461_
Nets remaining: 8883
Finished routing net _7463_
Nets remaining: 8882
Finished routing net _7466_
Nets remaining: 8881
Finished routing net _7478_
Nets remaining: 8880
Finished routing net _7479_
Nets remaining: 8879
Finished routing net _7481_
Nets remaining: 8878
Finished routing net _7485_
Nets remaining: 8877
Finished routing net _7495_
Nets remaining: 8876
Finished routing net _7505_
Nets remaining: 8875
Finished routing net _7506_
Nets remaining: 8874
Finished routing net _7514_
Nets remaining: 8873
Finished routing net _7518_
Nets remaining: 8872
Finished routing net _7547_
Nets remaining: 8871
Finished routing net _7550_
Nets remaining: 8870
Finished routing net _7553_
Nets remaining: 8869
Finished routing net _7564_
Nets remaining: 8868
Finished routing net _7565_
Nets remaining: 8867
Finished routing net _7567_
Nets remaining: 8866
Finished routing net _7571_
Nets remaining: 8865
Finished routing net _7582_
Nets remaining: 8864
Finished routing net _7586_
Nets remaining: 8863
Finished routing net _7596_
Nets remaining: 8862
Finished routing net _7600_
Nets remaining: 8861
Finished routing net _7624_
Nets remaining: 8860
Finished routing net _7629_
Nets remaining: 8859
Finished routing net _7635_
Nets remaining: 8858
Finished routing net _7638_
Nets remaining: 8857
Finished routing net _7652_
Nets remaining: 8856
Finished routing net _7654_
Nets remaining: 8855
Finished routing net _7658_
Nets remaining: 8854
Finished routing net _7668_
Nets remaining: 8853
Finished routing net _7673_
Nets remaining: 8852
Finished routing net _7713_
Nets remaining: 8851
Finished routing net _7718_
Nets remaining: 8850
Finished routing net _7722_
Nets remaining: 8849
Finished routing net _7730_
Nets remaining: 8848
Finished routing net _7735_
Nets remaining: 8847
Finished routing net _7742_
Nets remaining: 8846
Finished routing net _7744_
Nets remaining: 8845
Finished routing net _7753_
Nets remaining: 8844
Finished routing net _7754_
Nets remaining: 8843
Finished routing net _7764_
Nets remaining: 8842
Finished routing net _7774_
Nets remaining: 8841
Finished routing net _7776_
Nets remaining: 8840
Finished routing net _7787_
Nets remaining: 8839
Finished routing net _7793_
Nets remaining: 8838
Finished routing net _7797_
Nets remaining: 8837
Finished routing net _7808_
Nets remaining: 8836
Finished routing net _7816_
Nets remaining: 8835
Finished routing net _7818_
Nets remaining: 8834
Finished routing net _7827_
Nets remaining: 8833
Finished routing net _7834_
Nets remaining: 8832
Finished routing net _7836_
Nets remaining: 8831
Finished routing net _7858_
Nets remaining: 8830
Finished routing net _7861_
Nets remaining: 8829
Finished routing net _7864_
Nets remaining: 8828
Finished routing net _7876_
Nets remaining: 8827
Finished routing net _7880_
Nets remaining: 8826
Finished routing net _7887_
Nets remaining: 8825
Finished routing net _7888_
Nets remaining: 8824
Finished routing net _7925_
Nets remaining: 8823
Finished routing net _7945_
Nets remaining: 8822
Finished routing net _7954_
Nets remaining: 8821
Finished routing net _7955_
Nets remaining: 8820
Finished routing net _7958_
Nets remaining: 8819
Finished routing net _7962_
Nets remaining: 8818
Finished routing net _7964_
Nets remaining: 8817
Finished routing net _7973_
Nets remaining: 8816
Finished routing net _7974_
Nets remaining: 8815
Finished routing net _7983_
Nets remaining: 8814
Finished routing net _7986_
Nets remaining: 8813
Finished routing net _7988_
Nets remaining: 8812
Finished routing net _7989_
Nets remaining: 8811
Finished routing net _7993_
Nets remaining: 8810
Finished routing net _7997_
Nets remaining: 8809
Finished routing net _8004_
Nets remaining: 8808
Failed to route net _8006_
Finished routing net _8007_
Nets remaining: 8807
Finished routing net _8009_
Nets remaining: 8806
Finished routing net _8013_
Nets remaining: 8805
Finished routing net _8017_
Nets remaining: 8804
Finished routing net _8019_
Nets remaining: 8803
Finished routing net _8020_
Nets remaining: 8802
Finished routing net _8022_
Nets remaining: 8801
Finished routing net _8025_
Nets remaining: 8800
Finished routing net _8033_
Nets remaining: 8799
Finished routing net _8037_
Nets remaining: 8798
Finished routing net _8048_
Nets remaining: 8797
Finished routing net _8060_
Nets remaining: 8796
Finished routing net _8062_
Nets remaining: 8795
Finished routing net _8075_
Nets remaining: 8794
Finished routing net _8080_
Nets remaining: 8793
Finished routing net _8082_
Nets remaining: 8792
Finished routing net _8083_
Nets remaining: 8791
Finished routing net _8084_
Nets remaining: 8790
Finished routing net _8088_
Nets remaining: 8789
Finished routing net _8097_
Nets remaining: 8788
Finished routing net _8098_
Nets remaining: 8787
Finished routing net _8115_
Nets remaining: 8786
Finished routing net _8116_
Nets remaining: 8785
Finished routing net _8121_
Nets remaining: 8784
Finished routing net _8127_
Nets remaining: 8783
Finished routing net _8130_
Nets remaining: 8782
Finished routing net _8132_
Nets remaining: 8781
Finished routing net _8136_
Nets remaining: 8780
Finished routing net _8137_
Nets remaining: 8779
Finished routing net _8138_
Nets remaining: 8778
Finished routing net _8139_
Nets remaining: 8777
Finished routing net _8159_
Nets remaining: 8776
Finished routing net _8167_
Nets remaining: 8775
Finished routing net _8168_
Nets remaining: 8774
Finished routing net _8175_
Nets remaining: 8773
Finished routing net _8176_
Nets remaining: 8772
Finished routing net _8186_
Nets remaining: 8771
Finished routing net _8189_
Nets remaining: 8770
Finished routing net _8197_
Nets remaining: 8769
Finished routing net _8203_
Nets remaining: 8768
Finished routing net _8204_
Nets remaining: 8767
Finished routing net _8206_
Nets remaining: 8766
Finished routing net _8207_
Nets remaining: 8765
Finished routing net _8208_
Nets remaining: 8764
Finished routing net _8212_
Nets remaining: 8763
Finished routing net _8213_
Nets remaining: 8762
Finished routing net _8215_
Nets remaining: 8761
Finished routing net _8216_
Nets remaining: 8760
Finished routing net _8218_
Nets remaining: 8759
Finished routing net _8222_
Nets remaining: 8758
Finished routing net _8227_
Nets remaining: 8757
Finished routing net _8229_
Nets remaining: 8756
Finished routing net _8230_
Nets remaining: 8755
Finished routing net _8233_
Nets remaining: 8754
Finished routing net _8237_
Nets remaining: 8753
Finished routing net _8240_
Nets remaining: 8752
Finished routing net _8245_
Nets remaining: 8751
Finished routing net _8246_
Nets remaining: 8750
Finished routing net _8247_
Nets remaining: 8749
Finished routing net _8253_
Nets remaining: 8748
Finished routing net _8255_
Nets remaining: 8747
Finished routing net _8257_
Nets remaining: 8746
Finished routing net _8258_
Nets remaining: 8745
Finished routing net _8260_
Nets remaining: 8744
Finished routing net _8264_
Nets remaining: 8743
Finished routing net _8269_
Nets remaining: 8742
Finished routing net _8273_
Nets remaining: 8741
Finished routing net _8277_
Nets remaining: 8740
Finished routing net _8278_
Nets remaining: 8739
Finished routing net _8289_
Nets remaining: 8738
Finished routing net _8291_
Nets remaining: 8737
Finished routing net _8293_
Nets remaining: 8736
Finished routing net _8296_
Nets remaining: 8735
Finished routing net _8302_
Nets remaining: 8734
Finished routing net _8303_
Nets remaining: 8733
Finished routing net _8307_
Nets remaining: 8732
Finished routing net _8322_
Nets remaining: 8731
Finished routing net _8343_
Nets remaining: 8730
Finished routing net _8344_
Nets remaining: 8729
Finished routing net _8345_
Nets remaining: 8728
Finished routing net _8349_
Nets remaining: 8727
Finished routing net _8350_
Nets remaining: 8726
Finished routing net _8365_
Nets remaining: 8725
Finished routing net _8389_
Nets remaining: 8724
Finished routing net _8393_
Nets remaining: 8723
Finished routing net _8394_
Nets remaining: 8722
Finished routing net _8396_
Nets remaining: 8721
Finished routing net _8398_
Nets remaining: 8720
Finished routing net _8402_
Nets remaining: 8719
Finished routing net _8404_
Nets remaining: 8718
Finished routing net _8407_
Nets remaining: 8717
Finished routing net _8411_
Nets remaining: 8716
Finished routing net _8412_
Nets remaining: 8715
Finished routing net _8416_
Nets remaining: 8714
Finished routing net _8417_
Nets remaining: 8713
Finished routing net _8422_
Nets remaining: 8712
Finished routing net _8449_
Nets remaining: 8711
Finished routing net _8454_
Nets remaining: 8710
Finished routing net _8457_
Nets remaining: 8709
Finished routing net _8458_
Nets remaining: 8708
Finished routing net _8460_
Nets remaining: 8707
Finished routing net _8462_
Nets remaining: 8706
Finished routing net _8464_
Nets remaining: 8705
Finished routing net _8466_
Nets remaining: 8704
Finished routing net _8470_
Nets remaining: 8703
Finished routing net _8471_
Nets remaining: 8702
Finished routing net _8478_
Nets remaining: 8701
Finished routing net _8504_
Nets remaining: 8700
Finished routing net _8506_
Nets remaining: 8699
Finished routing net _8509_
Nets remaining: 8698
Finished routing net _8532_
Nets remaining: 8697
Finished routing net _8533_
Nets remaining: 8696
Finished routing net _8537_
Nets remaining: 8695
Finished routing net _8538_
Nets remaining: 8694
Finished routing net _8542_
Nets remaining: 8693
Finished routing net _8543_
Nets remaining: 8692
Finished routing net _8544_
Nets remaining: 8691
Finished routing net _8552_
Nets remaining: 8690
Finished routing net _8555_
Nets remaining: 8689
Finished routing net _8558_
Nets remaining: 8688
Finished routing net _8564_
Nets remaining: 8687
Finished routing net _8565_
Nets remaining: 8686
Finished routing net _8566_
Nets remaining: 8685
Finished routing net _8568_
Nets remaining: 8684
Finished routing net _8575_
Nets remaining: 8683
Finished routing net _8577_
Nets remaining: 8682
Finished routing net _8583_
Nets remaining: 8681
Finished routing net _8585_
Nets remaining: 8680
Finished routing net _8588_
Nets remaining: 8679
Finished routing net _8589_
Nets remaining: 8678
Finished routing net _8592_
Nets remaining: 8677
Finished routing net _8593_
Nets remaining: 8676
Finished routing net _8594_
Nets remaining: 8675
Finished routing net _8599_
Nets remaining: 8674
Finished routing net _8601_
Nets remaining: 8673
Finished routing net _8602_
Nets remaining: 8672
Finished routing net _8604_
Nets remaining: 8671
Finished routing net _8613_
Nets remaining: 8670
Finished routing net _8614_
Nets remaining: 8669
Finished routing net _8615_
Nets remaining: 8668
Finished routing net _8616_
Nets remaining: 8667
Finished routing net _8619_
Nets remaining: 8666
Finished routing net _8623_
Nets remaining: 8665
Finished routing net _8625_
Nets remaining: 8664
Finished routing net _8630_
Nets remaining: 8663
Finished routing net _8631_
Nets remaining: 8662
Finished routing net _8632_
Nets remaining: 8661
Finished routing net _8634_
Nets remaining: 8660
Finished routing net _8642_
Nets remaining: 8659
Finished routing net _8644_
Nets remaining: 8658
Finished routing net _8653_
Nets remaining: 8657
Finished routing net _8656_
Nets remaining: 8656
Finished routing net _8660_
Nets remaining: 8655
Finished routing net _8669_
Nets remaining: 8654
Finished routing net _8670_
Nets remaining: 8653
Finished routing net _8676_
Nets remaining: 8652
Finished routing net _8678_
Nets remaining: 8651
Finished routing net _8686_
Nets remaining: 8650
Finished routing net _8691_
Nets remaining: 8649
Finished routing net _8708_
Nets remaining: 8648
Finished routing net _8710_
Nets remaining: 8647
Finished routing net _8719_
Nets remaining: 8646
Finished routing net _8722_
Nets remaining: 8645
Finished routing net _8724_
Nets remaining: 8644
Finished routing net _8730_
Nets remaining: 8643
Finished routing net _8737_
Nets remaining: 8642
Finished routing net _8741_
Nets remaining: 8641
Finished routing net _8754_
Nets remaining: 8640
Finished routing net _8756_
Nets remaining: 8639
Finished routing net _8762_
Nets remaining: 8638
Finished routing net _8768_
Nets remaining: 8637
Finished routing net _8772_
Nets remaining: 8636
Finished routing net _8783_
Nets remaining: 8635
Finished routing net _8786_
Nets remaining: 8634
Finished routing net _8787_
Nets remaining: 8633
Finished routing net _8790_
Nets remaining: 8632
Finished routing net _8791_
Nets remaining: 8631
Finished routing net _8794_
Nets remaining: 8630
Finished routing net _8796_
Nets remaining: 8629
Finished routing net _8808_
Nets remaining: 8628
Finished routing net _8810_
Nets remaining: 8627
Finished routing net _8811_
Nets remaining: 8626
Finished routing net _8813_
Nets remaining: 8625
Finished routing net _8818_
Nets remaining: 8624
Finished routing net _8825_
Nets remaining: 8623
Finished routing net _8828_
Nets remaining: 8622
Finished routing net _8829_
Nets remaining: 8621
Finished routing net _8833_
Nets remaining: 8620
Finished routing net _8834_
Nets remaining: 8619
Finished routing net _8835_
Nets remaining: 8618
Finished routing net _8836_
Nets remaining: 8617
Finished routing net _8841_
Nets remaining: 8616
Finished routing net _8842_
Nets remaining: 8615
Finished routing net _8844_
Nets remaining: 8614
Finished routing net _8845_
Nets remaining: 8613
Finished routing net _8846_
Nets remaining: 8612
Finished routing net _8850_
Nets remaining: 8611
Finished routing net _8851_
Nets remaining: 8610
Finished routing net _8852_
Nets remaining: 8609
Finished routing net _8855_
Nets remaining: 8608
Finished routing net _8856_
Nets remaining: 8607
Finished routing net _8857_
Nets remaining: 8606
Finished routing net _8860_
Nets remaining: 8605
Finished routing net _8869_
Nets remaining: 8604
Finished routing net _8871_
Nets remaining: 8603
Finished routing net _8875_
Nets remaining: 8602
Finished routing net _8876_
Nets remaining: 8601
Finished routing net _8877_
Nets remaining: 8600
Finished routing net _8879_
Nets remaining: 8599
Finished routing net _8883_
Nets remaining: 8598
Finished routing net _8884_
Nets remaining: 8597
Finished routing net _8886_
Nets remaining: 8596
Finished routing net _8889_
Nets remaining: 8595
Finished routing net _8890_
Nets remaining: 8594
Finished routing net _8891_
Nets remaining: 8593
Finished routing net _8893_
Nets remaining: 8592
Finished routing net _8894_
Nets remaining: 8591
Finished routing net _8897_
Nets remaining: 8590
Finished routing net _8898_
Nets remaining: 8589
Finished routing net _8902_
Nets remaining: 8588
Finished routing net _8906_
Nets remaining: 8587
Finished routing net _8907_
Nets remaining: 8586
Finished routing net _8908_
Nets remaining: 8585
Finished routing net _8909_
Nets remaining: 8584
Finished routing net _8912_
Nets remaining: 8583
Finished routing net _8915_
Nets remaining: 8582
Finished routing net _8918_
Nets remaining: 8581
Finished routing net _8919_
Nets remaining: 8580
Finished routing net _8921_
Nets remaining: 8579
Finished routing net _8926_
Nets remaining: 8578
Finished routing net _8930_
Nets remaining: 8577
Finished routing net _8932_
Nets remaining: 8576
Finished routing net _8933_
Nets remaining: 8575
Finished routing net _8950_
Nets remaining: 8574
Finished routing net _8954_
Nets remaining: 8573
Finished routing net _8957_
Nets remaining: 8572
Finished routing net _8962_
Nets remaining: 8571
Finished routing net _8968_
Nets remaining: 8570
Finished routing net _8974_
Nets remaining: 8569
Finished routing net _8978_
Nets remaining: 8568
Finished routing net _8982_
Nets remaining: 8567
Finished routing net _8985_
Nets remaining: 8566
Finished routing net _8992_
Nets remaining: 8565
Finished routing net _8994_
Nets remaining: 8564
Finished routing net _8996_
Nets remaining: 8563
Finished routing net _9015_
Nets remaining: 8562
Finished routing net _9018_
Nets remaining: 8561
Finished routing net _9021_
Nets remaining: 8560
Finished routing net _9022_
Nets remaining: 8559
Finished routing net _9031_
Nets remaining: 8558
Finished routing net _9032_
Nets remaining: 8557
Finished routing net _9033_
Nets remaining: 8556
Finished routing net _9035_
Nets remaining: 8555
Finished routing net _9040_
Nets remaining: 8554
Finished routing net _9041_
Nets remaining: 8553
Finished routing net _9070_
Nets remaining: 8552
Finished routing net _9076_
Nets remaining: 8551
Finished routing net _9079_
Nets remaining: 8550
Finished routing net _9080_
Nets remaining: 8549
Finished routing net _9081_
Nets remaining: 8548
Finished routing net _9110_
Nets remaining: 8547
Finished routing net _9116_
Nets remaining: 8546
Finished routing net _9121_
Nets remaining: 8545
Finished routing net _9134_
Nets remaining: 8544
Finished routing net _9138_
Nets remaining: 8543
Finished routing net _9140_
Nets remaining: 8542
Finished routing net _9141_
Nets remaining: 8541
Finished routing net _9143_
Nets remaining: 8540
Finished routing net _9146_
Nets remaining: 8539
Finished routing net _9148_
Nets remaining: 8538
Finished routing net _9150_
Nets remaining: 8537
Finished routing net _9151_
Nets remaining: 8536
Finished routing net _9156_
Nets remaining: 8535
Finished routing net _9171_
Nets remaining: 8534
Finished routing net _9178_
Nets remaining: 8533
Finished routing net _9180_
Nets remaining: 8532
Finished routing net _9183_
Nets remaining: 8531
Finished routing net _9188_
Nets remaining: 8530
Failed to route net _9190_
Finished routing net _9191_
Nets remaining: 8529
Finished routing net _9200_
Nets remaining: 8528
Finished routing net _9203_
Nets remaining: 8527
Finished routing net _9212_
Nets remaining: 8526
Finished routing net _9214_
Nets remaining: 8525
Finished routing net _9215_
Nets remaining: 8524
Finished routing net _9217_
Nets remaining: 8523
Finished routing net _9218_
Nets remaining: 8522
Finished routing net _9222_
Nets remaining: 8521
Finished routing net _9223_
Nets remaining: 8520
Finished routing net _9226_
Nets remaining: 8519
Finished routing net _9229_
Nets remaining: 8518
Finished routing net _9230_
Nets remaining: 8517
Finished routing net _9232_
Nets remaining: 8516
Finished routing net _9234_
Nets remaining: 8515
Finished routing net _9240_
Nets remaining: 8514
Failed to route net _9243_
Finished routing net _9247_
Nets remaining: 8513
Finished routing net _9249_
Nets remaining: 8512
Finished routing net _9254_
Nets remaining: 8511
Finished routing net _9259_
Nets remaining: 8510
Finished routing net _9260_
Nets remaining: 8509
Finished routing net _9265_
Nets remaining: 8508
Finished routing net _9266_
Nets remaining: 8507
Failed to route net _9270_
Finished routing net _9271_
Nets remaining: 8506
Failed to route net _9274_
Finished routing net _9276_
Nets remaining: 8505
Finished routing net _9281_
Nets remaining: 8504
Finished routing net _9284_
Nets remaining: 8503
Finished routing net _9285_
Nets remaining: 8502
Finished routing net _9295_
Nets remaining: 8501
Finished routing net _9300_
Nets remaining: 8500
Finished routing net _9307_
Nets remaining: 8499
Finished routing net _9309_
Nets remaining: 8498
Finished routing net _9314_
Nets remaining: 8497
Finished routing net _9315_
Nets remaining: 8496
Finished routing net _9323_
Nets remaining: 8495
Finished routing net _9328_
Nets remaining: 8494
Finished routing net _9340_
Nets remaining: 8493
Finished routing net _9342_
Nets remaining: 8492
Finished routing net _9369_
Nets remaining: 8491
Finished routing net _9370_
Nets remaining: 8490
Finished routing net _9371_
Nets remaining: 8489
Finished routing net _9378_
Nets remaining: 8488
Finished routing net _9379_
Nets remaining: 8487
Finished routing net _9383_
Nets remaining: 8486
Finished routing net _9390_
Nets remaining: 8485
Finished routing net _9392_
Nets remaining: 8484
Finished routing net _9401_
Nets remaining: 8483
Finished routing net _9405_
Nets remaining: 8482
Finished routing net _9411_
Nets remaining: 8481
Finished routing net _9413_
Nets remaining: 8480
Finished routing net _9414_
Nets remaining: 8479
Failed to route net _9415_
Finished routing net _9420_
Nets remaining: 8478
Finished routing net _9424_
Nets remaining: 8477
Finished routing net _9435_
Nets remaining: 8476
Finished routing net _9436_
Nets remaining: 8475
Finished routing net _9452_
Nets remaining: 8474
Finished routing net _9454_
Nets remaining: 8473
Finished routing net _9468_
Nets remaining: 8472
Failed to route net _9473_
Finished routing net _9488_
Nets remaining: 8471
Failed to route net _9504_
Finished routing net _9507_
Nets remaining: 8470
Finished routing net _9509_
Nets remaining: 8469
Finished routing net _9517_
Nets remaining: 8468
Finished routing net _9522_
Nets remaining: 8467
Finished routing net _9525_
Nets remaining: 8466
Finished routing net _9526_
Nets remaining: 8465
Finished routing net _9528_
Nets remaining: 8464
Finished routing net _9533_
Nets remaining: 8463
Finished routing net _9534_
Nets remaining: 8462
Finished routing net _9535_
Nets remaining: 8461
Finished routing net _9538_
Nets remaining: 8460
Finished routing net _9541_
Nets remaining: 8459
Finished routing net _9543_
Nets remaining: 8458
Finished routing net _9544_
Nets remaining: 8457
Finished routing net _9545_
Nets remaining: 8456
Finished routing net _9553_
Nets remaining: 8455
Finished routing net _9554_
Nets remaining: 8454
Finished routing net _9555_
Nets remaining: 8453
Finished routing net _9568_
Nets remaining: 8452
Finished routing net _9575_
Nets remaining: 8451
Finished routing net _9580_
Nets remaining: 8450
Finished routing net _9587_
Nets remaining: 8449
Finished routing net _9591_
Nets remaining: 8448
Finished routing net _9593_
Nets remaining: 8447
Finished routing net _9594_
Nets remaining: 8446
Finished routing net _9595_
Nets remaining: 8445
Finished routing net _9597_
Nets remaining: 8444
Finished routing net _9601_
Nets remaining: 8443
Finished routing net _9608_
Nets remaining: 8442
Finished routing net _9610_
Nets remaining: 8441
Failed to route net _9613_
Finished routing net _9617_
Nets remaining: 8440
Failed to route net _9623_
Finished routing net _9624_
Nets remaining: 8439
Finished routing net _9630_
Nets remaining: 8438
Finished routing net _9634_
Nets remaining: 8437
Finished routing net _9640_
Nets remaining: 8436
Finished routing net _9644_
Nets remaining: 8435
Finished routing net _9650_
Nets remaining: 8434
Finished routing net _9654_
Nets remaining: 8433
Finished routing net _9660_
Nets remaining: 8432
Finished routing net _9663_
Nets remaining: 8431
Failed to route net _9666_
Finished routing net _9673_
Nets remaining: 8430
Finished routing net _9675_
Nets remaining: 8429
Finished routing net _9676_
Nets remaining: 8428
Finished routing net _9682_
Nets remaining: 8427
Finished routing net _9690_
Nets remaining: 8426
Finished routing net _9698_
Nets remaining: 8425
Finished routing net _9725_
Nets remaining: 8424
Failed to route net _9730_
Finished routing net _9740_
Nets remaining: 8423
Finished routing net _9749_
Nets remaining: 8422
Finished routing net _9750_
Nets remaining: 8421
Finished routing net _9774_
Nets remaining: 8420
Finished routing net _9779_
Nets remaining: 8419
Finished routing net _9781_
Nets remaining: 8418
Finished routing net _9782_
Nets remaining: 8417
Finished routing net _9784_
Nets remaining: 8416
Finished routing net _9806_
Nets remaining: 8415
Finished routing net _9808_
Nets remaining: 8414
Finished routing net _9809_
Nets remaining: 8413
Finished routing net _9810_
Nets remaining: 8412
Finished routing net _9812_
Nets remaining: 8411
Finished routing net _9816_
Nets remaining: 8410
Finished routing net _9824_
Nets remaining: 8409
Finished routing net _9826_
Nets remaining: 8408
Finished routing net _9827_
Nets remaining: 8407
Finished routing net _9829_
Nets remaining: 8406
Finished routing net _9835_
Nets remaining: 8405
Finished routing net _9836_
Nets remaining: 8404
Finished routing net _9838_
Nets remaining: 8403
Finished routing net _9848_
Nets remaining: 8402
Finished routing net _9858_
Nets remaining: 8401
Finished routing net _9868_
Nets remaining: 8400
Finished routing net _9870_
Nets remaining: 8399
Finished routing net _9871_
Nets remaining: 8398
Finished routing net _9875_
Nets remaining: 8397
Failed to route net _9879_
Finished routing net _9884_
Nets remaining: 8396
Finished routing net _9885_
Nets remaining: 8395
Finished routing net _9887_
Nets remaining: 8394
Finished routing net _9889_
Nets remaining: 8393
Finished routing net _9891_
Nets remaining: 8392
Finished routing net _9895_
Nets remaining: 8391
Finished routing net _9900_
Nets remaining: 8390
Finished routing net _9904_
Nets remaining: 8389
Finished routing net _9922_
Nets remaining: 8388
Finished routing net _9926_
Nets remaining: 8387
Finished routing net _9930_
Nets remaining: 8386
Failed to route net _9935_
Finished routing net _9936_
Nets remaining: 8385
Failed to route net _9940_
Finished routing net _9949_
Nets remaining: 8384
Failed to route net _9955_
Finished routing net _9961_
Nets remaining: 8383
Finished routing net _9965_
Nets remaining: 8382
Finished routing net _9973_
Nets remaining: 8381
Finished routing net _9980_
Nets remaining: 8380
Finished routing net _9981_
Nets remaining: 8379
Finished routing net _9982_
Nets remaining: 8378
Finished routing net _9998_
Nets remaining: 8377
Finished routing net _10002_
Nets remaining: 8376
Finished routing net _10004_
Nets remaining: 8375
Finished routing net _10023_
Nets remaining: 8374
Failed to route net _10024_
Finished routing net _10035_
Nets remaining: 8373
Finished routing net _10039_
Nets remaining: 8372
Finished routing net _10047_
Nets remaining: 8371
Finished routing net _10049_
Nets remaining: 8370
Finished routing net _10054_
Nets remaining: 8369
Finished routing net _10081_
Nets remaining: 8368
Finished routing net _10083_
Nets remaining: 8367
Finished routing net _10089_
Nets remaining: 8366
Finished routing net _10093_
Nets remaining: 8365
Finished routing net _10098_
Nets remaining: 8364
Failed to route net _10099_
Finished routing net _10101_
Nets remaining: 8363
Finished routing net _10102_
Nets remaining: 8362
Finished routing net _10110_
Nets remaining: 8361
Finished routing net _10111_
Nets remaining: 8360
Finished routing net _10115_
Nets remaining: 8359
Finished routing net _10125_
Nets remaining: 8358
Finished routing net _10136_
Nets remaining: 8357
Finished routing net _10144_
Nets remaining: 8356
Finished routing net _10146_
Nets remaining: 8355
Finished routing net _10153_
Nets remaining: 8354
Finished routing net _10167_
Nets remaining: 8353
Finished routing net _10170_
Nets remaining: 8352
Finished routing net _10173_
Nets remaining: 8351
Finished routing net _10210_
Nets remaining: 8350
Finished routing net _10211_
Nets remaining: 8349
Finished routing net _10218_
Nets remaining: 8348
Finished routing net _10240_
Nets remaining: 8347
Finished routing net _10242_
Nets remaining: 8346
Finished routing net _10244_
Nets remaining: 8345
Finished routing net _10249_
Nets remaining: 8344
Finished routing net _10260_
Nets remaining: 8343
Finished routing net _10267_
Nets remaining: 8342
Finished routing net _10273_
Nets remaining: 8341
Finished routing net _10278_
Nets remaining: 8340
Finished routing net _10289_
Nets remaining: 8339
Finished routing net _10290_
Nets remaining: 8338
Finished routing net _10314_
Nets remaining: 8337
Finished routing net _10317_
Nets remaining: 8336
Finished routing net _10329_
Nets remaining: 8335
Finished routing net _10331_
Nets remaining: 8334
Finished routing net _10338_
Nets remaining: 8333
Finished routing net _10340_
Nets remaining: 8332
Finished routing net _10347_
Nets remaining: 8331
Finished routing net _10349_
Nets remaining: 8330
Finished routing net _10352_
Nets remaining: 8329
Finished routing net _10357_
Nets remaining: 8328
Finished routing net _10359_
Nets remaining: 8327
Finished routing net _10361_
Nets remaining: 8326
Finished routing net _10363_
Nets remaining: 8325
Finished routing net _10364_
Nets remaining: 8324
Finished routing net _10371_
Nets remaining: 8323
Finished routing net _10372_
Nets remaining: 8322
Finished routing net _10380_
Nets remaining: 8321
Finished routing net _10383_
Nets remaining: 8320
Finished routing net _10387_
Nets remaining: 8319
Finished routing net _10389_
Nets remaining: 8318
Finished routing net _10393_
Nets remaining: 8317
Finished routing net _10397_
Nets remaining: 8316
Finished routing net _10403_
Nets remaining: 8315
Finished routing net _10404_
Nets remaining: 8314
Finished routing net _10423_
Nets remaining: 8313
Finished routing net _10426_
Nets remaining: 8312
Finished routing net _10447_
Nets remaining: 8311
Finished routing net _10479_
Nets remaining: 8310
Finished routing net _10480_
Nets remaining: 8309
Finished routing net _10481_
Nets remaining: 8308
Finished routing net _10503_
Nets remaining: 8307
Finished routing net _10505_
Nets remaining: 8306
Failed to route net _10507_
Finished routing net _10511_
Nets remaining: 8305
Failed to route net _10513_
Finished routing net _10516_
Nets remaining: 8304
Finished routing net _10518_
Nets remaining: 8303
Finished routing net _10519_
Nets remaining: 8302
Finished routing net _10522_
Nets remaining: 8301
Finished routing net _10527_
Nets remaining: 8300
Failed to route net _10531_
Finished routing net _10536_
Nets remaining: 8299
Finished routing net _10539_
Nets remaining: 8298
Finished routing net _10563_
Nets remaining: 8297
Finished routing net _10564_
Nets remaining: 8296
Finished routing net _10565_
Nets remaining: 8295
Finished routing net _10566_
Nets remaining: 8294
Failed to route net _10568_
Finished routing net _10570_
Nets remaining: 8293
Finished routing net _10586_
Nets remaining: 8292
Finished routing net _10598_
Nets remaining: 8291
Finished routing net _10600_
Nets remaining: 8290
Finished routing net _10604_
Nets remaining: 8289
Finished routing net _10606_
Nets remaining: 8288
Finished routing net _10615_
Nets remaining: 8287
Finished routing net _10621_
Nets remaining: 8286
Finished routing net _10627_
Nets remaining: 8285
Finished routing net _10628_
Nets remaining: 8284
Finished routing net _10629_
Nets remaining: 8283
Finished routing net _10630_
Nets remaining: 8282
Finished routing net _10637_
Nets remaining: 8281
Finished routing net _10638_
Nets remaining: 8280
Finished routing net _10641_
Nets remaining: 8279
Finished routing net _10645_
Nets remaining: 8278
Finished routing net _10646_
Nets remaining: 8277
Finished routing net _10652_
Nets remaining: 8276
Finished routing net _10662_
Nets remaining: 8275
Finished routing net _10677_
Nets remaining: 8274
Finished routing net _10678_
Nets remaining: 8273
Finished routing net _10681_
Nets remaining: 8272
Finished routing net _10697_
Nets remaining: 8271
Finished routing net _10699_
Nets remaining: 8270
Finished routing net _10715_
Nets remaining: 8269
Finished routing net _10716_
Nets remaining: 8268
Finished routing net _10731_
Nets remaining: 8267
Finished routing net _10_
Nets remaining: 8266
Finished routing net _12_
Nets remaining: 8265
Finished routing net _29_
Nets remaining: 8264
Finished routing net _32_
Nets remaining: 8263
Finished routing net _37_
Nets remaining: 8262
Finished routing net _43_
Nets remaining: 8261
Finished routing net _45_
Nets remaining: 8260
Finished routing net _46_
Nets remaining: 8259
Finished routing net _53_
Nets remaining: 8258
Finished routing net _54_
Nets remaining: 8257
Finished routing net _61_
Nets remaining: 8256
Finished routing net _65_
Nets remaining: 8255
Finished routing net _72_
Nets remaining: 8254
Finished routing net _79_
Nets remaining: 8253
Finished routing net _122_
Nets remaining: 8252
Finished routing net _127_
Nets remaining: 8251
Finished routing net _129_
Nets remaining: 8250
Finished routing net _131_
Nets remaining: 8249
Finished routing net _132_
Nets remaining: 8248
Finished routing net _148_
Nets remaining: 8247
Finished routing net _153_
Nets remaining: 8246
Finished routing net _157_
Nets remaining: 8245
Failed to route net _158_
Finished routing net _167_
Nets remaining: 8244
Finished routing net _170_
Nets remaining: 8243
Finished routing net _183_
Nets remaining: 8242
Finished routing net _188_
Nets remaining: 8241
Finished routing net _191_
Nets remaining: 8240
Finished routing net _192_
Nets remaining: 8239
Finished routing net _199_
Nets remaining: 8238
Finished routing net _202_
Nets remaining: 8237
Finished routing net _213_
Nets remaining: 8236
Finished routing net _217_
Nets remaining: 8235
Finished routing net _221_
Nets remaining: 8234
Finished routing net _232_
Nets remaining: 8233
Finished routing net _236_
Nets remaining: 8232
Finished routing net _254_
Nets remaining: 8231
Finished routing net _257_
Nets remaining: 8230
Finished routing net _276_
Nets remaining: 8229
Finished routing net _294_
Nets remaining: 8228
Finished routing net _308_
Nets remaining: 8227
Finished routing net _316_
Nets remaining: 8226
Finished routing net _331_
Nets remaining: 8225
Finished routing net _341_
Nets remaining: 8224
Finished routing net _344_
Nets remaining: 8223
Finished routing net _361_
Nets remaining: 8222
Finished routing net _372_
Nets remaining: 8221
Finished routing net _376_
Nets remaining: 8220
Finished routing net _378_
Nets remaining: 8219
Finished routing net _380_
Nets remaining: 8218
Finished routing net _381_
Nets remaining: 8217
Finished routing net _396_
Nets remaining: 8216
Finished routing net _401_
Nets remaining: 8215
Finished routing net _405_
Nets remaining: 8214
Finished routing net _406_
Nets remaining: 8213
Failed to route net _415_
Finished routing net _418_
Nets remaining: 8212
Finished routing net _431_
Nets remaining: 8211
Finished routing net _436_
Nets remaining: 8210
Finished routing net _439_
Nets remaining: 8209
Finished routing net _440_
Nets remaining: 8208
Finished routing net _447_
Nets remaining: 8207
Finished routing net _452_
Nets remaining: 8206
Finished routing net _463_
Nets remaining: 8205
Finished routing net _467_
Nets remaining: 8204
Finished routing net _470_
Nets remaining: 8203
Finished routing net _482_
Nets remaining: 8202
Finished routing net _486_
Nets remaining: 8201
Finished routing net _505_
Nets remaining: 8200
Finished routing net _509_
Nets remaining: 8199
Finished routing net _527_
Nets remaining: 8198
Finished routing net _542_
Nets remaining: 8197
Finished routing net _563_
Nets remaining: 8196
Finished routing net _573_
Nets remaining: 8195
Finished routing net _576_
Nets remaining: 8194
Finished routing net _593_
Nets remaining: 8193
Finished routing net _608_
Nets remaining: 8192
Finished routing net _616_
Nets remaining: 8191
Finished routing net _620_
Nets remaining: 8190
Finished routing net _626_
Nets remaining: 8189
Finished routing net _628_
Nets remaining: 8188
Finished routing net _661_
Nets remaining: 8187
Finished routing net _668_
Nets remaining: 8186
Finished routing net _698_
Nets remaining: 8185
Finished routing net _699_
Nets remaining: 8184
Finished routing net _706_
Nets remaining: 8183
Finished routing net _717_
Nets remaining: 8182
Finished routing net _719_
Nets remaining: 8181
Finished routing net _725_
Nets remaining: 8180
Finished routing net _756_
Nets remaining: 8179
Finished routing net _767_
Nets remaining: 8178
Finished routing net _785_
Nets remaining: 8177
Finished routing net _806_
Nets remaining: 8176
Finished routing net _812_
Nets remaining: 8175
Finished routing net _839_
Nets remaining: 8174
Finished routing net _846_
Nets remaining: 8173
Failed to route net _847_
Finished routing net _866_
Nets remaining: 8172
Finished routing net _896_
Nets remaining: 8171
Finished routing net _973_
Nets remaining: 8170
Finished routing net _1048_
Nets remaining: 8169
Finished routing net _1054_
Nets remaining: 8168
Finished routing net _1058_
Nets remaining: 8167
Finished routing net _1082_
Nets remaining: 8166
Finished routing net _1100_
Nets remaining: 8165
Finished routing net _1143_
Nets remaining: 8164
Finished routing net _1159_
Nets remaining: 8163
Finished routing net _1173_
Nets remaining: 8162
Finished routing net _1188_
Nets remaining: 8161
Finished routing net _1202_
Nets remaining: 8160
Finished routing net _1224_
Nets remaining: 8159
Finished routing net _1236_
Nets remaining: 8158
Finished routing net _1245_
Nets remaining: 8157
Finished routing net _1259_
Nets remaining: 8156
Finished routing net _1281_
Nets remaining: 8155
Finished routing net _1298_
Nets remaining: 8154
Finished routing net _1312_
Nets remaining: 8153
Finished routing net _1327_
Nets remaining: 8152
Finished routing net _1416_
Nets remaining: 8151
Finished routing net _1502_
Nets remaining: 8150
Finished routing net _5525_
Nets remaining: 8149
Finished routing net x4_i[0]
Nets remaining: 8148
Finished routing net x0_i[0]
Nets remaining: 8147
Finished routing net _5590_
Nets remaining: 8146
Finished routing net _5666_
Nets remaining: 8145
Finished routing net _5739_
Nets remaining: 8144
Finished routing net _5772_
Nets remaining: 8143
Finished routing net _5805_
Nets remaining: 8142
Finished routing net _5903_
Nets remaining: 8141
Finished routing net _5946_
Nets remaining: 8140
Finished routing net _6000_
Nets remaining: 8139
Finished routing net _6011_
Nets remaining: 8138
Finished routing net _6054_
Nets remaining: 8137
Finished routing net _6087_
Nets remaining: 8136
Finished routing net _6108_
Nets remaining: 8135
Finished routing net _6130_
Nets remaining: 8134
Finished routing net _6141_
Nets remaining: 8133
Finished routing net _6151_
Nets remaining: 8132
Finished routing net _6173_
Nets remaining: 8131
Finished routing net _6184_
Nets remaining: 8130
Finished routing net _6195_
Nets remaining: 8129
Finished routing net _6270_
Nets remaining: 8128
Finished routing net _6292_
Nets remaining: 8127
Finished routing net _6324_
Nets remaining: 8126
Finished routing net _6335_
Nets remaining: 8125
Finished routing net _6378_
Nets remaining: 8124
Finished routing net _6389_
Nets remaining: 8123
Finished routing net _6422_
Nets remaining: 8122
Finished routing net _6443_
Nets remaining: 8121
Finished routing net _6487_
Nets remaining: 8120
Finished routing net _6541_
Nets remaining: 8119
Finished routing net _6603_
Nets remaining: 8118
Finished routing net _6658_
Nets remaining: 8117
Finished routing net _6669_
Nets remaining: 8116
Finished routing net _6680_
Nets remaining: 8115
Finished routing net _6734_
Nets remaining: 8114
Finished routing net _6787_
Nets remaining: 8113
Finished routing net _6809_
Nets remaining: 8112
Finished routing net _6820_
Nets remaining: 8111
Finished routing net _6884_
Nets remaining: 8110
Finished routing net _6906_
Nets remaining: 8109
Finished routing net _6960_
Nets remaining: 8108
Failed to route net x3_r[4]
Finished routing net _7089_
Nets remaining: 8107
Finished routing net _7132_
Nets remaining: 8106
Failed to route net x1_i[4]
Finished routing net _7218_
Nets remaining: 8105
Finished routing net _7302_
Nets remaining: 8104
Failed to route net _7346_
Finished routing net _7357_
Nets remaining: 8103
Finished routing net _7379_
Nets remaining: 8102
Finished routing net _7390_
Nets remaining: 8101
Finished routing net _7443_
Nets remaining: 8100
Finished routing net _7454_
Nets remaining: 8099
Finished routing net _7465_
Nets remaining: 8098
Finished routing net _7497_
Nets remaining: 8097
Finished routing net _7562_
Nets remaining: 8096
Finished routing net _7615_
Nets remaining: 8095
Finished routing net _7659_
Nets remaining: 8094
Finished routing net _7680_
Nets remaining: 8093
Finished routing net _7756_
Nets remaining: 8092
Finished routing net _7766_
Nets remaining: 8091
Finished routing net _7777_
Nets remaining: 8090
Finished routing net _7799_
Nets remaining: 8089
Finished routing net _7852_
Nets remaining: 8088
Finished routing net _7917_
Nets remaining: 8087
Finished routing net _7935_
Nets remaining: 8086
Finished routing net _7957_
Nets remaining: 8085
Finished routing net _7979_
Nets remaining: 8084
Finished routing net _8034_
Nets remaining: 8083
Finished routing net _8078_
Nets remaining: 8082
Finished routing net _8089_
Nets remaining: 8081
Finished routing net _8100_
Nets remaining: 8080
Finished routing net _8111_
Nets remaining: 8079
Finished routing net _8133_
Nets remaining: 8078
Finished routing net _8155_
Nets remaining: 8077
Finished routing net _8210_
Nets remaining: 8076
Finished routing net _8221_
Nets remaining: 8075
Finished routing net _8243_
Nets remaining: 8074
Finished routing net _8265_
Nets remaining: 8073
Finished routing net _8276_
Nets remaining: 8072
Finished routing net _8298_
Nets remaining: 8071
Finished routing net _8309_
Nets remaining: 8070
Finished routing net _8375_
Nets remaining: 8069
Finished routing net _8397_
Nets remaining: 8068
Finished routing net _8430_
Nets remaining: 8067
Finished routing net _8463_
Nets remaining: 8066
Finished routing net _8474_
Nets remaining: 8065
Finished routing net x3_r[6]
Nets remaining: 8064
Finished routing net _8496_
Nets remaining: 8063
Finished routing net x7_r[6]
Nets remaining: 8062
Finished routing net _8518_
Nets remaining: 8061
Finished routing net _8551_
Nets remaining: 8060
Failed to route net _8584_
Finished routing net _8617_
Nets remaining: 8059
Finished routing net _8628_
Nets remaining: 8058
Finished routing net x1_i[6]
Nets remaining: 8057
Finished routing net _8639_
Nets remaining: 8056
Finished routing net x5_i[6]
Nets remaining: 8055
Finished routing net _8661_
Nets remaining: 8054
Finished routing net _8716_
Nets remaining: 8053
Finished routing net _8727_
Nets remaining: 8052
Finished routing net _8738_
Nets remaining: 8051
Finished routing net _8749_
Nets remaining: 8050
Finished routing net _8782_
Nets remaining: 8049
Finished routing net _8793_
Nets remaining: 8048
Finished routing net _8815_
Nets remaining: 8047
Finished routing net _8837_
Nets remaining: 8046
Finished routing net _8859_
Nets remaining: 8045
Finished routing net _8881_
Nets remaining: 8044
Finished routing net _8892_
Nets remaining: 8043
Finished routing net _8903_
Nets remaining: 8042
Finished routing net _8980_
Nets remaining: 8041
Finished routing net _9045_
Nets remaining: 8040
Finished routing net _9078_
Nets remaining: 8039
Finished routing net _9089_
Nets remaining: 8038
Finished routing net _9100_
Nets remaining: 8037
Finished routing net _9111_
Nets remaining: 8036
Finished routing net _9133_
Nets remaining: 8035
Finished routing net _9155_
Nets remaining: 8034
Finished routing net _9176_
Nets remaining: 8033
Finished routing net _9209_
Nets remaining: 8032
Finished routing net _9220_
Nets remaining: 8031
Finished routing net _9231_
Nets remaining: 8030
Finished routing net _9253_
Nets remaining: 8029
Finished routing net _9286_
Nets remaining: 8028
Finished routing net _9308_
Nets remaining: 8027
Finished routing net _9330_
Nets remaining: 8026
Finished routing net _9351_
Nets remaining: 8025
Finished routing net _9362_
Nets remaining: 8024
Finished routing net _9373_
Nets remaining: 8023
Finished routing net _9384_
Nets remaining: 8022
Finished routing net _9406_
Nets remaining: 8021
Finished routing net _9417_
Nets remaining: 8020
Finished routing net _9439_
Nets remaining: 8019
Finished routing net x3_r[7]
Nets remaining: 8018
Finished routing net _9472_
Nets remaining: 8017
Finished routing net x7_r[7]
Nets remaining: 8016
Finished routing net _9494_
Nets remaining: 8015
Finished routing net _9505_
Nets remaining: 8014
Finished routing net _9548_
Nets remaining: 8013
Finished routing net x1_i[7]
Nets remaining: 8012
Finished routing net _9581_
Nets remaining: 8011
Finished routing net x5_i[7]
Nets remaining: 8010
Finished routing net _9603_
Nets remaining: 8009
Finished routing net _9614_
Nets remaining: 8008
Finished routing net _9658_
Nets remaining: 8007
Finished routing net _9712_
Nets remaining: 8006
Finished routing net _9734_
Nets remaining: 8005
Finished routing net _9745_
Nets remaining: 8004
Finished routing net _9756_
Nets remaining: 8003
Finished routing net _9778_
Nets remaining: 8002
Finished routing net _9855_
Nets remaining: 8001
Finished routing net _9866_
Nets remaining: 8000
Finished routing net _9888_
Nets remaining: 7999
Finished routing net _9899_
Nets remaining: 7998
Finished routing net _9909_
Nets remaining: 7997
Finished routing net _9920_
Nets remaining: 7996
Failed to route net _9931_
Finished routing net _9942_
Nets remaining: 7995
Finished routing net _9953_
Nets remaining: 7994
Finished routing net _9964_
Nets remaining: 7993
Finished routing net _9986_
Nets remaining: 7992
Finished routing net _9997_
Nets remaining: 7991
Finished routing net _10040_
Nets remaining: 7990
Finished routing net _10062_
Nets remaining: 7989
Finished routing net _10138_
Nets remaining: 7988
Finished routing net _10160_
Nets remaining: 7987
Finished routing net _10193_
Nets remaining: 7986
Finished routing net _10214_
Nets remaining: 7985
Finished routing net _10247_
Nets remaining: 7984
Finished routing net _10280_
Nets remaining: 7983
Finished routing net _10291_
Nets remaining: 7982
Finished routing net _10302_
Nets remaining: 7981
Finished routing net _10313_
Nets remaining: 7980
Finished routing net _10323_
Nets remaining: 7979
Finished routing net _10334_
Nets remaining: 7978
Finished routing net _10345_
Nets remaining: 7977
Finished routing net _10388_
Nets remaining: 7976
Finished routing net _10410_
Nets remaining: 7975
Finished routing net _10442_
Nets remaining: 7974
Finished routing net x1_r[0]
Nets remaining: 7973
Finished routing net _10547_
Nets remaining: 7972
Finished routing net _10569_
Nets remaining: 7971
Finished routing net _10601_
Nets remaining: 7970
Finished routing net _10611_
Nets remaining: 7969
Finished routing net _10633_
Nets remaining: 7968
Finished routing net _10643_
Nets remaining: 7967
Finished routing net _10654_
Nets remaining: 7966
Finished routing net _10675_
Nets remaining: 7965
Finished routing net _10686_
Nets remaining: 7964
Finished routing net _10707_
Nets remaining: 7963
Finished routing net _10717_
Nets remaining: 7962
Finished routing net _20_
Nets remaining: 7961
Finished routing net _31_
Nets remaining: 7960
Finished routing net _41_
Nets remaining: 7959
Finished routing net _52_
Nets remaining: 7958
Finished routing net _73_
Nets remaining: 7957
Finished routing net _84_
Nets remaining: 7956
Finished routing net _94_
Nets remaining: 7955
Finished routing net _113_
Nets remaining: 7954
Finished routing net _166_
Nets remaining: 7953
Finished routing net _176_
Nets remaining: 7952
Finished routing net _301_
Nets remaining: 7951
Finished routing net _312_
Nets remaining: 7950
Finished routing net _362_
Nets remaining: 7949
Finished routing net _382_
Nets remaining: 7948
Finished routing net _393_
Nets remaining: 7947
Finished routing net _414_
Nets remaining: 7946
Finished routing net _435_
Nets remaining: 7945
Finished routing net _445_
Nets remaining: 7944
Finished routing net _476_
Nets remaining: 7943
Finished routing net _508_
Nets remaining: 7942
Finished routing net _529_
Nets remaining: 7941
Finished routing net _591_
Nets remaining: 7940
Finished routing net _601_
Nets remaining: 7939
Finished routing net _609_
Nets remaining: 7938
Finished routing net _619_
Nets remaining: 7937
Finished routing net _629_
Nets remaining: 7936
Finished routing net _660_
Nets remaining: 7935
Finished routing net _680_
Nets remaining: 7934
Finished routing net _799_
Nets remaining: 7933
Finished routing net _818_
Nets remaining: 7932
Finished routing net _828_
Nets remaining: 7931
Finished routing net _868_
Nets remaining: 7930
Finished routing net _916_
Nets remaining: 7929
Finished routing net _934_
Nets remaining: 7928
Finished routing net _944_
Nets remaining: 7927
Finished routing net _978_
Nets remaining: 7926
Finished routing net _998_
Nets remaining: 7925
Finished routing net _1035_
Nets remaining: 7924
Finished routing net _1061_
Nets remaining: 7923
Finished routing net _1071_
Nets remaining: 7922
Finished routing net _1081_
Nets remaining: 7921
Finished routing net _1112_
Nets remaining: 7920
Finished routing net _1122_
Nets remaining: 7919
Finished routing net _1199_
Nets remaining: 7918
Finished routing net _1210_
Nets remaining: 7917
Finished routing net _1219_
Nets remaining: 7916
Finished routing net _1230_
Nets remaining: 7915
Finished routing net _1250_
Nets remaining: 7914
Finished routing net _1269_
Nets remaining: 7913
Finished routing net _1280_
Nets remaining: 7912
Finished routing net _1290_
Nets remaining: 7911
Finished routing net _1309_
Nets remaining: 7910
Finished routing net _1319_
Nets remaining: 7909
Finished routing net _1366_
Nets remaining: 7908
Finished routing net _1385_
Nets remaining: 7907
Finished routing net _1404_
Nets remaining: 7906
Finished routing net _1459_
Nets remaining: 7905
Finished routing net _1478_
Nets remaining: 7904
Finished routing net _1487_
Nets remaining: 7903
Finished routing net _1506_
Nets remaining: 7902
Finished routing net _1508_
Nets remaining: 7901
Finished routing net _1510_
Nets remaining: 7900
Finished routing net _1511_
Nets remaining: 7899
Failed to route net _1524_
Finished routing net _1529_
Nets remaining: 7898
Failed to route net _1532_
Finished routing net _1533_
Nets remaining: 7897
Finished routing net _1534_
Nets remaining: 7896
Failed to route net _1538_
Finished routing net _1544_
Nets remaining: 7895
Finished routing net _1545_
Nets remaining: 7894
Failed to route net _1549_
Finished routing net _1550_
Nets remaining: 7893
Finished routing net _1551_
Nets remaining: 7892
Finished routing net _1555_
Nets remaining: 7891
Finished routing net _1556_
Nets remaining: 7890
Finished routing net _1558_
Nets remaining: 7889
Finished routing net _1560_
Nets remaining: 7888
Finished routing net _1563_
Nets remaining: 7887
Finished routing net _1565_
Nets remaining: 7886
Finished routing net _1570_
Nets remaining: 7885
Finished routing net _1572_
Nets remaining: 7884
Finished routing net _1573_
Nets remaining: 7883
Finished routing net _1575_
Nets remaining: 7882
Finished routing net _1578_
Nets remaining: 7881
Finished routing net _1580_
Nets remaining: 7880
Finished routing net _1585_
Nets remaining: 7879
Finished routing net _1591_
Nets remaining: 7878
Failed to route net _1593_
Finished routing net _1595_
Nets remaining: 7877
Finished routing net _1597_
Nets remaining: 7876
Finished routing net _1605_
Nets remaining: 7875
Failed to route net _1606_
Finished routing net _1607_
Nets remaining: 7874
Finished routing net _1610_
Nets remaining: 7873
Finished routing net _1612_
Nets remaining: 7872
Finished routing net _1615_
Nets remaining: 7871
Finished routing net _1617_
Nets remaining: 7870
Finished routing net _1618_
Nets remaining: 7869
Finished routing net _1619_
Nets remaining: 7868
Finished routing net _1620_
Nets remaining: 7867
Finished routing net _1621_
Nets remaining: 7866
Finished routing net _1622_
Nets remaining: 7865
Finished routing net _1623_
Nets remaining: 7864
Finished routing net _1625_
Nets remaining: 7863
Failed to route net _1629_
Finished routing net _1630_
Nets remaining: 7862
Finished routing net _1631_
Nets remaining: 7861
Finished routing net _1632_
Nets remaining: 7860
Finished routing net _1634_
Nets remaining: 7859
Finished routing net _1635_
Nets remaining: 7858
Finished routing net _1641_
Nets remaining: 7857
Finished routing net _1642_
Nets remaining: 7856
Finished routing net _1643_
Nets remaining: 7855
Finished routing net _1645_
Nets remaining: 7854
Finished routing net _1648_
Nets remaining: 7853
Finished routing net _1650_
Nets remaining: 7852
Finished routing net _1651_
Nets remaining: 7851
Finished routing net _1652_
Nets remaining: 7850
Finished routing net _1655_
Nets remaining: 7849
Finished routing net x1_r[6]
Nets remaining: 7848
Finished routing net _1656_
Nets remaining: 7847
Finished routing net x5_r[6]
Nets remaining: 7846
Finished routing net _1657_
Nets remaining: 7845
Finished routing net _1658_
Nets remaining: 7844
Finished routing net _1662_
Nets remaining: 7843
Finished routing net _1663_
Nets remaining: 7842
Finished routing net _1667_
Nets remaining: 7841
Finished routing net _1668_
Nets remaining: 7840
Finished routing net _1670_
Nets remaining: 7839
Failed to route net _1676_
Finished routing net _1683_
Nets remaining: 7838
Failed to route net _1687_
Failed to route net _1688_
Finished routing net _1692_
Nets remaining: 7837
Finished routing net _1694_
Nets remaining: 7836
Finished routing net _1695_
Nets remaining: 7835
Finished routing net _1697_
Nets remaining: 7834
Finished routing net _1705_
Nets remaining: 7833
Finished routing net _1708_
Nets remaining: 7832
Finished routing net _1709_
Nets remaining: 7831
Finished routing net _1711_
Nets remaining: 7830
Finished routing net _1712_
Nets remaining: 7829
Finished routing net _1714_
Nets remaining: 7828
Finished routing net _1715_
Nets remaining: 7827
Finished routing net _1717_
Nets remaining: 7826
Finished routing net _1718_
Nets remaining: 7825
Finished routing net _1719_
Nets remaining: 7824
Finished routing net _1720_
Nets remaining: 7823
Finished routing net _1722_
Nets remaining: 7822
Finished routing net _1726_
Nets remaining: 7821
Finished routing net _1728_
Nets remaining: 7820
Finished routing net _1729_
Nets remaining: 7819
Failed to route net _1732_
Finished routing net _1733_
Nets remaining: 7818
Finished routing net _1740_
Nets remaining: 7817
Finished routing net _1742_
Nets remaining: 7816
Finished routing net x3_i[7]
Nets remaining: 7815
Finished routing net _1744_
Nets remaining: 7814
Finished routing net _1745_
Nets remaining: 7813
Finished routing net _1747_
Nets remaining: 7812
Failed to route net _1749_
Finished routing net _1750_
Nets remaining: 7811
Finished routing net x1_r[7]
Nets remaining: 7810
Finished routing net _1752_
Nets remaining: 7809
Finished routing net x5_r[7]
Nets remaining: 7808
Finished routing net _1754_
Nets remaining: 7807
Finished routing net _1757_
Nets remaining: 7806
Finished routing net _1759_
Nets remaining: 7805
Finished routing net _1760_
Nets remaining: 7804
Finished routing net _1762_
Nets remaining: 7803
Finished routing net _1768_
Nets remaining: 7802
Finished routing net _1773_
Nets remaining: 7801
Finished routing net _1774_
Nets remaining: 7800
Finished routing net _1785_
Nets remaining: 7799
Finished routing net _1786_
Nets remaining: 7798
Failed to route net _1788_
Finished routing net _1792_
Nets remaining: 7797
Finished routing net _1794_
Nets remaining: 7796
Finished routing net _1796_
Nets remaining: 7795
Finished routing net _1798_
Nets remaining: 7794
Finished routing net _1801_
Nets remaining: 7793
Finished routing net _1802_
Nets remaining: 7792
Finished routing net _1806_
Nets remaining: 7791
Failed to route net _1808_
Failed to route net _1812_
Failed to route net _1817_
Failed to route net _1820_
Finished routing net _1827_
Nets remaining: 7790
Finished routing net _1829_
Nets remaining: 7789
Finished routing net _1830_
Nets remaining: 7788
Finished routing net _1831_
Nets remaining: 7787
Finished routing net _1832_
Nets remaining: 7786
Finished routing net _1836_
Nets remaining: 7785
Finished routing net _1838_
Nets remaining: 7784
Finished routing net _1840_
Nets remaining: 7783
Finished routing net _1843_
Nets remaining: 7782
Finished routing net _1845_
Nets remaining: 7781
Finished routing net _1847_
Nets remaining: 7780
Finished routing net _1848_
Nets remaining: 7779
Finished routing net _1849_
Nets remaining: 7778
Finished routing net _1851_
Nets remaining: 7777
Finished routing net _1853_
Nets remaining: 7776
Finished routing net _1854_
Nets remaining: 7775
Finished routing net _1855_
Nets remaining: 7774
Finished routing net _1856_
Nets remaining: 7773
Finished routing net _1857_
Nets remaining: 7772
Finished routing net _1858_
Nets remaining: 7771
Finished routing net _1860_
Nets remaining: 7770
Finished routing net _1861_
Nets remaining: 7769
Finished routing net _1867_
Nets remaining: 7768
Finished routing net _1868_
Nets remaining: 7767
Finished routing net _1872_
Nets remaining: 7766
Finished routing net _1873_
Nets remaining: 7765
Finished routing net _1874_
Nets remaining: 7764
Finished routing net _1879_
Nets remaining: 7763
Finished routing net _1882_
Nets remaining: 7762
Finished routing net _1886_
Nets remaining: 7761
Finished routing net _1889_
Nets remaining: 7760
Finished routing net _1891_
Nets remaining: 7759
Finished routing net _1893_
Nets remaining: 7758
Finished routing net _1895_
Nets remaining: 7757
Finished routing net _1896_
Nets remaining: 7756
Finished routing net _1903_
Nets remaining: 7755
Finished routing net _1904_
Nets remaining: 7754
Finished routing net _1905_
Nets remaining: 7753
Finished routing net _1906_
Nets remaining: 7752
Finished routing net _1909_
Nets remaining: 7751
Finished routing net _1913_
Nets remaining: 7750
Finished routing net _1914_
Nets remaining: 7749
Finished routing net _1916_
Nets remaining: 7748
Finished routing net x1_i[8]
Nets remaining: 7747
Finished routing net _1922_
Nets remaining: 7746
Finished routing net _1923_
Nets remaining: 7745
Finished routing net _1925_
Nets remaining: 7744
Finished routing net _1927_
Nets remaining: 7743
Finished routing net _1932_
Nets remaining: 7742
Failed to route net _1933_
Finished routing net _1935_
Nets remaining: 7741
Finished routing net _1936_
Nets remaining: 7740
Finished routing net _1942_
Nets remaining: 7739
Finished routing net _1943_
Nets remaining: 7738
Finished routing net _1944_
Nets remaining: 7737
Finished routing net _1954_
Nets remaining: 7736
Finished routing net _1956_
Nets remaining: 7735
Finished routing net _1958_
Nets remaining: 7734
Finished routing net _1959_
Nets remaining: 7733
Failed to route net _1962_
Finished routing net _1963_
Nets remaining: 7732
Finished routing net _1968_
Nets remaining: 7731
Finished routing net _1971_
Nets remaining: 7730
Finished routing net _1974_
Nets remaining: 7729
Finished routing net _1976_
Nets remaining: 7728
Finished routing net _1977_
Nets remaining: 7727
Finished routing net _1978_
Nets remaining: 7726
Finished routing net _1979_
Nets remaining: 7725
Finished routing net _1981_
Nets remaining: 7724
Finished routing net _1982_
Nets remaining: 7723
Finished routing net _1983_
Nets remaining: 7722
Finished routing net _1990_
Nets remaining: 7721
Finished routing net _1992_
Nets remaining: 7720
Finished routing net _1993_
Nets remaining: 7719
Finished routing net _1994_
Nets remaining: 7718
Failed to route net _1995_
Finished routing net _1996_
Nets remaining: 7717
Finished routing net _1999_
Nets remaining: 7716
Finished routing net _2000_
Nets remaining: 7715
Finished routing net _2001_
Nets remaining: 7714
Finished routing net _2004_
Nets remaining: 7713
Finished routing net _2009_
Nets remaining: 7712
Finished routing net _2016_
Nets remaining: 7711
Finished routing net x7_i[8]
Nets remaining: 7710
Finished routing net _2019_
Nets remaining: 7709
Finished routing net x3_i[8]
Nets remaining: 7708
Finished routing net _2021_
Nets remaining: 7707
Finished routing net _2024_
Nets remaining: 7706
Finished routing net _2025_
Nets remaining: 7705
Finished routing net _2029_
Nets remaining: 7704
Finished routing net x1_r[8]
Nets remaining: 7703
Finished routing net x5_r[8]
Nets remaining: 7702
Finished routing net _2040_
Nets remaining: 7701
Finished routing net _2041_
Nets remaining: 7700
Finished routing net _2045_
Nets remaining: 7699
Finished routing net _2047_
Nets remaining: 7698
Failed to route net _2054_
Finished routing net _2057_
Nets remaining: 7697
Finished routing net _2062_
Nets remaining: 7696
Finished routing net _2065_
Nets remaining: 7695
Finished routing net _2066_
Nets remaining: 7694
Finished routing net _2073_
Nets remaining: 7693
Failed to route net _2074_
Failed to route net _2075_
Failed to route net _2077_
Finished routing net _2078_
Nets remaining: 7692
Finished routing net _2079_
Nets remaining: 7691
Finished routing net _2080_
Nets remaining: 7690
Finished routing net _2082_
Nets remaining: 7689
Finished routing net _2083_
Nets remaining: 7688
Finished routing net _2084_
Nets remaining: 7687
Finished routing net _2085_
Nets remaining: 7686
Finished routing net _2087_
Nets remaining: 7685
Finished routing net _2088_
Nets remaining: 7684
Finished routing net _2089_
Nets remaining: 7683
Finished routing net _2091_
Nets remaining: 7682
Finished routing net _2092_
Nets remaining: 7681
Finished routing net _2093_
Nets remaining: 7680
Finished routing net _2094_
Nets remaining: 7679
Finished routing net _2097_
Nets remaining: 7678
Finished routing net _2098_
Nets remaining: 7677
Finished routing net _2099_
Nets remaining: 7676
Finished routing net _2101_
Nets remaining: 7675
Finished routing net _2102_
Nets remaining: 7674
Finished routing net _2105_
Nets remaining: 7673
Finished routing net _2107_
Nets remaining: 7672
Finished routing net _2109_
Nets remaining: 7671
Finished routing net _2112_
Nets remaining: 7670
Finished routing net _2113_
Nets remaining: 7669
Finished routing net _2114_
Nets remaining: 7668
Finished routing net _2126_
Nets remaining: 7667
Finished routing net _2130_
Nets remaining: 7666
Finished routing net _2131_
Nets remaining: 7665
Finished routing net _2132_
Nets remaining: 7664
Finished routing net _2133_
Nets remaining: 7663
Finished routing net _2134_
Nets remaining: 7662
Finished routing net _2148_
Nets remaining: 7661
Finished routing net _2150_
Nets remaining: 7660
Finished routing net _2153_
Nets remaining: 7659
Finished routing net _2155_
Nets remaining: 7658
Finished routing net _2160_
Nets remaining: 7657
Finished routing net _2165_
Nets remaining: 7656
Finished routing net _2171_
Nets remaining: 7655
Finished routing net _2172_
Nets remaining: 7654
Finished routing net _2173_
Nets remaining: 7653
Finished routing net _2174_
Nets remaining: 7652
Finished routing net _2177_
Nets remaining: 7651
Finished routing net _2179_
Nets remaining: 7650
Finished routing net _2180_
Nets remaining: 7649
Finished routing net _2184_
Nets remaining: 7648
Finished routing net _2187_
Nets remaining: 7647
Failed to route net _2188_
Failed to route net _2191_
Finished routing net _2196_
Nets remaining: 7646
Finished routing net _2197_
Nets remaining: 7645
Finished routing net _2202_
Nets remaining: 7644
Finished routing net _2204_
Nets remaining: 7643
Finished routing net _2205_
Nets remaining: 7642
Finished routing net _2206_
Nets remaining: 7641
Finished routing net _2207_
Nets remaining: 7640
Finished routing net _2208_
Nets remaining: 7639
Finished routing net _2210_
Nets remaining: 7638
Finished routing net _2213_
Nets remaining: 7637
Finished routing net _2220_
Nets remaining: 7636
Finished routing net _2222_
Nets remaining: 7635
Finished routing net _2226_
Nets remaining: 7634
Finished routing net _2228_
Nets remaining: 7633
Finished routing net _2229_
Nets remaining: 7632
Finished routing net _2232_
Nets remaining: 7631
Finished routing net _2239_
Nets remaining: 7630
Finished routing net _2240_
Nets remaining: 7629
Finished routing net _2241_
Nets remaining: 7628
Finished routing net _2242_
Nets remaining: 7627
Finished routing net _2247_
Nets remaining: 7626
Finished routing net _2249_
Nets remaining: 7625
Finished routing net _2250_
Nets remaining: 7624
Finished routing net _2251_
Nets remaining: 7623
Finished routing net _2256_
Nets remaining: 7622
Finished routing net _2257_
Nets remaining: 7621
Finished routing net _2258_
Nets remaining: 7620
Finished routing net _2259_
Nets remaining: 7619
Finished routing net _2260_
Nets remaining: 7618
Finished routing net _2276_
Nets remaining: 7617
Finished routing net _2282_
Nets remaining: 7616
Finished routing net _2283_
Nets remaining: 7615
Finished routing net _2292_
Nets remaining: 7614
Finished routing net _2296_
Nets remaining: 7613
Finished routing net _2298_
Nets remaining: 7612
Finished routing net _2300_
Nets remaining: 7611
Finished routing net _2301_
Nets remaining: 7610
Finished routing net _2303_
Nets remaining: 7609
Finished routing net _2308_
Nets remaining: 7608
Finished routing net _2310_
Nets remaining: 7607
Finished routing net _2313_
Nets remaining: 7606
Failed to route net _2318_
Finished routing net _2323_
Nets remaining: 7605
Finished routing net _2328_
Nets remaining: 7604
Finished routing net _2330_
Nets remaining: 7603
Finished routing net x2_r[1]
Nets remaining: 7602
Finished routing net _2333_
Nets remaining: 7601
Finished routing net _2336_
Nets remaining: 7600
Finished routing net _2337_
Nets remaining: 7599
Finished routing net _2338_
Nets remaining: 7598
Finished routing net x2_r[2]
Nets remaining: 7597
Finished routing net x0_i[1]
Nets remaining: 7596
Finished routing net _2342_
Nets remaining: 7595
Finished routing net x4_i[1]
Nets remaining: 7594
Finished routing net _2344_
Nets remaining: 7593
Finished routing net _2345_
Nets remaining: 7592
Finished routing net _2347_
Nets remaining: 7591
Finished routing net x0_i[2]
Nets remaining: 7590
Finished routing net _2350_
Nets remaining: 7589
Finished routing net _2352_
Nets remaining: 7588
Finished routing net _2353_
Nets remaining: 7587
Finished routing net _2355_
Nets remaining: 7586
Finished routing net _2359_
Nets remaining: 7585
Finished routing net _2360_
Nets remaining: 7584
Finished routing net _2361_
Nets remaining: 7583
Finished routing net _2362_
Nets remaining: 7582
Finished routing net _2363_
Nets remaining: 7581
Finished routing net _2366_
Nets remaining: 7580
Finished routing net _2367_
Nets remaining: 7579
Finished routing net _2370_
Nets remaining: 7578
Finished routing net _2371_
Nets remaining: 7577
Finished routing net _2372_
Nets remaining: 7576
Finished routing net _2373_
Nets remaining: 7575
Finished routing net _2376_
Nets remaining: 7574
Finished routing net _2377_
Nets remaining: 7573
Finished routing net _2378_
Nets remaining: 7572
Finished routing net _2384_
Nets remaining: 7571
Finished routing net x7_r[9]
Nets remaining: 7570
Finished routing net _2386_
Nets remaining: 7569
Finished routing net x3_r[9]
Nets remaining: 7568
Finished routing net _2387_
Nets remaining: 7567
Finished routing net _2388_
Nets remaining: 7566
Finished routing net _2389_
Nets remaining: 7565
Finished routing net _2391_
Nets remaining: 7564
Finished routing net _2395_
Nets remaining: 7563
Finished routing net x1_i[9]
Nets remaining: 7562
Finished routing net _2398_
Nets remaining: 7561
Finished routing net x5_i[9]
Nets remaining: 7560
Finished routing net _2400_
Nets remaining: 7559
Finished routing net _2401_
Nets remaining: 7558
Finished routing net _2408_
Nets remaining: 7557
Finished routing net _2410_
Nets remaining: 7556
Finished routing net _2411_
Nets remaining: 7555
Finished routing net _2413_
Nets remaining: 7554
Failed to route net _2416_
Finished routing net _2418_
Nets remaining: 7553
Finished routing net _2419_
Nets remaining: 7552
Finished routing net _2420_
Nets remaining: 7551
Finished routing net _2421_
Nets remaining: 7550
Finished routing net _2422_
Nets remaining: 7549
Finished routing net _2423_
Nets remaining: 7548
Finished routing net _2427_
Nets remaining: 7547
Finished routing net _2428_
Nets remaining: 7546
Finished routing net _2431_
Nets remaining: 7545
Finished routing net _2432_
Nets remaining: 7544
Finished routing net _2433_
Nets remaining: 7543
Finished routing net _2434_
Nets remaining: 7542
Finished routing net _2436_
Nets remaining: 7541
Finished routing net _2438_
Nets remaining: 7540
Finished routing net _2439_
Nets remaining: 7539
Finished routing net _2443_
Nets remaining: 7538
Finished routing net _2444_
Nets remaining: 7537
Finished routing net _2446_
Nets remaining: 7536
Failed to route net _2447_
Finished routing net _2449_
Nets remaining: 7535
Finished routing net _2450_
Nets remaining: 7534
Finished routing net _2451_
Nets remaining: 7533
Finished routing net _2452_
Nets remaining: 7532
Finished routing net _2453_
Nets remaining: 7531
Finished routing net _2455_
Nets remaining: 7530
Finished routing net _2457_
Nets remaining: 7529
Finished routing net _2458_
Nets remaining: 7528
Finished routing net _2460_
Nets remaining: 7527
Finished routing net _2461_
Nets remaining: 7526
Finished routing net _2462_
Nets remaining: 7525
Finished routing net _2464_
Nets remaining: 7524
Finished routing net _2465_
Nets remaining: 7523
Finished routing net _2466_
Nets remaining: 7522
Finished routing net _2469_
Nets remaining: 7521
Finished routing net _2470_
Nets remaining: 7520
Finished routing net _2472_
Nets remaining: 7519
Finished routing net x7_i[9]
Nets remaining: 7518
Finished routing net _2473_
Nets remaining: 7517
Finished routing net x3_i[9]
Nets remaining: 7516
Finished routing net _2475_
Nets remaining: 7515
Finished routing net _2478_
Nets remaining: 7514
Finished routing net _2481_
Nets remaining: 7513
Finished routing net _2485_
Nets remaining: 7512
Finished routing net _2486_
Nets remaining: 7511
Finished routing net _2492_
Nets remaining: 7510
Finished routing net _2494_
Nets remaining: 7509
Finished routing net x5_r[9]
Nets remaining: 7508
Finished routing net _2496_
Nets remaining: 7507
Failed to route net x1_r[9]
Finished routing net _2497_
Nets remaining: 7506
Finished routing net _2498_
Nets remaining: 7505
Finished routing net _2499_
Nets remaining: 7504
Finished routing net _2507_
Nets remaining: 7503
Finished routing net _2509_
Nets remaining: 7502
Finished routing net _2510_
Nets remaining: 7501
Finished routing net _2512_
Nets remaining: 7500
Failed to route net _2514_
Finished routing net _2518_
Nets remaining: 7499
Finished routing net _2521_
Nets remaining: 7498
Failed to route net _2522_
Finished routing net _2524_
Nets remaining: 7497
Finished routing net _2525_
Nets remaining: 7496
Finished routing net _2526_
Nets remaining: 7495
Finished routing net _2527_
Nets remaining: 7494
Finished routing net _2532_
Nets remaining: 7493
Finished routing net _2534_
Nets remaining: 7492
Finished routing net _2535_
Nets remaining: 7491
Finished routing net _2536_
Nets remaining: 7490
Finished routing net _2537_
Nets remaining: 7489
Finished routing net _2538_
Nets remaining: 7488
Finished routing net _2540_
Nets remaining: 7487
Finished routing net _2546_
Nets remaining: 7486
Finished routing net _2549_
Nets remaining: 7485
Finished routing net _2550_
Nets remaining: 7484
Finished routing net _2552_
Nets remaining: 7483
Finished routing net _2553_
Nets remaining: 7482
Failed to route net _2554_
Finished routing net _2555_
Nets remaining: 7481
Failed to route net _2557_
Finished routing net _2565_
Nets remaining: 7480
Finished routing net _2585_
Nets remaining: 7479
Failed to route net _2590_
Finished routing net x3_r[10]
Nets remaining: 7478
Finished routing net _2598_
Nets remaining: 7477
Finished routing net _2600_
Nets remaining: 7476
Finished routing net _2605_
Nets remaining: 7475
Finished routing net _2607_
Nets remaining: 7474
Finished routing net _2608_
Nets remaining: 7473
Finished routing net _2609_
Nets remaining: 7472
Finished routing net _2610_
Nets remaining: 7471
Finished routing net _2614_
Nets remaining: 7470
Finished routing net _2615_
Nets remaining: 7469
Finished routing net _2621_
Nets remaining: 7468
Finished routing net _2622_
Nets remaining: 7467
Finished routing net _2627_
Nets remaining: 7466
Finished routing net _2628_
Nets remaining: 7465
Finished routing net _2634_
Nets remaining: 7464
Finished routing net _2637_
Nets remaining: 7463
Finished routing net _2639_
Nets remaining: 7462
Finished routing net _2640_
Nets remaining: 7461
Finished routing net _2642_
Nets remaining: 7460
Finished routing net _2644_
Nets remaining: 7459
Finished routing net _2645_
Nets remaining: 7458
Finished routing net _2647_
Nets remaining: 7457
Finished routing net _2649_
Nets remaining: 7456
Failed to route net _2650_
Finished routing net _2652_
Nets remaining: 7455
Finished routing net _2653_
Nets remaining: 7454
Finished routing net _2658_
Nets remaining: 7453
Finished routing net _2659_
Nets remaining: 7452
Finished routing net _2663_
Nets remaining: 7451
Finished routing net _2665_
Nets remaining: 7450
Finished routing net _2666_
Nets remaining: 7449
Finished routing net _2668_
Nets remaining: 7448
Finished routing net _2669_
Nets remaining: 7447
Finished routing net _2670_
Nets remaining: 7446
Finished routing net _2671_
Nets remaining: 7445
Finished routing net _2672_
Nets remaining: 7444
Finished routing net _2673_
Nets remaining: 7443
Finished routing net _2677_
Nets remaining: 7442
Finished routing net _2686_
Nets remaining: 7441
Failed to route net _2687_
Finished routing net _2688_
Nets remaining: 7440
Finished routing net _2689_
Nets remaining: 7439
Finished routing net x3_i[10]
Nets remaining: 7438
Finished routing net _2690_
Nets remaining: 7437
Finished routing net x7_i[10]
Nets remaining: 7436
Finished routing net _2692_
Nets remaining: 7435
Finished routing net _2695_
Nets remaining: 7434
Finished routing net _2701_
Nets remaining: 7433
Finished routing net _2702_
Nets remaining: 7432
Finished routing net _2703_
Nets remaining: 7431
Finished routing net _2711_
Nets remaining: 7430
Finished routing net _2713_
Nets remaining: 7429
Finished routing net _2717_
Nets remaining: 7428
Finished routing net _2718_
Nets remaining: 7427
Finished routing net _2719_
Nets remaining: 7426
Finished routing net _2727_
Nets remaining: 7425
Finished routing net _2732_
Nets remaining: 7424
Finished routing net _2733_
Nets remaining: 7423
Finished routing net _2736_
Nets remaining: 7422
Finished routing net _2738_
Nets remaining: 7421
Finished routing net _2743_
Nets remaining: 7420
Finished routing net _2746_
Nets remaining: 7419
Finished routing net _2748_
Nets remaining: 7418
Finished routing net _2759_
Nets remaining: 7417
Finished routing net _2773_
Nets remaining: 7416
Finished routing net _2775_
Nets remaining: 7415
Finished routing net _2782_
Nets remaining: 7414
Finished routing net _2783_
Nets remaining: 7413
Finished routing net _2787_
Nets remaining: 7412
Finished routing net _2801_
Nets remaining: 7411
Finished routing net _2804_
Nets remaining: 7410
Failed to route net _2810_
Failed to route net _2811_
Finished routing net _2816_
Nets remaining: 7409
Finished routing net _2819_
Nets remaining: 7408
Finished routing net _2820_
Nets remaining: 7407
Finished routing net _2823_
Nets remaining: 7406
Finished routing net _2826_
Nets remaining: 7405
Finished routing net _2829_
Nets remaining: 7404
Finished routing net _2830_
Nets remaining: 7403
Failed to route net _2832_
Finished routing net _2833_
Nets remaining: 7402
Finished routing net _2835_
Nets remaining: 7401
Finished routing net _2836_
Nets remaining: 7400
Finished routing net _2837_
Nets remaining: 7399
Finished routing net _2838_
Nets remaining: 7398
Failed to route net _2840_
Finished routing net _2843_
Nets remaining: 7397
Finished routing net _2844_
Nets remaining: 7396
Finished routing net _2847_
Nets remaining: 7395
Finished routing net _2848_
Nets remaining: 7394
Finished routing net _2850_
Nets remaining: 7393
Finished routing net _2851_
Nets remaining: 7392
Finished routing net _2855_
Nets remaining: 7391
Finished routing net _2862_
Nets remaining: 7390
Finished routing net _2864_
Nets remaining: 7389
Finished routing net _2865_
Nets remaining: 7388
Finished routing net _2866_
Nets remaining: 7387
Finished routing net _2868_
Nets remaining: 7386
Finished routing net _2875_
Nets remaining: 7385
Finished routing net _2879_
Nets remaining: 7384
Finished routing net _2880_
Nets remaining: 7383
Finished routing net _2890_
Nets remaining: 7382
Finished routing net _2891_
Nets remaining: 7381
Finished routing net _2893_
Nets remaining: 7380
Finished routing net _2896_
Nets remaining: 7379
Finished routing net _2897_
Nets remaining: 7378
Finished routing net _2899_
Nets remaining: 7377
Finished routing net _2900_
Nets remaining: 7376
Finished routing net _2902_
Nets remaining: 7375
Finished routing net _2903_
Nets remaining: 7374
Finished routing net _2905_
Nets remaining: 7373
Finished routing net _2906_
Nets remaining: 7372
Finished routing net _2907_
Nets remaining: 7371
Finished routing net _2908_
Nets remaining: 7370
Finished routing net _2913_
Nets remaining: 7369
Finished routing net _2914_
Nets remaining: 7368
Finished routing net _2917_
Nets remaining: 7367
Failed to route net _2918_
Finished routing net _2919_
Nets remaining: 7366
Finished routing net _2920_
Nets remaining: 7365
Finished routing net _2921_
Nets remaining: 7364
Finished routing net _2925_
Nets remaining: 7363
Finished routing net _2939_
Nets remaining: 7362
Failed to route net _2941_
Finished routing net _2942_
Nets remaining: 7361
Finished routing net _2943_
Nets remaining: 7360
Finished routing net _2944_
Nets remaining: 7359
Finished routing net _2945_
Nets remaining: 7358
Finished routing net _2948_
Nets remaining: 7357
Finished routing net _2950_
Nets remaining: 7356
Finished routing net _2952_
Nets remaining: 7355
Finished routing net _2957_
Nets remaining: 7354
Finished routing net _2963_
Nets remaining: 7353
Finished routing net _2964_
Nets remaining: 7352
Finished routing net _2965_
Nets remaining: 7351
Finished routing net _2968_
Nets remaining: 7350
Finished routing net _2974_
Nets remaining: 7349
Finished routing net _2977_
Nets remaining: 7348
Finished routing net x3_r[11]
Nets remaining: 7347
Finished routing net _2978_
Nets remaining: 7346
Finished routing net _2979_
Nets remaining: 7345
Finished routing net _2980_
Nets remaining: 7344
Finished routing net _2983_
Nets remaining: 7343
Finished routing net _2984_
Nets remaining: 7342
Finished routing net _2985_
Nets remaining: 7341
Finished routing net x5_i[11]
Nets remaining: 7340
Finished routing net _2986_
Nets remaining: 7339
Finished routing net x1_i[11]
Nets remaining: 7338
Finished routing net _2987_
Nets remaining: 7337
Finished routing net _2988_
Nets remaining: 7336
Finished routing net _2991_
Nets remaining: 7335
Finished routing net _2993_
Nets remaining: 7334
Finished routing net _2994_
Nets remaining: 7333
Finished routing net _2995_
Nets remaining: 7332
Finished routing net _3000_
Nets remaining: 7331
Finished routing net _3002_
Nets remaining: 7330
Finished routing net _3003_
Nets remaining: 7329
Finished routing net _3005_
Nets remaining: 7328
Finished routing net _3007_
Nets remaining: 7327
Finished routing net _3008_
Nets remaining: 7326
Finished routing net _3013_
Nets remaining: 7325
Finished routing net _3016_
Nets remaining: 7324
Finished routing net _3019_
Nets remaining: 7323
Finished routing net _3024_
Nets remaining: 7322
Finished routing net _3026_
Nets remaining: 7321
Finished routing net _3027_
Nets remaining: 7320
Finished routing net _3028_
Nets remaining: 7319
Finished routing net _3029_
Nets remaining: 7318
Finished routing net _3033_
Nets remaining: 7317
Finished routing net _3034_
Nets remaining: 7316
Finished routing net _3036_
Nets remaining: 7315
Finished routing net _3039_
Nets remaining: 7314
Finished routing net _3041_
Nets remaining: 7313
Finished routing net _3042_
Nets remaining: 7312
Finished routing net _3043_
Nets remaining: 7311
Finished routing net _3044_
Nets remaining: 7310
Finished routing net _3045_
Nets remaining: 7309
Finished routing net _3047_
Nets remaining: 7308
Finished routing net _3050_
Nets remaining: 7307
Finished routing net _3052_
Nets remaining: 7306
Finished routing net _3054_
Nets remaining: 7305
Finished routing net _3055_
Nets remaining: 7304
Finished routing net _3057_
Nets remaining: 7303
Finished routing net x3_i[11]
Nets remaining: 7302
Finished routing net _3061_
Nets remaining: 7301
Finished routing net x7_i[11]
Nets remaining: 7300
Finished routing net _3063_
Nets remaining: 7299
Finished routing net _3064_
Nets remaining: 7298
Finished routing net _3069_
Nets remaining: 7297
Finished routing net _3071_
Nets remaining: 7296
Finished routing net x1_r[11]
Nets remaining: 7295
Finished routing net _3074_
Nets remaining: 7294
Finished routing net _3076_
Nets remaining: 7293
Finished routing net _3084_
Nets remaining: 7292
Finished routing net _3088_
Nets remaining: 7291
Finished routing net _3093_
Nets remaining: 7290
Failed to route net _3094_
Finished routing net _3096_
Nets remaining: 7289
Finished routing net _3099_
Nets remaining: 7288
Finished routing net _3100_
Nets remaining: 7287
Failed to route net _3101_
Finished routing net _3103_
Nets remaining: 7286
Finished routing net _3104_
Nets remaining: 7285
Finished routing net _3105_
Nets remaining: 7284
Finished routing net _3108_
Nets remaining: 7283
Finished routing net _3113_
Nets remaining: 7282
Finished routing net _3121_
Nets remaining: 7281
Finished routing net _3124_
Nets remaining: 7280
Finished routing net _3126_
Nets remaining: 7279
Finished routing net _3132_
Nets remaining: 7278
Finished routing net _3133_
Nets remaining: 7277
Finished routing net _3140_
Nets remaining: 7276
Finished routing net _3141_
Nets remaining: 7275
Finished routing net _3154_
Nets remaining: 7274
Finished routing net _3162_
Nets remaining: 7273
Finished routing net _3163_
Nets remaining: 7272
Finished routing net _3168_
Nets remaining: 7271
Finished routing net _3169_
Nets remaining: 7270
Finished routing net _3172_
Nets remaining: 7269
Finished routing net _3173_
Nets remaining: 7268
Finished routing net _3182_
Nets remaining: 7267
Finished routing net _3183_
Nets remaining: 7266
Finished routing net _3194_
Nets remaining: 7265
Finished routing net _3195_
Nets remaining: 7264
Finished routing net _3198_
Nets remaining: 7263
Finished routing net _3199_
Nets remaining: 7262
Finished routing net _3200_
Nets remaining: 7261
Finished routing net _3203_
Nets remaining: 7260
Failed to route net _3204_
Finished routing net _3208_
Nets remaining: 7259
Failed to route net _3209_
Finished routing net _3212_
Nets remaining: 7258
Finished routing net _3213_
Nets remaining: 7257
Finished routing net _3215_
Nets remaining: 7256
Finished routing net _3217_
Nets remaining: 7255
Finished routing net _3222_
Nets remaining: 7254
Finished routing net _3224_
Nets remaining: 7253
Finished routing net _3226_
Nets remaining: 7252
Finished routing net _3227_
Nets remaining: 7251
Finished routing net _3231_
Nets remaining: 7250
Finished routing net _3233_
Nets remaining: 7249
Finished routing net _3235_
Nets remaining: 7248
Finished routing net _3237_
Nets remaining: 7247
Finished routing net _3239_
Nets remaining: 7246
Finished routing net x2_r[3]
Nets remaining: 7245
Finished routing net _3242_
Nets remaining: 7244
Finished routing net _3246_
Nets remaining: 7243
Finished routing net _3247_
Nets remaining: 7242
Finished routing net x0_i[3]
Nets remaining: 7241
Finished routing net _3249_
Nets remaining: 7240
Finished routing net _3250_
Nets remaining: 7239
Finished routing net _3251_
Nets remaining: 7238
Finished routing net _3253_
Nets remaining: 7237
Finished routing net _3254_
Nets remaining: 7236
Finished routing net _3255_
Nets remaining: 7235
Finished routing net _3257_
Nets remaining: 7234
Finished routing net _3260_
Nets remaining: 7233
Finished routing net _3262_
Nets remaining: 7232
Finished routing net _3264_
Nets remaining: 7231
Finished routing net _3265_
Nets remaining: 7230
Finished routing net _3270_
Nets remaining: 7229
Failed to route net _3271_
Finished routing net _3272_
Nets remaining: 7228
Finished routing net _3274_
Nets remaining: 7227
Finished routing net _3276_
Nets remaining: 7226
Finished routing net _3279_
Nets remaining: 7225
Finished routing net _3283_
Nets remaining: 7224
Finished routing net _3288_
Nets remaining: 7223
Finished routing net _3289_
Nets remaining: 7222
Finished routing net _3291_
Nets remaining: 7221
Finished routing net _3294_
Nets remaining: 7220
Finished routing net _3296_
Nets remaining: 7219
Finished routing net _3297_
Nets remaining: 7218
Finished routing net _3300_
Nets remaining: 7217
Finished routing net _3301_
Nets remaining: 7216
Finished routing net _3303_
Nets remaining: 7215
Finished routing net _3304_
Nets remaining: 7214
Finished routing net _3307_
Nets remaining: 7213
Finished routing net _3311_
Nets remaining: 7212
Finished routing net _3318_
Nets remaining: 7211
Finished routing net _3319_
Nets remaining: 7210
Finished routing net _3321_
Nets remaining: 7209
Finished routing net _3322_
Nets remaining: 7208
Finished routing net _3323_
Nets remaining: 7207
Finished routing net _3326_
Nets remaining: 7206
Finished routing net _3327_
Nets remaining: 7205
Finished routing net _3330_
Nets remaining: 7204
Failed to route net _3336_
Finished routing net _3338_
Nets remaining: 7203
Finished routing net _3342_
Nets remaining: 7202
Finished routing net _3344_
Nets remaining: 7201
Finished routing net _3349_
Nets remaining: 7200
Finished routing net _3352_
Nets remaining: 7199
Finished routing net _3363_
Nets remaining: 7198
Finished routing net _3365_
Nets remaining: 7197
Finished routing net _3366_
Nets remaining: 7196
Finished routing net _3367_
Nets remaining: 7195
Finished routing net _3369_
Nets remaining: 7194
Finished routing net _3376_
Nets remaining: 7193
Finished routing net _3377_
Nets remaining: 7192
Finished routing net _3379_
Nets remaining: 7191
Finished routing net _3380_
Nets remaining: 7190
Finished routing net _3383_
Nets remaining: 7189
Finished routing net _3386_
Nets remaining: 7188
Finished routing net _3388_
Nets remaining: 7187
Finished routing net _3389_
Nets remaining: 7186
Finished routing net _3390_
Nets remaining: 7185
Finished routing net _3391_
Nets remaining: 7184
Finished routing net _3393_
Nets remaining: 7183
Finished routing net _3394_
Nets remaining: 7182
Finished routing net _3395_
Nets remaining: 7181
Finished routing net _3396_
Nets remaining: 7180
Finished routing net _3397_
Nets remaining: 7179
Finished routing net _3398_
Nets remaining: 7178
Finished routing net _3399_
Nets remaining: 7177
Finished routing net _3405_
Nets remaining: 7176
Finished routing net _3406_
Nets remaining: 7175
Finished routing net _3413_
Nets remaining: 7174
Finished routing net _3414_
Nets remaining: 7173
Finished routing net _3415_
Nets remaining: 7172
Finished routing net _3419_
Nets remaining: 7171
Finished routing net _3422_
Nets remaining: 7170
Finished routing net _3429_
Nets remaining: 7169
Finished routing net _3431_
Nets remaining: 7168
Finished routing net _3433_
Nets remaining: 7167
Finished routing net _3435_
Nets remaining: 7166
Finished routing net _3441_
Nets remaining: 7165
Finished routing net _3444_
Nets remaining: 7164
Failed to route net _3446_
Finished routing net _3447_
Nets remaining: 7163
Finished routing net _3449_
Nets remaining: 7162
Finished routing net _3454_
Nets remaining: 7161
Finished routing net _3457_
Nets remaining: 7160
Failed to route net _3459_
Failed to route net _3466_
Finished routing net _3467_
Nets remaining: 7159
Failed to route net _3469_
Failed to route net _3472_
Finished routing net _3476_
Nets remaining: 7158
Finished routing net _3482_
Nets remaining: 7157
Finished routing net _3487_
Nets remaining: 7156
Finished routing net _3488_
Nets remaining: 7155
Finished routing net _3491_
Nets remaining: 7154
Finished routing net _3498_
Nets remaining: 7153
Finished routing net _3500_
Nets remaining: 7152
Finished routing net _3501_
Nets remaining: 7151
Failed to route net _3506_
Finished routing net _3507_
Nets remaining: 7150
Finished routing net _3516_
Nets remaining: 7149
Finished routing net _3519_
Nets remaining: 7148
Finished routing net _3520_
Nets remaining: 7147
Finished routing net _3522_
Nets remaining: 7146
Finished routing net _3524_
Nets remaining: 7145
Finished routing net _3526_
Nets remaining: 7144
Finished routing net _3528_
Nets remaining: 7143
Finished routing net _3533_
Nets remaining: 7142
Finished routing net _3534_
Nets remaining: 7141
Finished routing net _3538_
Nets remaining: 7140
Finished routing net _3549_
Nets remaining: 7139
Finished routing net _3550_
Nets remaining: 7138
Finished routing net _3552_
Nets remaining: 7137
Finished routing net _3553_
Nets remaining: 7136
Finished routing net _3554_
Nets remaining: 7135
Finished routing net _3558_
Nets remaining: 7134
Finished routing net _3559_
Nets remaining: 7133
Finished routing net _3560_
Nets remaining: 7132
Finished routing net _3562_
Nets remaining: 7131
Finished routing net _3563_
Nets remaining: 7130
Finished routing net _3564_
Nets remaining: 7129
Finished routing net _3567_
Nets remaining: 7128
Finished routing net _3568_
Nets remaining: 7127
Finished routing net _3570_
Nets remaining: 7126
Finished routing net _3571_
Nets remaining: 7125
Finished routing net _3573_
Nets remaining: 7124
Finished routing net _3574_
Nets remaining: 7123
Failed to route net _3579_
Failed to route net _3583_
Finished routing net _3584_
Nets remaining: 7122
Finished routing net _3587_
Nets remaining: 7121
Finished routing net _3588_
Nets remaining: 7120
Finished routing net _3596_
Nets remaining: 7119
Finished routing net _3597_
Nets remaining: 7118
Finished routing net _3599_
Nets remaining: 7117
Finished routing net _3600_
Nets remaining: 7116
Finished routing net x2_r[4]
Nets remaining: 7115
Finished routing net _3601_
Nets remaining: 7114
Finished routing net _3603_
Nets remaining: 7113
Finished routing net _3607_
Nets remaining: 7112
Finished routing net _3610_
Nets remaining: 7111
Finished routing net _3613_
Nets remaining: 7110
Finished routing net _3614_
Nets remaining: 7109
Finished routing net _3616_
Nets remaining: 7108
Finished routing net _3617_
Nets remaining: 7107
Finished routing net _3619_
Nets remaining: 7106
Finished routing net _3624_
Nets remaining: 7105
Finished routing net _3625_
Nets remaining: 7104
Finished routing net _3626_
Nets remaining: 7103
Finished routing net _3627_
Nets remaining: 7102
Finished routing net _3630_
Nets remaining: 7101
Finished routing net _3635_
Nets remaining: 7100
Finished routing net _3640_
Nets remaining: 7099
Finished routing net _3641_
Nets remaining: 7098
Finished routing net _3642_
Nets remaining: 7097
Finished routing net _3645_
Nets remaining: 7096
Finished routing net _3649_
Nets remaining: 7095
Finished routing net _3654_
Nets remaining: 7094
Finished routing net _3655_
Nets remaining: 7093
Finished routing net _3658_
Nets remaining: 7092
Finished routing net _3661_
Nets remaining: 7091
Finished routing net _3667_
Nets remaining: 7090
Finished routing net _3668_
Nets remaining: 7089
Finished routing net _3675_
Nets remaining: 7088
Finished routing net _3678_
Nets remaining: 7087
Finished routing net _3684_
Nets remaining: 7086
Finished routing net _3686_
Nets remaining: 7085
Finished routing net _3689_
Nets remaining: 7084
Finished routing net _3692_
Nets remaining: 7083
Finished routing net _3694_
Nets remaining: 7082
Finished routing net _3696_
Nets remaining: 7081
Finished routing net _3697_
Nets remaining: 7080
Finished routing net _3699_
Nets remaining: 7079
Finished routing net _3703_
Nets remaining: 7078
Finished routing net _3705_
Nets remaining: 7077
Finished routing net _3706_
Nets remaining: 7076
Finished routing net _3707_
Nets remaining: 7075
Finished routing net _3708_
Nets remaining: 7074
Finished routing net _3709_
Nets remaining: 7073
Finished routing net _3710_
Nets remaining: 7072
Finished routing net _3711_
Nets remaining: 7071
Finished routing net _3714_
Nets remaining: 7070
Finished routing net _3715_
Nets remaining: 7069
Finished routing net _3718_
Nets remaining: 7068
Finished routing net _3719_
Nets remaining: 7067
Finished routing net _3720_
Nets remaining: 7066
Finished routing net _3722_
Nets remaining: 7065
Finished routing net _3723_
Nets remaining: 7064
Finished routing net _3724_
Nets remaining: 7063
Finished routing net _3728_
Nets remaining: 7062
Finished routing net _3729_
Nets remaining: 7061
Finished routing net _3730_
Nets remaining: 7060
Finished routing net _3732_
Nets remaining: 7059
Finished routing net _3733_
Nets remaining: 7058
Finished routing net _3734_
Nets remaining: 7057
Finished routing net _3735_
Nets remaining: 7056
Finished routing net _3737_
Nets remaining: 7055
Finished routing net _3738_
Nets remaining: 7054
Finished routing net _3739_
Nets remaining: 7053
Finished routing net _3740_
Nets remaining: 7052
Finished routing net _3743_
Nets remaining: 7051
Finished routing net _3744_
Nets remaining: 7050
Finished routing net _3747_
Nets remaining: 7049
Finished routing net _3748_
Nets remaining: 7048
Finished routing net _3749_
Nets remaining: 7047
Finished routing net _3753_
Nets remaining: 7046
Finished routing net _3754_
Nets remaining: 7045
Finished routing net _3757_
Nets remaining: 7044
Finished routing net _3758_
Nets remaining: 7043
Finished routing net _3759_
Nets remaining: 7042
Finished routing net x7_i[13]
Nets remaining: 7041
Finished routing net _3761_
Nets remaining: 7040
Finished routing net x3_i[13]
Nets remaining: 7039
Finished routing net _3762_
Nets remaining: 7038
Finished routing net _3763_
Nets remaining: 7037
Finished routing net _3766_
Nets remaining: 7036
Finished routing net _3767_
Nets remaining: 7035
Failed to route net _3768_
Finished routing net x5_r[13]
Nets remaining: 7034
Finished routing net _3770_
Nets remaining: 7033
Finished routing net x1_r[13]
Nets remaining: 7032
Finished routing net _3772_
Nets remaining: 7031
Finished routing net _3775_
Nets remaining: 7030
Finished routing net _3776_
Nets remaining: 7029
Finished routing net _3778_
Nets remaining: 7028
Finished routing net _3780_
Nets remaining: 7027
Finished routing net _3790_
Nets remaining: 7026
Finished routing net _3792_
Nets remaining: 7025
Finished routing net _3793_
Nets remaining: 7024
Finished routing net _3794_
Nets remaining: 7023
Finished routing net _3800_
Nets remaining: 7022
Failed to route net _3801_
Finished routing net _3802_
Nets remaining: 7021
Finished routing net _3806_
Nets remaining: 7020
Finished routing net _3808_
Nets remaining: 7019
Finished routing net _3810_
Nets remaining: 7018
Finished routing net _3813_
Nets remaining: 7017
Finished routing net _3814_
Nets remaining: 7016
Failed to route net _3820_
Finished routing net _3822_
Nets remaining: 7015
Finished routing net _3825_
Nets remaining: 7014
Finished routing net _3827_
Nets remaining: 7013
Finished routing net _3828_
Nets remaining: 7012
Finished routing net _3829_
Nets remaining: 7011
Finished routing net _3833_
Nets remaining: 7010
Finished routing net _3837_
Nets remaining: 7009
Finished routing net _3840_
Nets remaining: 7008
Finished routing net _3841_
Nets remaining: 7007
Finished routing net _3847_
Nets remaining: 7006
Finished routing net _3849_
Nets remaining: 7005
Finished routing net _3860_
Nets remaining: 7004
Finished routing net _3862_
Nets remaining: 7003
Finished routing net _3863_
Nets remaining: 7002
Finished routing net _3864_
Nets remaining: 7001
Finished routing net _3866_
Nets remaining: 7000
Failed to route net _3870_
Finished routing net _3872_
Nets remaining: 6999
Finished routing net _3873_
Nets remaining: 6998
Finished routing net _3876_
Nets remaining: 6997
Failed to route net _3877_
Finished routing net _3879_
Nets remaining: 6996
Finished routing net _3880_
Nets remaining: 6995
Finished routing net _3881_
Nets remaining: 6994
Finished routing net _3882_
Nets remaining: 6993
Finished routing net _3883_
Nets remaining: 6992
Failed to route net _3884_
Finished routing net _3887_
Nets remaining: 6991
Finished routing net _3888_
Nets remaining: 6990
Finished routing net _3890_
Nets remaining: 6989
Failed to route net _3893_
Finished routing net _3905_
Nets remaining: 6988
Finished routing net _3908_
Nets remaining: 6987
Finished routing net _3909_
Nets remaining: 6986
Finished routing net x2_r[5]
Nets remaining: 6985
Finished routing net _3910_
Nets remaining: 6984
Finished routing net _3912_
Nets remaining: 6983
Finished routing net x4_i[5]
Nets remaining: 6982
Finished routing net _3916_
Nets remaining: 6981
Finished routing net x0_i[5]
Nets remaining: 6980
Finished routing net _3917_
Nets remaining: 6979
Finished routing net _3918_
Nets remaining: 6978
Finished routing net _3921_
Nets remaining: 6977
Finished routing net _3922_
Nets remaining: 6976
Finished routing net _3924_
Nets remaining: 6975
Finished routing net _3925_
Nets remaining: 6974
Finished routing net _3926_
Nets remaining: 6973
Finished routing net _3927_
Nets remaining: 6972
Finished routing net _3929_
Nets remaining: 6971
Finished routing net _3931_
Nets remaining: 6970
Finished routing net _3934_
Nets remaining: 6969
Finished routing net _3935_
Nets remaining: 6968
Finished routing net _3938_
Nets remaining: 6967
Finished routing net _3940_
Nets remaining: 6966
Finished routing net _3941_
Nets remaining: 6965
Finished routing net _3943_
Nets remaining: 6964
Finished routing net _3944_
Nets remaining: 6963
Finished routing net _3946_
Nets remaining: 6962
Finished routing net _3947_
Nets remaining: 6961
Finished routing net _3948_
Nets remaining: 6960
Finished routing net _3950_
Nets remaining: 6959
Finished routing net _3953_
Nets remaining: 6958
Finished routing net _3954_
Nets remaining: 6957
Finished routing net _3956_
Nets remaining: 6956
Finished routing net _3957_
Nets remaining: 6955
Finished routing net _3958_
Nets remaining: 6954
Finished routing net _3962_
Nets remaining: 6953
Finished routing net _3964_
Nets remaining: 6952
Finished routing net _3968_
Nets remaining: 6951
Finished routing net _3972_
Nets remaining: 6950
Finished routing net _3976_
Nets remaining: 6949
Finished routing net x3_r[14]
Nets remaining: 6948
Finished routing net _3977_
Nets remaining: 6947
Finished routing net _3979_
Nets remaining: 6946
Finished routing net _3982_
Nets remaining: 6945
Finished routing net x1_i[14]
Nets remaining: 6944
Failed to route net _3984_
Finished routing net _3989_
Nets remaining: 6943
Finished routing net _3990_
Nets remaining: 6942
Finished routing net _3992_
Nets remaining: 6941
Finished routing net _3994_
Nets remaining: 6940
Failed to route net _3998_
Finished routing net _3999_
Nets remaining: 6939
Finished routing net _4001_
Nets remaining: 6938
Finished routing net _4005_
Nets remaining: 6937
Finished routing net _4007_
Nets remaining: 6936
Finished routing net _4016_
Nets remaining: 6935
Finished routing net _4018_
Nets remaining: 6934
Finished routing net _4019_
Nets remaining: 6933
Finished routing net _4020_
Nets remaining: 6932
Finished routing net _4021_
Nets remaining: 6931
Finished routing net _4023_
Nets remaining: 6930
Finished routing net _4025_
Nets remaining: 6929
Finished routing net _4027_
Nets remaining: 6928
Finished routing net _4028_
Nets remaining: 6927
Finished routing net _4031_
Nets remaining: 6926
Finished routing net _4032_
Nets remaining: 6925
Finished routing net _4033_
Nets remaining: 6924
Finished routing net _4038_
Nets remaining: 6923
Finished routing net _4042_
Nets remaining: 6922
Finished routing net _4050_
Nets remaining: 6921
Failed to route net _4051_
Failed to route net _4052_
Finished routing net _4053_
Nets remaining: 6920
Finished routing net _4061_
Nets remaining: 6919
Finished routing net _4062_
Nets remaining: 6918
Finished routing net _4064_
Nets remaining: 6917
Finished routing net x3_i[14]
Nets remaining: 6916
Finished routing net _4066_
Nets remaining: 6915
Finished routing net _4067_
Nets remaining: 6914
Failed to route net _4070_
Finished routing net _4071_
Nets remaining: 6913
Finished routing net _4072_
Nets remaining: 6912
Finished routing net _4074_
Nets remaining: 6911
Finished routing net x1_r[14]
Nets remaining: 6910
Finished routing net _4079_
Nets remaining: 6909
Finished routing net _4088_
Nets remaining: 6908
Failed to route net _4090_
Finished routing net _4093_
Nets remaining: 6907
Finished routing net _4095_
Nets remaining: 6906
Finished routing net _4096_
Nets remaining: 6905
Failed to route net _4099_
Finished routing net _4103_
Nets remaining: 6904
Failed to route net _4104_
Finished routing net _4105_
Nets remaining: 6903
Finished routing net _4108_
Nets remaining: 6902
Finished routing net _4109_
Nets remaining: 6901
Finished routing net _4113_
Nets remaining: 6900
Finished routing net _4116_
Nets remaining: 6899
Finished routing net _4117_
Nets remaining: 6898
Finished routing net _4120_
Nets remaining: 6897
Finished routing net _4122_
Nets remaining: 6896
Finished routing net _4128_
Nets remaining: 6895
Finished routing net _4133_
Nets remaining: 6894
Finished routing net _4134_
Nets remaining: 6893
Finished routing net _4139_
Nets remaining: 6892
Finished routing net _4142_
Nets remaining: 6891
Finished routing net _4149_
Nets remaining: 6890
Finished routing net _4151_
Nets remaining: 6889
Finished routing net _4157_
Nets remaining: 6888
Finished routing net _4163_
Nets remaining: 6887
Finished routing net _4174_
Nets remaining: 6886
Finished routing net _4175_
Nets remaining: 6885
Finished routing net _4177_
Nets remaining: 6884
Finished routing net _4178_
Nets remaining: 6883
Finished routing net _4179_
Nets remaining: 6882
Finished routing net _4183_
Nets remaining: 6881
Finished routing net _4184_
Nets remaining: 6880
Finished routing net _4185_
Nets remaining: 6879
Finished routing net _4186_
Nets remaining: 6878
Failed to route net _4187_
Finished routing net _4188_
Nets remaining: 6877
Finished routing net _4189_
Nets remaining: 6876
Finished routing net _4193_
Nets remaining: 6875
Finished routing net _4194_
Nets remaining: 6874
Finished routing net _4196_
Nets remaining: 6873
Finished routing net _4197_
Nets remaining: 6872
Finished routing net _4198_
Nets remaining: 6871
Finished routing net _4199_
Nets remaining: 6870
Finished routing net _4207_
Nets remaining: 6869
Finished routing net _4208_
Nets remaining: 6868
Finished routing net _4209_
Nets remaining: 6867
Finished routing net _4212_
Nets remaining: 6866
Finished routing net _4215_
Nets remaining: 6865
Finished routing net _4216_
Nets remaining: 6864
Finished routing net _4217_
Nets remaining: 6863
Finished routing net _4223_
Nets remaining: 6862
Finished routing net _4230_
Nets remaining: 6861
Finished routing net _4233_
Nets remaining: 6860
Finished routing net _4234_
Nets remaining: 6859
Finished routing net x2_r[6]
Nets remaining: 6858
Finished routing net _4235_
Nets remaining: 6857
Finished routing net _4237_
Nets remaining: 6856
Finished routing net x0_i[6]
Nets remaining: 6855
Finished routing net _4241_
Nets remaining: 6854
Finished routing net _4242_
Nets remaining: 6853
Finished routing net _4249_
Nets remaining: 6852
Finished routing net _4250_
Nets remaining: 6851
Failed to route net _4253_
Finished routing net _4254_
Nets remaining: 6850
Finished routing net _4255_
Nets remaining: 6849
Finished routing net _4256_
Nets remaining: 6848
Finished routing net _4261_
Nets remaining: 6847
Finished routing net _4262_
Nets remaining: 6846
Finished routing net _4266_
Nets remaining: 6845
Finished routing net _4268_
Nets remaining: 6844
Finished routing net _4270_
Nets remaining: 6843
Finished routing net _4272_
Nets remaining: 6842
Finished routing net _4273_
Nets remaining: 6841
Finished routing net _4274_
Nets remaining: 6840
Finished routing net _4282_
Nets remaining: 6839
Failed to route net _4283_
Finished routing net _4285_
Nets remaining: 6838
Finished routing net _4287_
Nets remaining: 6837
Finished routing net _4289_
Nets remaining: 6836
Finished routing net _4290_
Nets remaining: 6835
Finished routing net _4291_
Nets remaining: 6834
Failed to route net _4294_
Finished routing net _4295_
Nets remaining: 6833
Finished routing net _4297_
Nets remaining: 6832
Finished routing net _4299_
Nets remaining: 6831
Finished routing net _4304_
Nets remaining: 6830
Finished routing net _4309_
Nets remaining: 6829
Finished routing net _4311_
Nets remaining: 6828
Finished routing net _4312_
Nets remaining: 6827
Finished routing net _4314_
Nets remaining: 6826
Finished routing net _4315_
Nets remaining: 6825
Finished routing net _4317_
Nets remaining: 6824
Finished routing net _4321_
Nets remaining: 6823
Finished routing net _4322_
Nets remaining: 6822
Finished routing net _4323_
Nets remaining: 6821
Finished routing net _4325_
Nets remaining: 6820
Finished routing net _4326_
Nets remaining: 6819
Finished routing net _4327_
Nets remaining: 6818
Finished routing net _4330_
Nets remaining: 6817
Finished routing net _4331_
Nets remaining: 6816
Finished routing net _4332_
Nets remaining: 6815
Finished routing net _4334_
Nets remaining: 6814
Finished routing net _4335_
Nets remaining: 6813
Finished routing net _4336_
Nets remaining: 6812
Finished routing net _4337_
Nets remaining: 6811
Finished routing net _4339_
Nets remaining: 6810
Finished routing net _4340_
Nets remaining: 6809
Finished routing net _4341_
Nets remaining: 6808
Finished routing net _4342_
Nets remaining: 6807
Finished routing net _4345_
Nets remaining: 6806
Finished routing net _4347_
Nets remaining: 6805
Finished routing net _4351_
Nets remaining: 6804
Finished routing net _4352_
Nets remaining: 6803
Finished routing net _4356_
Nets remaining: 6802
Finished routing net _4359_
Nets remaining: 6801
Finished routing net _4362_
Nets remaining: 6800
Finished routing net _4363_
Nets remaining: 6799
Finished routing net _4369_
Nets remaining: 6798
Finished routing net _4371_
Nets remaining: 6797
Finished routing net _4374_
Nets remaining: 6796
Finished routing net _4376_
Nets remaining: 6795
Finished routing net _4378_
Nets remaining: 6794
Finished routing net _4379_
Nets remaining: 6793
Finished routing net _4380_
Nets remaining: 6792
Finished routing net _4382_
Nets remaining: 6791
Finished routing net _4383_
Nets remaining: 6790
Finished routing net _4387_
Nets remaining: 6789
Finished routing net _4389_
Nets remaining: 6788
Finished routing net _4390_
Nets remaining: 6787
Failed to route net _4391_
Finished routing net _4392_
Nets remaining: 6786
Finished routing net _4393_
Nets remaining: 6785
Finished routing net _4394_
Nets remaining: 6784
Finished routing net _4396_
Nets remaining: 6783
Finished routing net _4398_
Nets remaining: 6782
Finished routing net _4399_
Nets remaining: 6781
Finished routing net _4402_
Nets remaining: 6780
Failed to route net _4404_
Finished routing net _4405_
Nets remaining: 6779
Finished routing net _4406_
Nets remaining: 6778
Finished routing net _4409_
Nets remaining: 6777
Finished routing net _4410_
Nets remaining: 6776
Finished routing net _4412_
Nets remaining: 6775
Finished routing net _4413_
Nets remaining: 6774
Finished routing net _4414_
Nets remaining: 6773
Finished routing net _4416_
Nets remaining: 6772
Finished routing net _4417_
Nets remaining: 6771
Finished routing net _4418_
Nets remaining: 6770
Finished routing net _4419_
Nets remaining: 6769
Finished routing net _4422_
Nets remaining: 6768
Finished routing net _4423_
Nets remaining: 6767
Finished routing net _4424_
Nets remaining: 6766
Finished routing net _4426_
Nets remaining: 6765
Failed to route net _4427_
Finished routing net _4433_
Nets remaining: 6764
Finished routing net _4435_
Nets remaining: 6763
Finished routing net _4436_
Nets remaining: 6762
Finished routing net _4438_
Nets remaining: 6761
Finished routing net _4439_
Nets remaining: 6760
Finished routing net _4440_
Nets remaining: 6759
Finished routing net _4447_
Nets remaining: 6758
Finished routing net _4448_
Nets remaining: 6757
Finished routing net _4452_
Nets remaining: 6756
Finished routing net _4453_
Nets remaining: 6755
Finished routing net _4455_
Nets remaining: 6754
Finished routing net _4460_
Nets remaining: 6753
Finished routing net _4461_
Nets remaining: 6752
Finished routing net _4466_
Nets remaining: 6751
Finished routing net _4467_
Nets remaining: 6750
Finished routing net _4470_
Nets remaining: 6749
Finished routing net _4474_
Nets remaining: 6748
Finished routing net _4478_
Nets remaining: 6747
Finished routing net _4482_
Nets remaining: 6746
Finished routing net _4492_
Nets remaining: 6745
Finished routing net _4494_
Nets remaining: 6744
Finished routing net _4495_
Nets remaining: 6743
Finished routing net _4496_
Nets remaining: 6742
Finished routing net _4497_
Nets remaining: 6741
Finished routing net _4499_
Nets remaining: 6740
Finished routing net _4500_
Nets remaining: 6739
Finished routing net _4501_
Nets remaining: 6738
Finished routing net _4504_
Nets remaining: 6737
Finished routing net _4506_
Nets remaining: 6736
Failed to route net _4510_
Finished routing net _4512_
Nets remaining: 6735
Finished routing net _4513_
Nets remaining: 6734
Failed to route net x2_r[7]
Finished routing net _4514_
Nets remaining: 6733
Finished routing net _4516_
Nets remaining: 6732
Finished routing net _4519_
Nets remaining: 6731
Finished routing net _4520_
Nets remaining: 6730
Finished routing net _4521_
Nets remaining: 6729
Finished routing net x0_i[7]
Nets remaining: 6728
Finished routing net _4522_
Nets remaining: 6727
Finished routing net _4524_
Nets remaining: 6726
Finished routing net _4525_
Nets remaining: 6725
Finished routing net _4526_
Nets remaining: 6724
Finished routing net _4527_
Nets remaining: 6723
Finished routing net _4528_
Nets remaining: 6722
Finished routing net _4529_
Nets remaining: 6721
Finished routing net _4531_
Nets remaining: 6720
Finished routing net _4535_
Nets remaining: 6719
Finished routing net _4536_
Nets remaining: 6718
Finished routing net _4538_
Nets remaining: 6717
Finished routing net _4539_
Nets remaining: 6716
Finished routing net _4542_
Nets remaining: 6715
Finished routing net _4544_
Nets remaining: 6714
Finished routing net _4545_
Nets remaining: 6713
Finished routing net _4547_
Nets remaining: 6712
Finished routing net _4551_
Nets remaining: 6711
Finished routing net _4552_
Nets remaining: 6710
Finished routing net _4553_
Nets remaining: 6709
Finished routing net _4555_
Nets remaining: 6708
Finished routing net _4557_
Nets remaining: 6707
Finished routing net _4558_
Nets remaining: 6706
Finished routing net _4563_
Nets remaining: 6705
Finished routing net _4567_
Nets remaining: 6704
Finished routing net _4568_
Nets remaining: 6703
Finished routing net _4570_
Nets remaining: 6702
Finished routing net _4573_
Nets remaining: 6701
Finished routing net _4576_
Nets remaining: 6700
Finished routing net _4577_
Nets remaining: 6699
Finished routing net _4582_
Nets remaining: 6698
Finished routing net _4586_
Nets remaining: 6697
Finished routing net _4587_
Nets remaining: 6696
Finished routing net _4588_
Nets remaining: 6695
Finished routing net _4591_
Nets remaining: 6694
Finished routing net _4592_
Nets remaining: 6693
Finished routing net _4594_
Nets remaining: 6692
Finished routing net _4595_
Nets remaining: 6691
Finished routing net _4597_
Nets remaining: 6690
Finished routing net _4598_
Nets remaining: 6689
Finished routing net _4599_
Nets remaining: 6688
Finished routing net _4600_
Nets remaining: 6687
Finished routing net _4604_
Nets remaining: 6686
Finished routing net _4609_
Nets remaining: 6685
Finished routing net _4618_
Nets remaining: 6684
Finished routing net _4623_
Nets remaining: 6683
Finished routing net _4632_
Nets remaining: 6682
Finished routing net _4637_
Nets remaining: 6681
Finished routing net _4638_
Nets remaining: 6680
Finished routing net _4642_
Nets remaining: 6679
Finished routing net _4646_
Nets remaining: 6678
Finished routing net _4647_
Nets remaining: 6677
Finished routing net _4648_
Nets remaining: 6676
Finished routing net _4651_
Nets remaining: 6675
Finished routing net _4652_
Nets remaining: 6674
Finished routing net _4654_
Nets remaining: 6673
Finished routing net _4655_
Nets remaining: 6672
Finished routing net _4656_
Nets remaining: 6671
Finished routing net _4661_
Nets remaining: 6670
Finished routing net _4666_
Nets remaining: 6669
Finished routing net _4669_
Nets remaining: 6668
Finished routing net _4670_
Nets remaining: 6667
Finished routing net _4671_
Nets remaining: 6666
Finished routing net _4677_
Nets remaining: 6665
Finished routing net _4681_
Nets remaining: 6664
Finished routing net _4686_
Nets remaining: 6663
Finished routing net _4687_
Nets remaining: 6662
Finished routing net _4688_
Nets remaining: 6661
Finished routing net _4689_
Nets remaining: 6660
Finished routing net _4690_
Nets remaining: 6659
Finished routing net _4691_
Nets remaining: 6658
Finished routing net _4694_
Nets remaining: 6657
Finished routing net _4696_
Nets remaining: 6656
Finished routing net _4697_
Nets remaining: 6655
Finished routing net _4701_
Nets remaining: 6654
Finished routing net _4702_
Nets remaining: 6653
Finished routing net _4706_
Nets remaining: 6652
Finished routing net _4707_
Nets remaining: 6651
Finished routing net _4711_
Nets remaining: 6650
Finished routing net _4713_
Nets remaining: 6649
Finished routing net _4718_
Nets remaining: 6648
Finished routing net _4719_
Nets remaining: 6647
Finished routing net _4720_
Nets remaining: 6646
Finished routing net _4721_
Nets remaining: 6645
Finished routing net _4730_
Nets remaining: 6644
Finished routing net _4738_
Nets remaining: 6643
Finished routing net _4741_
Nets remaining: 6642
Finished routing net _4742_
Nets remaining: 6641
Finished routing net x2_r[8]
Nets remaining: 6640
Finished routing net _4743_
Nets remaining: 6639
Finished routing net _4745_
Nets remaining: 6638
Finished routing net _4749_
Nets remaining: 6637
Finished routing net x0_i[8]
Nets remaining: 6636
Finished routing net _4750_
Nets remaining: 6635
Finished routing net _4752_
Nets remaining: 6634
Finished routing net _4753_
Nets remaining: 6633
Finished routing net _4754_
Nets remaining: 6632
Finished routing net _4759_
Nets remaining: 6631
Finished routing net _4760_
Nets remaining: 6630
Finished routing net _4761_
Nets remaining: 6629
Finished routing net _4762_
Nets remaining: 6628
Finished routing net _4765_
Nets remaining: 6627
Finished routing net _4766_
Nets remaining: 6626
Finished routing net _4768_
Nets remaining: 6625
Finished routing net _4769_
Nets remaining: 6624
Finished routing net _4770_
Nets remaining: 6623
Finished routing net _4773_
Nets remaining: 6622
Finished routing net _4775_
Nets remaining: 6621
Finished routing net _4777_
Nets remaining: 6620
Finished routing net _4778_
Nets remaining: 6619
Finished routing net _4781_
Nets remaining: 6618
Finished routing net _4784_
Nets remaining: 6617
Finished routing net _4788_
Nets remaining: 6616
Finished routing net _4791_
Nets remaining: 6615
Finished routing net _4794_
Nets remaining: 6614
Finished routing net _4795_
Nets remaining: 6613
Finished routing net _4796_
Nets remaining: 6612
Finished routing net _4799_
Nets remaining: 6611
Finished routing net _4800_
Nets remaining: 6610
Finished routing net _4801_
Nets remaining: 6609
Finished routing net _4803_
Nets remaining: 6608
Finished routing net _4804_
Nets remaining: 6607
Finished routing net _4805_
Nets remaining: 6606
Finished routing net _4812_
Nets remaining: 6605
Finished routing net _4814_
Nets remaining: 6604
Finished routing net _4815_
Nets remaining: 6603
Finished routing net _4823_
Nets remaining: 6602
Finished routing net _4824_
Nets remaining: 6601
Finished routing net _4828_
Nets remaining: 6600
Failed to route net _4830_
Finished routing net _4832_
Nets remaining: 6599
Finished routing net _4836_
Nets remaining: 6598
Finished routing net _4840_
Nets remaining: 6597
Finished routing net _4842_
Nets remaining: 6596
Finished routing net _4843_
Nets remaining: 6595
Finished routing net _4846_
Nets remaining: 6594
Finished routing net _4847_
Nets remaining: 6593
Finished routing net _4848_
Nets remaining: 6592
Finished routing net _4849_
Nets remaining: 6591
Finished routing net _4853_
Nets remaining: 6590
Finished routing net _4860_
Nets remaining: 6589
Finished routing net _4861_
Nets remaining: 6588
Finished routing net _4863_
Nets remaining: 6587
Failed to route net _4872_
Finished routing net _4874_
Nets remaining: 6586
Finished routing net _4875_
Nets remaining: 6585
Finished routing net _4876_
Nets remaining: 6584
Finished routing net _4877_
Nets remaining: 6583
Failed to route net _4883_
Finished routing net _4888_
Nets remaining: 6582
Finished routing net _4891_
Nets remaining: 6581
Finished routing net _4893_
Nets remaining: 6580
Finished routing net _4896_
Nets remaining: 6579
Finished routing net _4898_
Nets remaining: 6578
Finished routing net _4903_
Nets remaining: 6577
Finished routing net _4906_
Nets remaining: 6576
Finished routing net _4910_
Nets remaining: 6575
Finished routing net _4911_
Nets remaining: 6574
Finished routing net _4912_
Nets remaining: 6573
Finished routing net _4913_
Nets remaining: 6572
Finished routing net _4914_
Nets remaining: 6571
Finished routing net _4919_
Nets remaining: 6570
Finished routing net _4921_
Nets remaining: 6569
Finished routing net _4923_
Nets remaining: 6568
Finished routing net _4924_
Nets remaining: 6567
Finished routing net _4925_
Nets remaining: 6566
Finished routing net _4928_
Nets remaining: 6565
Finished routing net _4930_
Nets remaining: 6564
Finished routing net _4936_
Nets remaining: 6563
Finished routing net _4937_
Nets remaining: 6562
Failed to route net x2_r[9]
Finished routing net _4938_
Nets remaining: 6561
Finished routing net _4940_
Nets remaining: 6560
Finished routing net _4943_
Nets remaining: 6559
Finished routing net _4945_
Nets remaining: 6558
Finished routing net _4946_
Nets remaining: 6557
Finished routing net x0_i[9]
Nets remaining: 6556
Finished routing net _4947_
Nets remaining: 6555
Finished routing net _4949_
Nets remaining: 6554
Finished routing net _4950_
Nets remaining: 6553
Finished routing net _4951_
Nets remaining: 6552
Finished routing net _4952_
Nets remaining: 6551
Finished routing net _4953_
Nets remaining: 6550
Finished routing net _4954_
Nets remaining: 6549
Finished routing net _4956_
Nets remaining: 6548
Finished routing net _4958_
Nets remaining: 6547
Finished routing net _4959_
Nets remaining: 6546
Finished routing net _4961_
Nets remaining: 6545
Finished routing net _4962_
Nets remaining: 6544
Finished routing net _4964_
Nets remaining: 6543
Finished routing net _4967_
Nets remaining: 6542
Finished routing net _4968_
Nets remaining: 6541
Finished routing net _4970_
Nets remaining: 6540
Finished routing net _4976_
Nets remaining: 6539
Finished routing net _4979_
Nets remaining: 6538
Finished routing net _4983_
Nets remaining: 6537
Finished routing net _4985_
Nets remaining: 6536
Finished routing net _4986_
Nets remaining: 6535
Finished routing net _4987_
Nets remaining: 6534
Finished routing net _4988_
Nets remaining: 6533
Finished routing net _4989_
Nets remaining: 6532
Failed to route net _4990_
Finished routing net _4996_
Nets remaining: 6531
Finished routing net _4998_
Nets remaining: 6530
Finished routing net _5001_
Nets remaining: 6529
Finished routing net _5002_
Nets remaining: 6528
Finished routing net _5005_
Nets remaining: 6527
Finished routing net _5006_
Nets remaining: 6526
Finished routing net _5008_
Nets remaining: 6525
Finished routing net _5011_
Nets remaining: 6524
Finished routing net _5013_
Nets remaining: 6523
Finished routing net _5018_
Nets remaining: 6522
Finished routing net _5022_
Nets remaining: 6521
Finished routing net _5023_
Nets remaining: 6520
Finished routing net _5026_
Nets remaining: 6519
Finished routing net _5033_
Nets remaining: 6518
Finished routing net _5036_
Nets remaining: 6517
Finished routing net _5037_
Nets remaining: 6516
Finished routing net _5038_
Nets remaining: 6515
Finished routing net _5048_
Nets remaining: 6514
Finished routing net _5050_
Nets remaining: 6513
Finished routing net _5058_
Nets remaining: 6512
Finished routing net _5060_
Nets remaining: 6511
Finished routing net _5065_
Nets remaining: 6510
Finished routing net _5066_
Nets remaining: 6509
Failed to route net _5070_
Finished routing net _5073_
Nets remaining: 6508
Failed to route net _5076_
Finished routing net _5077_
Nets remaining: 6507
Finished routing net _5079_
Nets remaining: 6506
Finished routing net _5080_
Nets remaining: 6505
Finished routing net _5082_
Nets remaining: 6504
Finished routing net _5083_
Nets remaining: 6503
Finished routing net _5087_
Nets remaining: 6502
Finished routing net _5088_
Nets remaining: 6501
Finished routing net _5089_
Nets remaining: 6500
Failed to route net _5093_
Finished routing net _5097_
Nets remaining: 6499
Finished routing net _5098_
Nets remaining: 6498
Finished routing net _5099_
Nets remaining: 6497
Finished routing net _5100_
Nets remaining: 6496
Finished routing net _5101_
Nets remaining: 6495
Finished routing net _5103_
Nets remaining: 6494
Finished routing net _5105_
Nets remaining: 6493
Finished routing net _5106_
Nets remaining: 6492
Finished routing net _5114_
Nets remaining: 6491
Finished routing net _5121_
Nets remaining: 6490
Finished routing net _5123_
Nets remaining: 6489
Finished routing net _5125_
Nets remaining: 6488
Finished routing net _5126_
Nets remaining: 6487
Finished routing net _5129_
Nets remaining: 6486
Finished routing net _5130_
Nets remaining: 6485
Failed to route net x2_r[10]
Finished routing net _5131_
Nets remaining: 6484
Finished routing net _5133_
Nets remaining: 6483
Finished routing net _5137_
Nets remaining: 6482
Finished routing net _5138_
Nets remaining: 6481
Finished routing net x0_i[10]
Nets remaining: 6480
Finished routing net _5139_
Nets remaining: 6479
Finished routing net _5141_
Nets remaining: 6478
Finished routing net _5142_
Nets remaining: 6477
Finished routing net _5143_
Nets remaining: 6476
Finished routing net _5144_
Nets remaining: 6475
Finished routing net _5145_
Nets remaining: 6474
Finished routing net _5146_
Nets remaining: 6473
Finished routing net _5151_
Nets remaining: 6472
Finished routing net _5152_
Nets remaining: 6471
Finished routing net _5154_
Nets remaining: 6470
Finished routing net _5156_
Nets remaining: 6469
Finished routing net _5157_
Nets remaining: 6468
Finished routing net _5158_
Nets remaining: 6467
Finished routing net _5159_
Nets remaining: 6466
Finished routing net _5161_
Nets remaining: 6465
Finished routing net _5164_
Nets remaining: 6464
Finished routing net _5167_
Nets remaining: 6463
Finished routing net _5168_
Nets remaining: 6462
Finished routing net _5171_
Nets remaining: 6461
Finished routing net _5173_
Nets remaining: 6460
Finished routing net _5180_
Nets remaining: 6459
Finished routing net _5182_
Nets remaining: 6458
Finished routing net _5183_
Nets remaining: 6457
Finished routing net _5190_
Nets remaining: 6456
Finished routing net _5191_
Nets remaining: 6455
Finished routing net _5193_
Nets remaining: 6454
Finished routing net _5194_
Nets remaining: 6453
Finished routing net _5196_
Nets remaining: 6452
Finished routing net _5197_
Nets remaining: 6451
Finished routing net _5199_
Nets remaining: 6450
Finished routing net _5201_
Nets remaining: 6449
Finished routing net _5202_
Nets remaining: 6448
Finished routing net _5203_
Nets remaining: 6447
Finished routing net _5204_
Nets remaining: 6446
Finished routing net _5205_
Nets remaining: 6445
Finished routing net _5208_
Nets remaining: 6444
Finished routing net _5210_
Nets remaining: 6443
Finished routing net _5213_
Nets remaining: 6442
Finished routing net _5218_
Nets remaining: 6441
Finished routing net _5219_
Nets remaining: 6440
Finished routing net _5220_
Nets remaining: 6439
Finished routing net _5222_
Nets remaining: 6438
Finished routing net _5225_
Nets remaining: 6437
Finished routing net _5226_
Nets remaining: 6436
Finished routing net _5228_
Nets remaining: 6435
Finished routing net _5231_
Nets remaining: 6434
Finished routing net _5238_
Nets remaining: 6433
Finished routing net _5240_
Nets remaining: 6432
Finished routing net _5241_
Nets remaining: 6431
Finished routing net _5242_
Nets remaining: 6430
Failed to route net _5244_
Failed to route net _5249_
Finished routing net _5251_
Nets remaining: 6429
Finished routing net _5252_
Nets remaining: 6428
Finished routing net _5254_
Nets remaining: 6427
Finished routing net _5255_
Nets remaining: 6426
Finished routing net x2_r[11]
Nets remaining: 6425
Finished routing net _5256_
Nets remaining: 6424
Finished routing net _5258_
Nets remaining: 6423
Finished routing net _5263_
Nets remaining: 6422
Finished routing net _5264_
Nets remaining: 6421
Finished routing net x0_i[11]
Nets remaining: 6420
Finished routing net _5265_
Nets remaining: 6419
Finished routing net _5267_
Nets remaining: 6418
Finished routing net _5272_
Nets remaining: 6417
Finished routing net _5274_
Nets remaining: 6416
Finished routing net _5275_
Nets remaining: 6415
Finished routing net _5276_
Nets remaining: 6414
Finished routing net _5279_
Nets remaining: 6413
Finished routing net _5280_
Nets remaining: 6412
Finished routing net _5281_
Nets remaining: 6411
Finished routing net _5286_
Nets remaining: 6410
Finished routing net _5294_
Nets remaining: 6409
Finished routing net _5298_
Nets remaining: 6408
Finished routing net _5305_
Nets remaining: 6407
Finished routing net _5312_
Nets remaining: 6406
Finished routing net _5315_
Nets remaining: 6405
Finished routing net _5317_
Nets remaining: 6404
Finished routing net _5318_
Nets remaining: 6403
Finished routing net _5322_
Nets remaining: 6402
Finished routing net _5327_
Nets remaining: 6401
Finished routing net _5328_
Nets remaining: 6400
Finished routing net _5329_
Nets remaining: 6399
Finished routing net _5333_
Nets remaining: 6398
Finished routing net _5334_
Nets remaining: 6397
Finished routing net _5336_
Nets remaining: 6396
Finished routing net _5337_
Nets remaining: 6395
Finished routing net _5338_
Nets remaining: 6394
Finished routing net _5340_
Nets remaining: 6393
Finished routing net _5342_
Nets remaining: 6392
Finished routing net _5344_
Nets remaining: 6391
Finished routing net _5345_
Nets remaining: 6390
Finished routing net _5346_
Nets remaining: 6389
Finished routing net _5347_
Nets remaining: 6388
Finished routing net _5352_
Nets remaining: 6387
Failed to route net _5357_
Finished routing net _5363_
Nets remaining: 6386
Finished routing net _5366_
Nets remaining: 6385
Finished routing net _5371_
Nets remaining: 6384
Finished routing net _5376_
Nets remaining: 6383
Finished routing net _5377_
Nets remaining: 6382
Finished routing net x2_r[12]
Nets remaining: 6381
Finished routing net _5378_
Nets remaining: 6380
Finished routing net _5380_
Nets remaining: 6379
Finished routing net _5384_
Nets remaining: 6378
Finished routing net _5385_
Nets remaining: 6377
Finished routing net x0_i[12]
Nets remaining: 6376
Finished routing net _5386_
Nets remaining: 6375
Finished routing net _5390_
Nets remaining: 6374
Finished routing net _5392_
Nets remaining: 6373
Finished routing net _5393_
Nets remaining: 6372
Finished routing net _5395_
Nets remaining: 6371
Finished routing net _5400_
Nets remaining: 6370
Finished routing net _5401_
Nets remaining: 6369
Finished routing net _5403_
Nets remaining: 6368
Finished routing net _5404_
Nets remaining: 6367
Finished routing net _5406_
Nets remaining: 6366
Finished routing net _5407_
Nets remaining: 6365
Finished routing net _5410_
Nets remaining: 6364
Finished routing net _5412_
Nets remaining: 6363
Finished routing net _5413_
Nets remaining: 6362
Finished routing net _5414_
Nets remaining: 6361
Finished routing net _5415_
Nets remaining: 6360
Finished routing net _5417_
Nets remaining: 6359
Finished routing net _5418_
Nets remaining: 6358
Finished routing net _5419_
Nets remaining: 6357
Finished routing net _5420_
Nets remaining: 6356
Finished routing net _5423_
Nets remaining: 6355
Finished routing net _5425_
Nets remaining: 6354
Finished routing net _5428_
Nets remaining: 6353
Finished routing net _5430_
Nets remaining: 6352
Finished routing net _5435_
Nets remaining: 6351
Finished routing net _5440_
Nets remaining: 6350
Finished routing net _5445_
Nets remaining: 6349
Finished routing net _5446_
Nets remaining: 6348
Finished routing net _5449_
Nets remaining: 6347
Finished routing net _5452_
Nets remaining: 6346
Finished routing net _5453_
Nets remaining: 6345
Finished routing net _5455_
Nets remaining: 6344
Finished routing net _5457_
Nets remaining: 6343
Finished routing net _5459_
Nets remaining: 6342
Finished routing net _5460_
Nets remaining: 6341
Finished routing net _5462_
Nets remaining: 6340
Finished routing net _5465_
Nets remaining: 6339
Finished routing net _5467_
Nets remaining: 6338
Finished routing net _5473_
Nets remaining: 6337
Finished routing net _5475_
Nets remaining: 6336
Finished routing net _5480_
Nets remaining: 6335
Finished routing net _5481_
Nets remaining: 6334
Finished routing net x2_r[13]
Nets remaining: 6333
Finished routing net _5482_
Nets remaining: 6332
Finished routing net _5484_
Nets remaining: 6331
Failed to route net x4_i[13]
Finished routing net _5488_
Nets remaining: 6330
Failed to route net x0_i[13]
Finished routing net _5489_
Nets remaining: 6329
Finished routing net _5490_
Nets remaining: 6328
Finished routing net _5494_
Nets remaining: 6327
Finished routing net _5495_
Nets remaining: 6326
Finished routing net _5497_
Nets remaining: 6325
Finished routing net _5498_
Nets remaining: 6324
Finished routing net _5500_
Nets remaining: 6323
Finished routing net _5501_
Nets remaining: 6322
Finished routing net _5506_
Nets remaining: 6321
Finished routing net _5507_
Nets remaining: 6320
Finished routing net _5508_
Nets remaining: 6319
Finished routing net _5509_
Nets remaining: 6318
Finished routing net _5511_
Nets remaining: 6317
Finished routing net _5518_
Nets remaining: 6316
Finished routing net _5521_
Nets remaining: 6315
Finished routing net _5523_
Nets remaining: 6314
Finished routing net _5524_
Nets remaining: 6313
Finished routing net _5528_
Nets remaining: 6312
Finished routing net _5531_
Nets remaining: 6311
Finished routing net _5536_
Nets remaining: 6310
Finished routing net _5539_
Nets remaining: 6309
Finished routing net _5547_
Nets remaining: 6308
Finished routing net _5548_
Nets remaining: 6307
Finished routing net _5551_
Nets remaining: 6306
Finished routing net _5553_
Nets remaining: 6305
Finished routing net _5554_
Nets remaining: 6304
Finished routing net _5555_
Nets remaining: 6303
Finished routing net _5556_
Nets remaining: 6302
Finished routing net _5558_
Nets remaining: 6301
Failed to route net _5560_
Finished routing net _5561_
Nets remaining: 6300
Failed to route net _5563_
Finished routing net _5565_
Nets remaining: 6299
Finished routing net _5566_
Nets remaining: 6298
Finished routing net _5567_
Nets remaining: 6297
Finished routing net _5572_
Nets remaining: 6296
Finished routing net _5574_
Nets remaining: 6295
Finished routing net x2_r[14]
Nets remaining: 6294
Finished routing net _5575_
Nets remaining: 6293
Failed to route net x0_i[14]
Finished routing net _5581_
Nets remaining: 6292
Finished routing net _5586_
Nets remaining: 6291
Finished routing net _5589_
Nets remaining: 6290
Finished routing net _5591_
Nets remaining: 6289
Finished routing net _5594_
Nets remaining: 6288
Finished routing net _5595_
Nets remaining: 6287
Finished routing net _5597_
Nets remaining: 6286
Finished routing net _5604_
Nets remaining: 6285
Finished routing net _5606_
Nets remaining: 6284
Finished routing net _5609_
Nets remaining: 6283
Finished routing net _5610_
Nets remaining: 6282
Finished routing net _5615_
Nets remaining: 6281
Finished routing net _5616_
Nets remaining: 6280
Finished routing net _5618_
Nets remaining: 6279
Finished routing net _5619_
Nets remaining: 6278
Failed to route net _5623_
Failed to route net _5627_
Failed to route net _5629_
Finished routing net _5635_
Nets remaining: 6277
Finished routing net _5639_
Nets remaining: 6276
Finished routing net _5640_
Nets remaining: 6275
Finished routing net _5643_
Nets remaining: 6274
Finished routing net _5647_
Nets remaining: 6273
Finished routing net _5649_
Nets remaining: 6272
Finished routing net _5651_
Nets remaining: 6271
Finished routing net _5653_
Nets remaining: 6270
Finished routing net _5659_
Nets remaining: 6269
Finished routing net _5663_
Nets remaining: 6268
Finished routing net _5665_
Nets remaining: 6267
Finished routing net _5668_
Nets remaining: 6266
Finished routing net _5669_
Nets remaining: 6265
Failed to route net _5670_
Finished routing net _5675_
Nets remaining: 6264
Finished routing net _5676_
Nets remaining: 6263
Finished routing net _5678_
Nets remaining: 6262
Finished routing net _5680_
Nets remaining: 6261
Finished routing net _5681_
Nets remaining: 6260
Finished routing net _5687_
Nets remaining: 6259
Finished routing net x4_r[0]
Nets remaining: 6258
Finished routing net _5698_
Nets remaining: 6257
Finished routing net _5710_
Nets remaining: 6256
Failed to route net _5721_
Finished routing net _5730_
Nets remaining: 6255
Finished routing net x2_i[1]
Nets remaining: 6254
Finished routing net _5733_
Nets remaining: 6253
Finished routing net _5736_
Nets remaining: 6252
Finished routing net _5737_
Nets remaining: 6251
Finished routing net _5738_
Nets remaining: 6250
Finished routing net x2_i[2]
Nets remaining: 6249
Finished routing net x0_r[1]
Nets remaining: 6248
Finished routing net _5744_
Nets remaining: 6247
Finished routing net _5746_
Nets remaining: 6246
Finished routing net _5747_
Nets remaining: 6245
Finished routing net _5748_
Nets remaining: 6244
Finished routing net x0_r[2]
Nets remaining: 6243
Finished routing net _5749_
Nets remaining: 6242
Finished routing net _5753_
Nets remaining: 6241
Finished routing net _5754_
Nets remaining: 6240
Finished routing net _5755_
Nets remaining: 6239
Finished routing net _5764_
Nets remaining: 6238
Finished routing net _5766_
Nets remaining: 6237
Finished routing net _5767_
Nets remaining: 6236
Finished routing net _5769_
Nets remaining: 6235
Finished routing net _5771_
Nets remaining: 6234
Finished routing net _5773_
Nets remaining: 6233
Finished routing net _5774_
Nets remaining: 6232
Finished routing net _5776_
Nets remaining: 6231
Finished routing net _5779_
Nets remaining: 6230
Finished routing net _5781_
Nets remaining: 6229
Finished routing net _5782_
Nets remaining: 6228
Finished routing net _5786_
Nets remaining: 6227
Finished routing net _5789_
Nets remaining: 6226
Finished routing net _5790_
Nets remaining: 6225
Finished routing net _5791_
Nets remaining: 6224
Finished routing net _5795_
Nets remaining: 6223
Finished routing net _5797_
Nets remaining: 6222
Finished routing net _5798_
Nets remaining: 6221
Finished routing net _5800_
Nets remaining: 6220
Finished routing net _5801_
Nets remaining: 6219
Failed to route net _5807_
Finished routing net _5811_
Nets remaining: 6218
Finished routing net _5813_
Nets remaining: 6217
Finished routing net _5814_
Nets remaining: 6216
Finished routing net _5815_
Nets remaining: 6215
Finished routing net _5817_
Nets remaining: 6214
Finished routing net _5819_
Nets remaining: 6213
Finished routing net _5820_
Nets remaining: 6212
Finished routing net _5821_
Nets remaining: 6211
Finished routing net _5823_
Nets remaining: 6210
Finished routing net x2_i[3]
Nets remaining: 6209
Finished routing net _5826_
Nets remaining: 6208
Finished routing net _5830_
Nets remaining: 6207
Finished routing net _5831_
Nets remaining: 6206
Finished routing net _5832_
Nets remaining: 6205
Finished routing net _5833_
Nets remaining: 6204
Finished routing net _5835_
Nets remaining: 6203
Finished routing net _5836_
Nets remaining: 6202
Finished routing net _5839_
Nets remaining: 6201
Finished routing net _5840_
Nets remaining: 6200
Finished routing net _5841_
Nets remaining: 6199
Finished routing net _5845_
Nets remaining: 6198
Finished routing net _5847_
Nets remaining: 6197
Finished routing net _5850_
Nets remaining: 6196
Finished routing net _5851_
Nets remaining: 6195
Finished routing net _5856_
Nets remaining: 6194
Finished routing net _5857_
Nets remaining: 6193
Finished routing net _5862_
Nets remaining: 6192
Finished routing net _5863_
Nets remaining: 6191
Finished routing net _5864_
Nets remaining: 6190
Finished routing net _5867_
Nets remaining: 6189
Finished routing net _5870_
Nets remaining: 6188
Finished routing net _5876_
Nets remaining: 6187
Finished routing net _5879_
Nets remaining: 6186
Finished routing net _5880_
Nets remaining: 6185
Finished routing net _5884_
Nets remaining: 6184
Finished routing net _5885_
Nets remaining: 6183
Finished routing net _5887_
Nets remaining: 6182
Finished routing net x2_i[4]
Nets remaining: 6181
Finished routing net _5889_
Nets remaining: 6180
Finished routing net _5894_
Nets remaining: 6179
Finished routing net _5895_
Nets remaining: 6178
Finished routing net x0_r[4]
Nets remaining: 6177
Finished routing net _5905_
Nets remaining: 6176
Finished routing net _5906_
Nets remaining: 6175
Finished routing net _5908_
Nets remaining: 6174
Finished routing net _5910_
Nets remaining: 6173
Finished routing net _5911_
Nets remaining: 6172
Finished routing net _5912_
Nets remaining: 6171
Finished routing net _5918_
Nets remaining: 6170
Finished routing net _5920_
Nets remaining: 6169
Finished routing net _5921_
Nets remaining: 6168
Finished routing net _5922_
Nets remaining: 6167
Finished routing net _5927_
Nets remaining: 6166
Finished routing net _5928_
Nets remaining: 6165
Finished routing net _5933_
Nets remaining: 6164
Finished routing net _5934_
Nets remaining: 6163
Failed to route net _5936_
Finished routing net _5937_
Nets remaining: 6162
Finished routing net _5938_
Nets remaining: 6161
Finished routing net _5942_
Nets remaining: 6160
Finished routing net _5943_
Nets remaining: 6159
Failed to route net _5944_
Finished routing net _5947_
Nets remaining: 6158
Finished routing net _5948_
Nets remaining: 6157
Failed to route net x2_i[5]
Finished routing net _5949_
Nets remaining: 6156
Finished routing net _5951_
Nets remaining: 6155
Finished routing net _5955_
Nets remaining: 6154
Finished routing net _5956_
Nets remaining: 6153
Failed to route net x0_r[5]
Finished routing net _5958_
Nets remaining: 6152
Finished routing net _5960_
Nets remaining: 6151
Finished routing net _5965_
Nets remaining: 6150
Finished routing net _5970_
Nets remaining: 6149
Finished routing net _5972_
Nets remaining: 6148
Finished routing net _5973_
Nets remaining: 6147
Finished routing net _5974_
Nets remaining: 6146
Finished routing net _5977_
Nets remaining: 6145
Finished routing net _5978_
Nets remaining: 6144
Finished routing net _5986_
Nets remaining: 6143
Finished routing net _5987_
Nets remaining: 6142
Finished routing net _5990_
Nets remaining: 6141
Finished routing net _5991_
Nets remaining: 6140
Finished routing net _5994_
Nets remaining: 6139
Finished routing net _5996_
Nets remaining: 6138
Finished routing net _5997_
Nets remaining: 6137
Finished routing net _5998_
Nets remaining: 6136
Finished routing net _6001_
Nets remaining: 6135
Finished routing net x2_i[6]
Nets remaining: 6134
Finished routing net _6003_
Nets remaining: 6133
Finished routing net _6006_
Nets remaining: 6132
Finished routing net x0_r[6]
Nets remaining: 6131
Finished routing net _6008_
Nets remaining: 6130
Finished routing net _6010_
Nets remaining: 6129
Finished routing net _6014_
Nets remaining: 6128
Finished routing net _6017_
Nets remaining: 6127
Finished routing net _6021_
Nets remaining: 6126
Finished routing net _6023_
Nets remaining: 6125
Finished routing net _6025_
Nets remaining: 6124
Finished routing net _6027_
Nets remaining: 6123
Finished routing net _6030_
Nets remaining: 6122
Finished routing net _6036_
Nets remaining: 6121
Finished routing net _6039_
Nets remaining: 6120
Finished routing net _6040_
Nets remaining: 6119
Finished routing net _6041_
Nets remaining: 6118
Finished routing net _6044_
Nets remaining: 6117
Finished routing net _6045_
Nets remaining: 6116
Finished routing net _6049_
Nets remaining: 6115
Finished routing net _6050_
Nets remaining: 6114
Finished routing net _6051_
Nets remaining: 6113
Finished routing net _6052_
Nets remaining: 6112
Finished routing net _6053_
Nets remaining: 6111
Finished routing net _6056_
Nets remaining: 6110
Finished routing net _6057_
Nets remaining: 6109
Finished routing net x2_i[7]
Nets remaining: 6108
Finished routing net _6058_
Nets remaining: 6107
Finished routing net _6060_
Nets remaining: 6106
Finished routing net _6063_
Nets remaining: 6105
Failed to route net _6064_
Finished routing net _6066_
Nets remaining: 6104
Failed to route net x0_r[7]
Finished routing net _6067_
Nets remaining: 6103
Finished routing net _6069_
Nets remaining: 6102
Finished routing net _6070_
Nets remaining: 6101
Finished routing net _6071_
Nets remaining: 6100
Finished routing net _6074_
Nets remaining: 6099
Finished routing net _6077_
Nets remaining: 6098
Finished routing net _6078_
Nets remaining: 6097
Finished routing net _6079_
Nets remaining: 6096
Finished routing net _6080_
Nets remaining: 6095
Finished routing net _6082_
Nets remaining: 6094
Finished routing net _6085_
Nets remaining: 6093
Finished routing net _6092_
Nets remaining: 6092
Finished routing net _6093_
Nets remaining: 6091
Finished routing net _6095_
Nets remaining: 6090
Finished routing net _6101_
Nets remaining: 6089
Finished routing net _6102_
Nets remaining: 6088
Finished routing net _6103_
Nets remaining: 6087
Finished routing net _6107_
Nets remaining: 6086
Finished routing net x2_i[8]
Nets remaining: 6085
Finished routing net _6112_
Nets remaining: 6084
Finished routing net x0_r[8]
Nets remaining: 6083
Finished routing net _6114_
Nets remaining: 6082
Finished routing net _6121_
Nets remaining: 6081
Finished routing net _6124_
Nets remaining: 6080
Finished routing net _6126_
Nets remaining: 6079
Finished routing net _6132_
Nets remaining: 6078
Finished routing net _6133_
Nets remaining: 6077
Finished routing net _6135_
Nets remaining: 6076
Finished routing net _6136_
Nets remaining: 6075
Finished routing net _6137_
Nets remaining: 6074
Finished routing net _6140_
Nets remaining: 6073
Finished routing net _6142_
Nets remaining: 6072
Finished routing net _6145_
Nets remaining: 6071
Finished routing net _6150_
Nets remaining: 6070
Finished routing net _6155_
Nets remaining: 6069
Finished routing net _6157_
Nets remaining: 6068
Finished routing net _6158_
Nets remaining: 6067
Finished routing net x2_i[9]
Nets remaining: 6066
Finished routing net _6159_
Nets remaining: 6065
Finished routing net _6161_
Nets remaining: 6064
Finished routing net _6165_
Nets remaining: 6063
Finished routing net _6166_
Nets remaining: 6062
Finished routing net _6167_
Nets remaining: 6061
Failed to route net x0_r[9]
Finished routing net _6168_
Nets remaining: 6060
Finished routing net _6170_
Nets remaining: 6059
Finished routing net _6171_
Nets remaining: 6058
Finished routing net _6172_
Nets remaining: 6057
Finished routing net _6176_
Nets remaining: 6056
Finished routing net _6178_
Nets remaining: 6055
Finished routing net _6180_
Nets remaining: 6054
Finished routing net _6182_
Nets remaining: 6053
Finished routing net _6185_
Nets remaining: 6052
Finished routing net _6187_
Nets remaining: 6051
Finished routing net _6197_
Nets remaining: 6050
Finished routing net _6198_
Nets remaining: 6049
Finished routing net _6199_
Nets remaining: 6048
Finished routing net _6201_
Nets remaining: 6047
Finished routing net _6204_
Nets remaining: 6046
Failed to route net _6208_
Finished routing net _6214_
Nets remaining: 6045
Failed to route net x2_i[10]
Finished routing net _6217_
Nets remaining: 6044
Finished routing net _6218_
Nets remaining: 6043
Finished routing net _6220_
Nets remaining: 6042
Finished routing net x0_r[10]
Nets remaining: 6041
Finished routing net _6221_
Nets remaining: 6040
Finished routing net _6223_
Nets remaining: 6039
Finished routing net _6224_
Nets remaining: 6038
Finished routing net _6226_
Nets remaining: 6037
Finished routing net _6228_
Nets remaining: 6036
Finished routing net _6232_
Nets remaining: 6035
Finished routing net _6233_
Nets remaining: 6034
Finished routing net _6235_
Nets remaining: 6033
Finished routing net _6239_
Nets remaining: 6032
Finished routing net _6240_
Nets remaining: 6031
Finished routing net _6241_
Nets remaining: 6030
Finished routing net _6242_
Nets remaining: 6029
Failed to route net _6243_
Finished routing net _6246_
Nets remaining: 6028
Finished routing net _6247_
Nets remaining: 6027
Finished routing net _6251_
Nets remaining: 6026
Failed to route net _6258_
Failed to route net _6260_
Finished routing net _6261_
Nets remaining: 6025
Finished routing net _6263_
Nets remaining: 6024
Finished routing net _6264_
Nets remaining: 6023
Finished routing net x2_i[11]
Nets remaining: 6022
Finished routing net _6265_
Nets remaining: 6021
Finished routing net _6267_
Nets remaining: 6020
Finished routing net _6271_
Nets remaining: 6019
Finished routing net _6273_
Nets remaining: 6018
Finished routing net _6274_
Nets remaining: 6017
Failed to route net x0_r[11]
Finished routing net _6275_
Nets remaining: 6016
Finished routing net _6277_
Nets remaining: 6015
Finished routing net _6283_
Nets remaining: 6014
Finished routing net _6287_
Nets remaining: 6013
Finished routing net _6288_
Nets remaining: 6012
Finished routing net _6289_
Nets remaining: 6011
Finished routing net _6291_
Nets remaining: 6010
Finished routing net _6293_
Nets remaining: 6009
Finished routing net _6294_
Nets remaining: 6008
Finished routing net _6300_
Nets remaining: 6007
Finished routing net _6305_
Nets remaining: 6006
Finished routing net _6309_
Nets remaining: 6005
Finished routing net _6314_
Nets remaining: 6004
Finished routing net _6315_
Nets remaining: 6003
Finished routing net _6316_
Nets remaining: 6002
Finished routing net _6323_
Nets remaining: 6001
Finished routing net _6332_
Nets remaining: 6000
Finished routing net x2_i[12]
Nets remaining: 5999
Finished routing net _6334_
Nets remaining: 5998
Finished routing net _6336_
Nets remaining: 5997
Finished routing net _6338_
Nets remaining: 5996
Finished routing net _6339_
Nets remaining: 5995
Finished routing net x0_r[12]
Nets remaining: 5994
Finished routing net _6340_
Nets remaining: 5993
Finished routing net _6342_
Nets remaining: 5992
Finished routing net _6343_
Nets remaining: 5991
Finished routing net _6344_
Nets remaining: 5990
Finished routing net _6345_
Nets remaining: 5989
Finished routing net _6347_
Nets remaining: 5988
Finished routing net _6349_
Nets remaining: 5987
Finished routing net _6350_
Nets remaining: 5986
Finished routing net _6354_
Nets remaining: 5985
Finished routing net _6355_
Nets remaining: 5984
Finished routing net _6359_
Nets remaining: 5983
Finished routing net _6360_
Nets remaining: 5982
Finished routing net _6362_
Nets remaining: 5981
Finished routing net _6363_
Nets remaining: 5980
Finished routing net _6367_
Nets remaining: 5979
Failed to route net _6369_
Finished routing net _6372_
Nets remaining: 5978
Finished routing net _6381_
Nets remaining: 5977
Finished routing net _6382_
Nets remaining: 5976
Finished routing net _6383_
Nets remaining: 5975
Finished routing net _6385_
Nets remaining: 5974
Finished routing net _6386_
Nets remaining: 5973
Finished routing net x2_i[13]
Nets remaining: 5972
Finished routing net _6387_
Nets remaining: 5971
Finished routing net _6390_
Nets remaining: 5970
Finished routing net _6394_
Nets remaining: 5969
Finished routing net _6395_
Nets remaining: 5968
Finished routing net x0_r[13]
Nets remaining: 5967
Finished routing net _6396_
Nets remaining: 5966
Finished routing net _6398_
Nets remaining: 5965
Finished routing net _6403_
Nets remaining: 5964
Finished routing net _6404_
Nets remaining: 5963
Finished routing net _6405_
Nets remaining: 5962
Finished routing net _6408_
Nets remaining: 5961
Finished routing net _6409_
Nets remaining: 5960
Finished routing net _6410_
Nets remaining: 5959
Finished routing net _6413_
Nets remaining: 5958
Finished routing net _6415_
Nets remaining: 5957
Finished routing net _6425_
Nets remaining: 5956
Finished routing net _6426_
Nets remaining: 5955
Finished routing net _6429_
Nets remaining: 5954
Finished routing net _6441_
Nets remaining: 5953
Finished routing net _6444_
Nets remaining: 5952
Finished routing net _6446_
Nets remaining: 5951
Finished routing net _6447_
Nets remaining: 5950
Finished routing net _6453_
Nets remaining: 5949
Finished routing net _6455_
Nets remaining: 5948
Finished routing net _6456_
Nets remaining: 5947
Finished routing net _6458_
Nets remaining: 5946
Failed to route net x2_i[14]
Finished routing net _6463_
Nets remaining: 5945
Failed to route net x0_r[14]
Finished routing net _6466_
Nets remaining: 5944
Finished routing net _6468_
Nets remaining: 5943
Finished routing net _6470_
Nets remaining: 5942
Finished routing net _6477_
Nets remaining: 5941
Finished routing net _6478_
Nets remaining: 5940
Finished routing net _6481_
Nets remaining: 5939
Finished routing net _6482_
Nets remaining: 5938
Finished routing net _6484_
Nets remaining: 5937
Finished routing net _6488_
Nets remaining: 5936
Finished routing net _6491_
Nets remaining: 5935
Finished routing net _6494_
Nets remaining: 5934
Finished routing net _6495_
Nets remaining: 5933
Finished routing net _6496_
Nets remaining: 5932
Finished routing net _6497_
Nets remaining: 5931
Finished routing net _6500_
Nets remaining: 5930
Finished routing net _6501_
Nets remaining: 5929
Finished routing net _6503_
Nets remaining: 5928
Finished routing net _6504_
Nets remaining: 5927
Finished routing net _6509_
Nets remaining: 5926
Finished routing net _6510_
Nets remaining: 5925
Finished routing net _6513_
Nets remaining: 5924
Finished routing net _6515_
Nets remaining: 5923
Failed to route net _6517_
Finished routing net _6520_
Nets remaining: 5922
Finished routing net _6524_
Nets remaining: 5921
Finished routing net _6528_
Nets remaining: 5920
Finished routing net _6531_
Nets remaining: 5919
Finished routing net _6533_
Nets remaining: 5918
Failed to route net _6536_
Finished routing net _6537_
Nets remaining: 5917
Finished routing net _6538_
Nets remaining: 5916
Finished routing net _6540_
Nets remaining: 5915
Finished routing net _6542_
Nets remaining: 5914
Finished routing net _6544_
Nets remaining: 5913
Finished routing net _6550_
Nets remaining: 5912
Finished routing net _6556_
Nets remaining: 5911
Finished routing net _6557_
Nets remaining: 5910
Finished routing net _6562_
Nets remaining: 5909
Finished routing net _6566_
Nets remaining: 5908
Finished routing net _6569_
Nets remaining: 5907
Finished routing net _6571_
Nets remaining: 5906
Finished routing net _6573_
Nets remaining: 5905
Finished routing net _6574_
Nets remaining: 5904
Finished routing net _6582_
Nets remaining: 5903
Finished routing net _6583_
Nets remaining: 5902
Finished routing net _6584_
Nets remaining: 5901
Finished routing net _6585_
Nets remaining: 5900
Finished routing net _6586_
Nets remaining: 5899
Finished routing net _6591_
Nets remaining: 5898
Finished routing net _6593_
Nets remaining: 5897
Finished routing net _6595_
Nets remaining: 5896
Failed to route net _6597_
Finished routing net _6601_
Nets remaining: 5895
Finished routing net _6602_
Nets remaining: 5894
Finished routing net _6605_
Nets remaining: 5893
Finished routing net _6606_
Nets remaining: 5892
Finished routing net _6607_
Nets remaining: 5891
Finished routing net _6610_
Nets remaining: 5890
Finished routing net _6611_
Nets remaining: 5889
Finished routing net _6612_
Nets remaining: 5888
Finished routing net _6613_
Nets remaining: 5887
Finished routing net _6618_
Nets remaining: 5886
Finished routing net _6619_
Nets remaining: 5885
Finished routing net _6621_
Nets remaining: 5884
Finished routing net _6626_
Nets remaining: 5883
Finished routing net _6627_
Nets remaining: 5882
Finished routing net _6630_
Nets remaining: 5881
Finished routing net _6631_
Nets remaining: 5880
Finished routing net _6632_
Nets remaining: 5879
Finished routing net _6633_
Nets remaining: 5878
Finished routing net _6634_
Nets remaining: 5877
Finished routing net _6638_
Nets remaining: 5876
Finished routing net _6639_
Nets remaining: 5875
Finished routing net _6640_
Nets remaining: 5874
Failed to route net _6642_
Finished routing net _6646_
Nets remaining: 5873
Finished routing net _6650_
Nets remaining: 5872
Finished routing net _6652_
Nets remaining: 5871
Finished routing net _6657_
Nets remaining: 5870
Failed to route net _6659_
Finished routing net _6662_
Nets remaining: 5869
Finished routing net _6667_
Nets remaining: 5868
Finished routing net _6668_
Nets remaining: 5867
Finished routing net _6670_
Nets remaining: 5866
Finished routing net _6674_
Nets remaining: 5865
Finished routing net _6675_
Nets remaining: 5864
Finished routing net _6677_
Nets remaining: 5863
Finished routing net _6678_
Nets remaining: 5862
Finished routing net _6679_
Nets remaining: 5861
Finished routing net _6681_
Nets remaining: 5860
Finished routing net _6683_
Nets remaining: 5859
Finished routing net _6684_
Nets remaining: 5858
Finished routing net _6685_
Nets remaining: 5857
Finished routing net _6689_
Nets remaining: 5856
Finished routing net _6690_
Nets remaining: 5855
Finished routing net _6695_
Nets remaining: 5854
Finished routing net _6698_
Nets remaining: 5853
Finished routing net _6703_
Nets remaining: 5852
Finished routing net _6704_
Nets remaining: 5851
Finished routing net _6706_
Nets remaining: 5850
Failed to route net _6707_
Finished routing net _6708_
Nets remaining: 5849
Finished routing net _6710_
Nets remaining: 5848
Finished routing net _6711_
Nets remaining: 5847
Finished routing net _6716_
Nets remaining: 5846
Finished routing net _6718_
Nets remaining: 5845
Finished routing net _6720_
Nets remaining: 5844
Finished routing net _6722_
Nets remaining: 5843
Finished routing net _6725_
Nets remaining: 5842
Finished routing net _6727_
Nets remaining: 5841
Finished routing net _6728_
Nets remaining: 5840
Finished routing net _6730_
Nets remaining: 5839
Finished routing net _6731_
Nets remaining: 5838
Finished routing net _6733_
Nets remaining: 5837
Finished routing net _6735_
Nets remaining: 5836
Finished routing net _6737_
Nets remaining: 5835
Finished routing net _6741_
Nets remaining: 5834
Finished routing net _6742_
Nets remaining: 5833
Finished routing net _6746_
Nets remaining: 5832
Failed to route net _6747_
Finished routing net _6749_
Nets remaining: 5831
Failed to route net _6750_
Finished routing net _6751_
Nets remaining: 5830
Finished routing net _6753_
Nets remaining: 5829
Finished routing net _6754_
Nets remaining: 5828
Finished routing net _6763_
Nets remaining: 5827
Failed to route net _6767_
Finished routing net _6768_
Nets remaining: 5826
Finished routing net _6769_
Nets remaining: 5825
Finished routing net _6772_
Nets remaining: 5824
Finished routing net _6773_
Nets remaining: 5823
Finished routing net _6774_
Nets remaining: 5822
Finished routing net _6775_
Nets remaining: 5821
Finished routing net _6779_
Nets remaining: 5820
Finished routing net _6781_
Nets remaining: 5819
Finished routing net _6782_
Nets remaining: 5818
Finished routing net _6783_
Nets remaining: 5817
Finished routing net _6785_
Nets remaining: 5816
Finished routing net _6789_
Nets remaining: 5815
Finished routing net _6791_
Nets remaining: 5814
Finished routing net _6794_
Nets remaining: 5813
Finished routing net _6797_
Nets remaining: 5812
Finished routing net _6799_
Nets remaining: 5811
Failed to route net _6801_
Finished routing net _6802_
Nets remaining: 5810
Finished routing net _6803_
Nets remaining: 5809
Finished routing net _6806_
Nets remaining: 5808
Finished routing net _6808_
Nets remaining: 5807
Finished routing net _6810_
Nets remaining: 5806
Finished routing net _6812_
Nets remaining: 5805
Finished routing net _6815_
Nets remaining: 5804
Finished routing net _6818_
Nets remaining: 5803
Finished routing net _6821_
Nets remaining: 5802
Finished routing net _6822_
Nets remaining: 5801
Finished routing net _6824_
Nets remaining: 5800
Finished routing net _6825_
Nets remaining: 5799
Finished routing net _6827_
Nets remaining: 5798
Finished routing net _6831_
Nets remaining: 5797
Finished routing net _6833_
Nets remaining: 5796
Finished routing net _6835_
Nets remaining: 5795
Failed to route net _6836_
Finished routing net _6837_
Nets remaining: 5794
Failed to route net _6838_
Finished routing net _6839_
Nets remaining: 5793
Finished routing net _6842_
Nets remaining: 5792
Finished routing net _6843_
Nets remaining: 5791
Finished routing net _6851_
Nets remaining: 5790
Finished routing net _6855_
Nets remaining: 5789
Finished routing net _6859_
Nets remaining: 5788
Finished routing net _6861_
Nets remaining: 5787
Finished routing net _6865_
Nets remaining: 5786
Finished routing net _6867_
Nets remaining: 5785
Finished routing net _6868_
Nets remaining: 5784
Finished routing net _6869_
Nets remaining: 5783
Finished routing net _6872_
Nets remaining: 5782
Finished routing net _6876_
Nets remaining: 5781
Finished routing net _6878_
Nets remaining: 5780
Finished routing net _6880_
Nets remaining: 5779
Failed to route net _6883_
Finished routing net _6893_
Nets remaining: 5778
Finished routing net _6896_
Nets remaining: 5777
Finished routing net _6897_
Nets remaining: 5776
Finished routing net _6900_
Nets remaining: 5775
Finished routing net _6903_
Nets remaining: 5774
Finished routing net _6907_
Nets remaining: 5773
Finished routing net _6909_
Nets remaining: 5772
Finished routing net _6910_
Nets remaining: 5771
Finished routing net _6912_
Nets remaining: 5770
Finished routing net _6913_
Nets remaining: 5769
Finished routing net _6916_
Nets remaining: 5768
Finished routing net _6921_
Nets remaining: 5767
Finished routing net _6922_
Nets remaining: 5766
Finished routing net _6924_
Nets remaining: 5765
Finished routing net _6931_
Nets remaining: 5764
Finished routing net _6933_
Nets remaining: 5763
Finished routing net _6940_
Nets remaining: 5762
Finished routing net _6944_
Nets remaining: 5761
Finished routing net _6948_
Nets remaining: 5760
Finished routing net _6955_
Nets remaining: 5759
Finished routing net _6957_
Nets remaining: 5758
Finished routing net _6958_
Nets remaining: 5757
Finished routing net _6959_
Nets remaining: 5756
Finished routing net _6962_
Nets remaining: 5755
Finished routing net _6965_
Nets remaining: 5754
Finished routing net _6967_
Nets remaining: 5753
Finished routing net _6969_
Nets remaining: 5752
Finished routing net _6972_
Nets remaining: 5751
Finished routing net _6976_
Nets remaining: 5750
Finished routing net _6977_
Nets remaining: 5749
Failed to route net _6978_
Finished routing net _6982_
Nets remaining: 5748
Finished routing net _6986_
Nets remaining: 5747
Finished routing net _6987_
Nets remaining: 5746
Finished routing net _6989_
Nets remaining: 5745
Finished routing net _6990_
Nets remaining: 5744
Finished routing net _6993_
Nets remaining: 5743
Finished routing net _6995_
Nets remaining: 5742
Finished routing net _6998_
Nets remaining: 5741
Finished routing net _7001_
Nets remaining: 5740
Finished routing net _7002_
Nets remaining: 5739
Finished routing net _7004_
Nets remaining: 5738
Finished routing net _7005_
Nets remaining: 5737
Finished routing net _7007_
Nets remaining: 5736
Finished routing net _7008_
Nets remaining: 5735
Finished routing net _7010_
Nets remaining: 5734
Finished routing net _7014_
Nets remaining: 5733
Finished routing net _7016_
Nets remaining: 5732
Finished routing net _7018_
Nets remaining: 5731
Failed to route net _7023_
Finished routing net _7026_
Nets remaining: 5730
Finished routing net _7027_
Nets remaining: 5729
Finished routing net _7030_
Nets remaining: 5728
Finished routing net _7033_
Nets remaining: 5727
Finished routing net _7036_
Nets remaining: 5726
Finished routing net _7038_
Nets remaining: 5725
Finished routing net _7041_
Nets remaining: 5724
Finished routing net _7044_
Nets remaining: 5723
Finished routing net _7045_
Nets remaining: 5722
Finished routing net _7047_
Nets remaining: 5721
Finished routing net _7054_
Nets remaining: 5720
Finished routing net _7055_
Nets remaining: 5719
Finished routing net _7056_
Nets remaining: 5718
Finished routing net _7058_
Nets remaining: 5717
Finished routing net _7059_
Nets remaining: 5716
Finished routing net _7062_
Nets remaining: 5715
Finished routing net _7065_
Nets remaining: 5714
Finished routing net _7070_
Nets remaining: 5713
Finished routing net _7075_
Nets remaining: 5712
Failed to route net _7076_
Finished routing net _7077_
Nets remaining: 5711
Finished routing net _7085_
Nets remaining: 5710
Failed to route net _7086_
Finished routing net _7087_
Nets remaining: 5709
Finished routing net _7090_
Nets remaining: 5708
Finished routing net _7091_
Nets remaining: 5707
Finished routing net _7095_
Nets remaining: 5706
Finished routing net _7101_
Nets remaining: 5705
Finished routing net _7104_
Nets remaining: 5704
Finished routing net _7107_
Nets remaining: 5703
Finished routing net _7112_
Nets remaining: 5702
Finished routing net _7114_
Nets remaining: 5701
Finished routing net _7116_
Nets remaining: 5700
Finished routing net _7117_
Nets remaining: 5699
Finished routing net _7118_
Nets remaining: 5698
Finished routing net _7120_
Nets remaining: 5697
Finished routing net _7124_
Nets remaining: 5696
Finished routing net _7125_
Nets remaining: 5695
Finished routing net _7128_
Nets remaining: 5694
Finished routing net _7130_
Nets remaining: 5693
Finished routing net _7134_
Nets remaining: 5692
Failed to route net _7135_
Finished routing net _7136_
Nets remaining: 5691
Finished routing net _7138_
Nets remaining: 5690
Finished routing net _7140_
Nets remaining: 5689
Finished routing net _7141_
Nets remaining: 5688
Finished routing net _7144_
Nets remaining: 5687
Finished routing net _7145_
Nets remaining: 5686
Finished routing net _7148_
Nets remaining: 5685
Finished routing net _7150_
Nets remaining: 5684
Finished routing net _7152_
Nets remaining: 5683
Finished routing net _7153_
Nets remaining: 5682
Finished routing net _7155_
Nets remaining: 5681
Finished routing net _7157_
Nets remaining: 5680
Finished routing net _7159_
Nets remaining: 5679
Finished routing net _7160_
Nets remaining: 5678
Finished routing net _7162_
Nets remaining: 5677
Finished routing net _7163_
Nets remaining: 5676
Finished routing net _7166_
Nets remaining: 5675
Finished routing net _7169_
Nets remaining: 5674
Finished routing net _7171_
Nets remaining: 5673
Finished routing net _7176_
Nets remaining: 5672
Finished routing net _7177_
Nets remaining: 5671
Finished routing net _7180_
Nets remaining: 5670
Finished routing net _7185_
Nets remaining: 5669
Finished routing net _7187_
Nets remaining: 5668
Finished routing net _7191_
Nets remaining: 5667
Finished routing net _7193_
Nets remaining: 5666
Finished routing net _7194_
Nets remaining: 5665
Finished routing net _7198_
Nets remaining: 5664
Finished routing net _7205_
Nets remaining: 5663
Finished routing net _7206_
Nets remaining: 5662
Finished routing net _7209_
Nets remaining: 5661
Finished routing net _7210_
Nets remaining: 5660
Finished routing net _7213_
Nets remaining: 5659
Finished routing net _7226_
Nets remaining: 5658
Finished routing net _7243_
Nets remaining: 5657
Finished routing net _7245_
Nets remaining: 5656
Finished routing net _10762_[15]
Nets remaining: 5655
Finished routing net _7254_
Nets remaining: 5654
Finished routing net _7261_
Nets remaining: 5653
Finished routing net _7262_
Nets remaining: 5652
Finished routing net _7266_
Nets remaining: 5651
Failed to route net _7271_
Finished routing net _7274_
Nets remaining: 5650
Finished routing net _7275_
Nets remaining: 5649
Finished routing net _7277_
Nets remaining: 5648
Finished routing net _7278_
Nets remaining: 5647
Finished routing net _7286_
Nets remaining: 5646
Finished routing net _7287_
Nets remaining: 5645
Finished routing net _7292_
Nets remaining: 5644
Finished routing net _7293_
Nets remaining: 5643
Finished routing net _7296_
Nets remaining: 5642
Finished routing net _7297_
Nets remaining: 5641
Finished routing net _7299_
Nets remaining: 5640
Finished routing net _7301_
Nets remaining: 5639
Finished routing net _7304_
Nets remaining: 5638
Finished routing net _7305_
Nets remaining: 5637
Finished routing net _7309_
Nets remaining: 5636
Finished routing net _7310_
Nets remaining: 5635
Finished routing net _7312_
Nets remaining: 5634
Failed to route net _7314_
Finished routing net _7315_
Nets remaining: 5633
Finished routing net _7316_
Nets remaining: 5632
Finished routing net _7320_
Nets remaining: 5631
Finished routing net _7321_
Nets remaining: 5630
Finished routing net _7323_
Nets remaining: 5629
Finished routing net _7325_
Nets remaining: 5628
Finished routing net _7326_
Nets remaining: 5627
Finished routing net _7327_
Nets remaining: 5626
Finished routing net _7329_
Nets remaining: 5625
Finished routing net _7330_
Nets remaining: 5624
Finished routing net _7332_
Nets remaining: 5623
Finished routing net _7333_
Nets remaining: 5622
Finished routing net _7336_
Nets remaining: 5621
Finished routing net _7339_
Nets remaining: 5620
Finished routing net _7340_
Nets remaining: 5619
Finished routing net _7343_
Nets remaining: 5618
Finished routing net _7347_
Nets remaining: 5617
Failed to route net _7351_
Finished routing net _7353_
Nets remaining: 5616
Finished routing net _7359_
Nets remaining: 5615
Finished routing net _7360_
Nets remaining: 5614
Finished routing net _7363_
Nets remaining: 5613
Finished routing net _7369_
Nets remaining: 5612
Finished routing net _7370_
Nets remaining: 5611
Finished routing net _7371_
Nets remaining: 5610
Finished routing net _7375_
Nets remaining: 5609
Finished routing net _7376_
Nets remaining: 5608
Finished routing net _7378_
Nets remaining: 5607
Finished routing net _7382_
Nets remaining: 5606
Failed to route net _7384_
Finished routing net _7385_
Nets remaining: 5605
Finished routing net _7386_
Nets remaining: 5604
Finished routing net _7391_
Nets remaining: 5603
Finished routing net _7392_
Nets remaining: 5602
Finished routing net _7396_
Nets remaining: 5601
Finished routing net _7399_
Nets remaining: 5600
Finished routing net _7404_
Nets remaining: 5599
Failed to route net _7405_
Failed to route net _7407_
Failed to route net _7408_
Finished routing net _7409_
Nets remaining: 5598
Finished routing net _7412_
Nets remaining: 5597
Finished routing net _7413_
Nets remaining: 5596
Finished routing net _7417_
Nets remaining: 5595
Finished routing net _7419_
Nets remaining: 5594
Finished routing net _7421_
Nets remaining: 5593
Finished routing net _7425_
Nets remaining: 5592
Failed to route net _7427_
Finished routing net _7428_
Nets remaining: 5591
Finished routing net _7431_
Nets remaining: 5590
Finished routing net _7432_
Nets remaining: 5589
Finished routing net _7435_
Nets remaining: 5588
Finished routing net _7436_
Nets remaining: 5587
Finished routing net _7438_
Nets remaining: 5586
Finished routing net _7439_
Nets remaining: 5585
Finished routing net _7441_
Nets remaining: 5584
Finished routing net _7447_
Nets remaining: 5583
Finished routing net _7448_
Nets remaining: 5582
Finished routing net _7450_
Nets remaining: 5581
Failed to route net _7451_
Failed to route net _7453_
Failed to route net _7455_
Finished routing net _7456_
Nets remaining: 5580
Finished routing net _7458_
Nets remaining: 5579
Finished routing net _7459_
Nets remaining: 5578
Finished routing net _7468_
Nets remaining: 5577
Finished routing net _7470_
Nets remaining: 5576
Finished routing net _7471_
Nets remaining: 5575
Finished routing net _7472_
Nets remaining: 5574
Finished routing net _7473_
Nets remaining: 5573
Finished routing net _7474_
Nets remaining: 5572
Finished routing net _7475_
Nets remaining: 5571
Finished routing net _7477_
Nets remaining: 5570
Finished routing net _7480_
Nets remaining: 5569
Finished routing net _7482_
Nets remaining: 5568
Finished routing net _7483_
Nets remaining: 5567
Finished routing net _7484_
Nets remaining: 5566
Finished routing net _7486_
Nets remaining: 5565
Finished routing net _7490_
Nets remaining: 5564
Finished routing net _7492_
Nets remaining: 5563
Finished routing net _7494_
Nets remaining: 5562
Failed to route net _7499_
Failed to route net _7500_
Failed to route net _7502_
Finished routing net _7503_
Nets remaining: 5561
Finished routing net _7504_
Nets remaining: 5560
Finished routing net _7507_
Nets remaining: 5559
Finished routing net _7510_
Nets remaining: 5558
Finished routing net _7511_
Nets remaining: 5557
Finished routing net _7513_
Nets remaining: 5556
Finished routing net _7515_
Nets remaining: 5555
Finished routing net _7517_
Nets remaining: 5554
Finished routing net _7521_
Nets remaining: 5553
Finished routing net _7523_
Nets remaining: 5552
Finished routing net _7524_
Nets remaining: 5551
Finished routing net _7526_
Nets remaining: 5550
Finished routing net _7527_
Nets remaining: 5549
Finished routing net _7529_
Nets remaining: 5548
Finished routing net _7533_
Nets remaining: 5547
Finished routing net _7535_
Nets remaining: 5546
Finished routing net _7537_
Nets remaining: 5545
Failed to route net _7538_
Failed to route net _7539_
Failed to route net _7541_
Finished routing net _7542_
Nets remaining: 5544
Finished routing net _7544_
Nets remaining: 5543
Finished routing net _7545_
Nets remaining: 5542
Finished routing net _7554_
Nets remaining: 5541
Finished routing net _7556_
Nets remaining: 5540
Failed to route net _7560_
Finished routing net _7563_
Nets remaining: 5539
Finished routing net _7566_
Nets remaining: 5538
Finished routing net _7568_
Nets remaining: 5537
Finished routing net _7569_
Nets remaining: 5536
Finished routing net _7570_
Nets remaining: 5535
Finished routing net _7574_
Nets remaining: 5534
Finished routing net _7577_
Nets remaining: 5533
Finished routing net _7579_
Nets remaining: 5532
Finished routing net _7581_
Nets remaining: 5531
Failed to route net _7585_
Finished routing net _7588_
Nets remaining: 5530
Finished routing net _7590_
Nets remaining: 5529
Finished routing net _7591_
Nets remaining: 5528
Finished routing net _7595_
Nets remaining: 5527
Finished routing net _7597_
Nets remaining: 5526
Finished routing net _7599_
Nets remaining: 5525
Finished routing net _7602_
Nets remaining: 5524
Finished routing net _7604_
Nets remaining: 5523
Finished routing net _7606_
Nets remaining: 5522
Finished routing net _7608_
Nets remaining: 5521
Finished routing net _7609_
Nets remaining: 5520
Finished routing net _7612_
Nets remaining: 5519
Finished routing net _7617_
Nets remaining: 5518
Finished routing net _7621_
Nets remaining: 5517
Finished routing net _7623_
Nets remaining: 5516
Finished routing net _7628_
Nets remaining: 5515
Finished routing net _7631_
Nets remaining: 5514
Finished routing net _7633_
Nets remaining: 5513
Failed to route net _7640_
Finished routing net _7642_
Nets remaining: 5512
Finished routing net _7646_
Nets remaining: 5511
Finished routing net _7653_
Nets remaining: 5510
Finished routing net _7655_
Nets remaining: 5509
Finished routing net _7656_
Nets remaining: 5508
Finished routing net _7657_
Nets remaining: 5507
Finished routing net _7660_
Nets remaining: 5506
Finished routing net _7663_
Nets remaining: 5505
Finished routing net _7665_
Nets remaining: 5504
Finished routing net _7667_
Nets remaining: 5503
Finished routing net _7671_
Nets remaining: 5502
Failed to route net _7672_
Finished routing net _7675_
Nets remaining: 5501
Finished routing net _7679_
Nets remaining: 5500
Finished routing net _7681_
Nets remaining: 5499
Finished routing net _7683_
Nets remaining: 5498
Finished routing net _7684_
Nets remaining: 5497
Finished routing net _7686_
Nets remaining: 5496
Finished routing net _7688_
Nets remaining: 5495
Finished routing net _7692_
Nets remaining: 5494
Finished routing net _7695_
Nets remaining: 5493
Finished routing net _7696_
Nets remaining: 5492
Finished routing net _7697_
Nets remaining: 5491
Finished routing net _7698_
Nets remaining: 5490
Finished routing net _7700_
Nets remaining: 5489
Finished routing net _7701_
Nets remaining: 5488
Finished routing net _7704_
Nets remaining: 5487
Finished routing net _7707_
Nets remaining: 5486
Finished routing net _7709_
Nets remaining: 5485
Finished routing net _7711_
Nets remaining: 5484
Finished routing net _7716_
Nets remaining: 5483
Finished routing net _7717_
Nets remaining: 5482
Finished routing net _7719_
Nets remaining: 5481
Finished routing net _7720_
Nets remaining: 5480
Finished routing net _7724_
Nets remaining: 5479
Finished routing net _7727_
Nets remaining: 5478
Finished routing net _7729_
Nets remaining: 5477
Finished routing net _7731_
Nets remaining: 5476
Finished routing net _7733_
Nets remaining: 5475
Finished routing net _7738_
Nets remaining: 5474
Finished routing net _7739_
Nets remaining: 5473
Finished routing net _7740_
Nets remaining: 5472
Finished routing net _7748_
Nets remaining: 5471
Finished routing net _7749_
Nets remaining: 5470
Finished routing net _7750_
Nets remaining: 5469
Finished routing net _7751_
Nets remaining: 5468
Finished routing net _7752_
Nets remaining: 5467
Finished routing net _7755_
Nets remaining: 5466
Finished routing net _7759_
Nets remaining: 5465
Finished routing net _7761_
Nets remaining: 5464
Failed to route net _7763_
Finished routing net _7767_
Nets remaining: 5463
Finished routing net _7768_
Nets remaining: 5462
Finished routing net _7771_
Nets remaining: 5461
Finished routing net _7773_
Nets remaining: 5460
Finished routing net _7779_
Nets remaining: 5459
Finished routing net _7782_
Nets remaining: 5458
Finished routing net _7786_
Nets remaining: 5457
Finished routing net _7789_
Nets remaining: 5456
Finished routing net _7792_
Nets remaining: 5455
Finished routing net _7794_
Nets remaining: 5454
Finished routing net _7795_
Nets remaining: 5453
Finished routing net _7796_
Nets remaining: 5452
Finished routing net _7798_
Nets remaining: 5451
Finished routing net _7802_
Nets remaining: 5450
Finished routing net _7803_
Nets remaining: 5449
Finished routing net _7804_
Nets remaining: 5448
Failed to route net _7807_
Finished routing net _7810_
Nets remaining: 5447
Finished routing net _7813_
Nets remaining: 5446
Finished routing net _7814_
Nets remaining: 5445
Finished routing net _7815_
Nets remaining: 5444
Finished routing net _7817_
Nets remaining: 5443
Finished routing net _7819_
Nets remaining: 5442
Finished routing net _7821_
Nets remaining: 5441
Finished routing net _7823_
Nets remaining: 5440
Finished routing net _7824_
Nets remaining: 5439
Finished routing net _7826_
Nets remaining: 5438
Finished routing net _7828_
Nets remaining: 5437
Finished routing net _7830_
Nets remaining: 5436
Finished routing net _7832_
Nets remaining: 5435
Finished routing net _7833_
Nets remaining: 5434
Finished routing net _7835_
Nets remaining: 5433
Finished routing net _7837_
Nets remaining: 5432
Finished routing net _7839_
Nets remaining: 5431
Finished routing net _7840_
Nets remaining: 5430
Finished routing net _7843_
Nets remaining: 5429
Finished routing net _7844_
Nets remaining: 5428
Finished routing net _7846_
Nets remaining: 5427
Finished routing net _7849_
Nets remaining: 5426
Finished routing net _7850_
Nets remaining: 5425
Finished routing net _7853_
Nets remaining: 5424
Finished routing net _7854_
Nets remaining: 5423
Finished routing net _7855_
Nets remaining: 5422
Finished routing net _7857_
Nets remaining: 5421
Finished routing net _7859_
Nets remaining: 5420
Finished routing net _7866_
Nets remaining: 5419
Finished routing net _7868_
Nets remaining: 5418
Failed to route net _7869_
Finished routing net _7870_
Nets remaining: 5417
Finished routing net _7875_
Nets remaining: 5416
Finished routing net _7877_
Nets remaining: 5415
Finished routing net _7879_
Nets remaining: 5414
Finished routing net _7881_
Nets remaining: 5413
Finished routing net _7883_
Nets remaining: 5412
Finished routing net _7884_
Nets remaining: 5411
Finished routing net _7889_
Nets remaining: 5410
Finished routing net _7905_
Nets remaining: 5409
Finished routing net _7910_
Nets remaining: 5408
Failed to route net _7922_
Finished routing net _7924_
Nets remaining: 5407
Finished routing net _10763_[15]
Nets remaining: 5406
Finished routing net _7931_
Nets remaining: 5405
Finished routing net _7943_
Nets remaining: 5404
Finished routing net _7953_
Nets remaining: 5403
Finished routing net _7965_
Nets remaining: 5402
Finished routing net _7969_
Nets remaining: 5401
Finished routing net _7972_
Nets remaining: 5400
Finished routing net _7975_
Nets remaining: 5399
Finished routing net _7976_
Nets remaining: 5398
Finished routing net _7978_
Nets remaining: 5397
Finished routing net _7981_
Nets remaining: 5396
Finished routing net _7982_
Nets remaining: 5395
Finished routing net _7985_
Nets remaining: 5394
Finished routing net _7987_
Nets remaining: 5393
Finished routing net _7991_
Nets remaining: 5392
Finished routing net _7994_
Nets remaining: 5391
Finished routing net _7995_
Nets remaining: 5390
Finished routing net _7996_
Nets remaining: 5389
Finished routing net _7998_
Nets remaining: 5388
Finished routing net _7999_
Nets remaining: 5387
Finished routing net _8002_
Nets remaining: 5386
Finished routing net _8003_
Nets remaining: 5385
Finished routing net _8005_
Nets remaining: 5384
Finished routing net _8008_
Nets remaining: 5383
Finished routing net _8010_
Nets remaining: 5382
Finished routing net _8014_
Nets remaining: 5381
Finished routing net _8015_
Nets remaining: 5380
Finished routing net _8016_
Nets remaining: 5379
Finished routing net _8018_
Nets remaining: 5378
Finished routing net _8021_
Nets remaining: 5377
Finished routing net _8024_
Nets remaining: 5376
Finished routing net _8026_
Nets remaining: 5375
Finished routing net _8028_
Nets remaining: 5374
Finished routing net _8029_
Nets remaining: 5373
Finished routing net _8030_
Nets remaining: 5372
Finished routing net _8031_
Nets remaining: 5371
Finished routing net _8036_
Nets remaining: 5370
Finished routing net _8042_
Nets remaining: 5369
Finished routing net _8043_
Nets remaining: 5368
Finished routing net _8044_
Nets remaining: 5367
Finished routing net _8050_
Nets remaining: 5366
Finished routing net _8058_
Nets remaining: 5365
Finished routing net _8059_
Nets remaining: 5364
Finished routing net _8066_
Nets remaining: 5363
Finished routing net _8071_
Nets remaining: 5362
Finished routing net _8074_
Nets remaining: 5361
Finished routing net _8079_
Nets remaining: 5360
Finished routing net _8081_
Nets remaining: 5359
Finished routing net _8087_
Nets remaining: 5358
Finished routing net _8090_
Nets remaining: 5357
Finished routing net _8091_
Nets remaining: 5356
Finished routing net _8092_
Nets remaining: 5355
Finished routing net _8093_
Nets remaining: 5354
Finished routing net _8099_
Nets remaining: 5353
Finished routing net _8101_
Nets remaining: 5352
Finished routing net _8102_
Nets remaining: 5351
Finished routing net _8103_
Nets remaining: 5350
Finished routing net _8104_
Nets remaining: 5349
Finished routing net _8107_
Nets remaining: 5348
Finished routing net _8108_
Nets remaining: 5347
Finished routing net _8110_
Nets remaining: 5346
Finished routing net _8112_
Nets remaining: 5345
Finished routing net _8119_
Nets remaining: 5344
Finished routing net _8128_
Nets remaining: 5343
Finished routing net _8131_
Nets remaining: 5342
Finished routing net _8134_
Nets remaining: 5341
Finished routing net _8135_
Nets remaining: 5340
Finished routing net _8141_
Nets remaining: 5339
Finished routing net _8142_
Nets remaining: 5338
Finished routing net _8143_
Nets remaining: 5337
Finished routing net _8148_
Nets remaining: 5336
Finished routing net _8150_
Nets remaining: 5335
Finished routing net _8151_
Nets remaining: 5334
Finished routing net _8158_
Nets remaining: 5333
Finished routing net _8162_
Nets remaining: 5332
Finished routing net _8165_
Nets remaining: 5331
Failed to route net _8169_
Finished routing net _8170_
Nets remaining: 5330
Finished routing net _8171_
Nets remaining: 5329
Finished routing net _8172_
Nets remaining: 5328
Finished routing net _8173_
Nets remaining: 5327
Finished routing net _8174_
Nets remaining: 5326
Finished routing net _8178_
Nets remaining: 5325
Finished routing net _8180_
Nets remaining: 5324
Finished routing net _8182_
Nets remaining: 5323
Finished routing net _8187_
Nets remaining: 5322
Finished routing net _8190_
Nets remaining: 5321
Finished routing net _8192_
Nets remaining: 5320
Finished routing net _8194_
Nets remaining: 5319
Finished routing net _8195_
Nets remaining: 5318
Finished routing net _8196_
Nets remaining: 5317
Finished routing net _8201_
Nets remaining: 5316
Finished routing net _8209_
Nets remaining: 5315
Finished routing net _8211_
Nets remaining: 5314
Failed to route net _8217_
Finished routing net _8220_
Nets remaining: 5313
Finished routing net _8225_
Nets remaining: 5312
Finished routing net _8228_
Nets remaining: 5311
Finished routing net _8231_
Nets remaining: 5310
Finished routing net _8235_
Nets remaining: 5309
Finished routing net _8236_
Nets remaining: 5308
Finished routing net _8239_
Nets remaining: 5307
Finished routing net _8244_
Nets remaining: 5306
Finished routing net _8248_
Nets remaining: 5305
Finished routing net _8261_
Nets remaining: 5304
Finished routing net _8262_
Nets remaining: 5303
Failed to route net _8270_
Finished routing net _8272_
Nets remaining: 5302
Finished routing net _8274_
Nets remaining: 5301
Finished routing net _8282_
Nets remaining: 5300
Finished routing net _8283_
Nets remaining: 5299
Finished routing net _8286_
Nets remaining: 5298
Finished routing net _8290_
Nets remaining: 5297
Finished routing net _8294_
Nets remaining: 5296
Finished routing net _8297_
Nets remaining: 5295
Finished routing net _8300_
Nets remaining: 5294
Finished routing net _8301_
Nets remaining: 5293
Finished routing net _8305_
Nets remaining: 5292
Finished routing net _8310_
Nets remaining: 5291
Finished routing net _8311_
Nets remaining: 5290
Finished routing net _8312_
Nets remaining: 5289
Finished routing net _8313_
Nets remaining: 5288
Finished routing net _8315_
Nets remaining: 5287
Finished routing net _8317_
Nets remaining: 5286
Finished routing net _8318_
Nets remaining: 5285
Finished routing net _8319_
Nets remaining: 5284
Finished routing net _8326_
Nets remaining: 5283
Finished routing net _8327_
Nets remaining: 5282
Finished routing net _8328_
Nets remaining: 5281
Finished routing net _8329_
Nets remaining: 5280
Finished routing net _8334_
Nets remaining: 5279
Finished routing net _8335_
Nets remaining: 5278
Finished routing net _8336_
Nets remaining: 5277
Finished routing net _8339_
Nets remaining: 5276
Failed to route net _8341_
Finished routing net _8346_
Nets remaining: 5275
Failed to route net _8351_
Failed to route net _8357_
Failed to route net _8358_
Finished routing net _8360_
Nets remaining: 5274
Finished routing net _8361_
Nets remaining: 5273
Finished routing net _8362_
Nets remaining: 5272
Failed to route net _8366_
Finished routing net _8367_
Nets remaining: 5271
Finished routing net _8368_
Nets remaining: 5270
Finished routing net _8370_
Nets remaining: 5269
Finished routing net _8371_
Nets remaining: 5268
Finished routing net _8372_
Nets remaining: 5267
Finished routing net _8373_
Nets remaining: 5266
Finished routing net _8376_
Nets remaining: 5265
Finished routing net _8377_
Nets remaining: 5264
Finished routing net _8378_
Nets remaining: 5263
Finished routing net _8379_
Nets remaining: 5262
Finished routing net _8381_
Nets remaining: 5261
Finished routing net _8382_
Nets remaining: 5260
Finished routing net _8384_
Nets remaining: 5259
Finished routing net _8387_
Nets remaining: 5258
Failed to route net _8391_
Finished routing net _8395_
Nets remaining: 5257
Finished routing net _8399_
Nets remaining: 5256
Finished routing net _8403_
Nets remaining: 5255
Finished routing net _8406_
Nets remaining: 5254
Finished routing net _8409_
Nets remaining: 5253
Finished routing net _8410_
Nets remaining: 5252
Finished routing net _8413_
Nets remaining: 5251
Failed to route net _8415_
Finished routing net _8420_
Nets remaining: 5250
Finished routing net _8421_
Nets remaining: 5249
Finished routing net _8425_
Nets remaining: 5248
Finished routing net _8426_
Nets remaining: 5247
Finished routing net _8428_
Nets remaining: 5246
Finished routing net _8429_
Nets remaining: 5245
Finished routing net _8431_
Nets remaining: 5244
Finished routing net _8432_
Nets remaining: 5243
Finished routing net _8435_
Nets remaining: 5242
Finished routing net _8436_
Nets remaining: 5241
Finished routing net _8437_
Nets remaining: 5240
Finished routing net _8439_
Nets remaining: 5239
Finished routing net _8440_
Nets remaining: 5238
Finished routing net _8442_
Nets remaining: 5237
Finished routing net _8443_
Nets remaining: 5236
Finished routing net _8446_
Nets remaining: 5235
Finished routing net _8447_
Nets remaining: 5234
Finished routing net _8448_
Nets remaining: 5233
Finished routing net _8450_
Nets remaining: 5232
Finished routing net _8451_
Nets remaining: 5231
Finished routing net _8453_
Nets remaining: 5230
Finished routing net _8455_
Nets remaining: 5229
Finished routing net _8456_
Nets remaining: 5228
Finished routing net _8476_
Nets remaining: 5227
Finished routing net _8491_
Nets remaining: 5226
Failed to route net _8492_
Failed to route net _8502_
Finished routing net _8503_
Nets remaining: 5225
Finished routing net _8505_
Nets remaining: 5224
Finished routing net _8508_
Nets remaining: 5223
Finished routing net _8510_
Nets remaining: 5222
Failed to route net _8514_
Finished routing net _8517_
Nets remaining: 5221
Finished routing net _8521_
Nets remaining: 5220
Finished routing net _8523_
Nets remaining: 5219
Finished routing net _8525_
Nets remaining: 5218
Finished routing net _8527_
Nets remaining: 5217
Finished routing net _8528_
Nets remaining: 5216
Finished routing net _8530_
Nets remaining: 5215
Finished routing net _8531_
Nets remaining: 5214
Finished routing net _8536_
Nets remaining: 5213
Finished routing net _8539_
Nets remaining: 5212
Failed to route net _8541_
Failed to route net _8545_
Failed to route net _8546_
Finished routing net _8548_
Nets remaining: 5211
Failed to route net _8549_
Finished routing net _8550_
Nets remaining: 5210
Failed to route net _8554_
Finished routing net _8557_
Nets remaining: 5209
Finished routing net _8559_
Nets remaining: 5208
Finished routing net _8563_
Nets remaining: 5207
Finished routing net _8567_
Nets remaining: 5206
Finished routing net _8570_
Nets remaining: 5205
Finished routing net _8571_
Nets remaining: 5204
Finished routing net _8572_
Nets remaining: 5203
Finished routing net _8574_
Nets remaining: 5202
Finished routing net _8576_
Nets remaining: 5201
Finished routing net _8578_
Nets remaining: 5200
Finished routing net _8579_
Nets remaining: 5199
Finished routing net _8581_
Nets remaining: 5198
Finished routing net _8582_
Nets remaining: 5197
Finished routing net _8586_
Nets remaining: 5196
Finished routing net _8591_
Nets remaining: 5195
Failed to route net _8598_
Finished routing net _8603_
Nets remaining: 5194
Finished routing net _8607_
Nets remaining: 5193
Finished routing net _8610_
Nets remaining: 5192
Finished routing net _8618_
Nets remaining: 5191
Finished routing net _8621_
Nets remaining: 5190
Finished routing net _8622_
Nets remaining: 5189
Finished routing net _8629_
Nets remaining: 5188
Finished routing net _8633_
Nets remaining: 5187
Finished routing net _8636_
Nets remaining: 5186
Finished routing net _8637_
Nets remaining: 5185
Finished routing net _8638_
Nets remaining: 5184
Finished routing net _8640_
Nets remaining: 5183
Finished routing net _8641_
Nets remaining: 5182
Finished routing net _8643_
Nets remaining: 5181
Finished routing net _8645_
Nets remaining: 5180
Finished routing net _8646_
Nets remaining: 5179
Finished routing net _8647_
Nets remaining: 5178
Failed to route net _8649_
Finished routing net _8651_
Nets remaining: 5177
Finished routing net _8652_
Nets remaining: 5176
Finished routing net _8654_
Nets remaining: 5175
Failed to route net _8655_
Finished routing net _8657_
Nets remaining: 5174
Finished routing net _8662_
Nets remaining: 5173
Finished routing net _8667_
Nets remaining: 5172
Finished routing net _8668_
Nets remaining: 5171
Finished routing net _8673_
Nets remaining: 5170
Finished routing net _8674_
Nets remaining: 5169
Finished routing net _8677_
Nets remaining: 5168
Finished routing net _8681_
Nets remaining: 5167
Finished routing net _8682_
Nets remaining: 5166
Failed to route net _8685_
Finished routing net _8689_
Nets remaining: 5165
Finished routing net _8690_
Nets remaining: 5164
Finished routing net _8692_
Nets remaining: 5163
Finished routing net _8693_
Nets remaining: 5162
Finished routing net _8695_
Nets remaining: 5161
Finished routing net _8696_
Nets remaining: 5160
Finished routing net _8697_
Nets remaining: 5159
Finished routing net _8698_
Nets remaining: 5158
Finished routing net _8700_
Nets remaining: 5157
Finished routing net _8702_
Nets remaining: 5156
Finished routing net _8703_
Nets remaining: 5155
Finished routing net _8709_
Nets remaining: 5154
Failed to route net _8711_
Finished routing net _8712_
Nets remaining: 5153
Finished routing net _8713_
Nets remaining: 5152
Finished routing net _8715_
Nets remaining: 5151
Finished routing net _8718_
Nets remaining: 5150
Finished routing net _8725_
Nets remaining: 5149
Finished routing net _8726_
Nets remaining: 5148
Finished routing net _8729_
Nets remaining: 5147
Failed to route net _8733_
Finished routing net _8735_
Nets remaining: 5146
Finished routing net _8736_
Nets remaining: 5145
Finished routing net _8739_
Nets remaining: 5144
Finished routing net _8740_
Nets remaining: 5143
Finished routing net _8743_
Nets remaining: 5142
Finished routing net _8744_
Nets remaining: 5141
Finished routing net _8745_
Nets remaining: 5140
Finished routing net _8751_
Nets remaining: 5139
Finished routing net _8753_
Nets remaining: 5138
Finished routing net _8761_
Nets remaining: 5137
Finished routing net _8763_
Nets remaining: 5136
Failed to route net _8769_
Finished routing net _8770_
Nets remaining: 5135
Finished routing net _8773_
Nets remaining: 5134
Finished routing net _8774_
Nets remaining: 5133
Finished routing net _8776_
Nets remaining: 5132
Finished routing net _8785_
Nets remaining: 5131
Finished routing net _8789_
Nets remaining: 5130
Failed to route net _8792_
Finished routing net _8795_
Nets remaining: 5129
Finished routing net _8797_
Nets remaining: 5128
Finished routing net _8801_
Nets remaining: 5127
Finished routing net _8802_
Nets remaining: 5126
Finished routing net _8803_
Nets remaining: 5125
Finished routing net _8807_
Nets remaining: 5124
Finished routing net _8809_
Nets remaining: 5123
Finished routing net _8812_
Nets remaining: 5122
Finished routing net _8816_
Nets remaining: 5121
Finished routing net _8817_
Nets remaining: 5120
Finished routing net _8831_
Nets remaining: 5119
Finished routing net _8832_
Nets remaining: 5118
Finished routing net _8840_
Nets remaining: 5117
Finished routing net _8847_
Nets remaining: 5116
Finished routing net _8849_
Nets remaining: 5115
Finished routing net _8858_
Nets remaining: 5114
Finished routing net _8861_
Nets remaining: 5113
Finished routing net _8862_
Nets remaining: 5112
Finished routing net _8863_
Nets remaining: 5111
Finished routing net _8865_
Nets remaining: 5110
Finished routing net _8866_
Nets remaining: 5109
Finished routing net _8867_
Nets remaining: 5108
Finished routing net _8872_
Nets remaining: 5107
Finished routing net _8873_
Nets remaining: 5106
Finished routing net _8878_
Nets remaining: 5105
Finished routing net _8910_
Nets remaining: 5104
Finished routing net _8911_
Nets remaining: 5103
Finished routing net _8913_
Nets remaining: 5102
Finished routing net _8920_
Nets remaining: 5101
Finished routing net _8922_
Nets remaining: 5100
Finished routing net _8942_
Nets remaining: 5099
Finished routing net _8946_
Nets remaining: 5098
Finished routing net _8948_
Nets remaining: 5097
Finished routing net _8956_
Nets remaining: 5096
Failed to route net _8961_
Failed to route net _8970_
Failed to route net _8971_
Finished routing net _8972_
Nets remaining: 5095
Finished routing net _8975_
Nets remaining: 5094
Failed to route net _8983_
Failed to route net _8986_
Finished routing net _8988_
Nets remaining: 5093
Finished routing net _8993_
Nets remaining: 5092
Finished routing net _8995_
Nets remaining: 5091
Finished routing net _8998_
Nets remaining: 5090
Finished routing net _9000_
Nets remaining: 5089
Finished routing net _9002_
Nets remaining: 5088
Finished routing net _9003_
Nets remaining: 5087
Failed to route net _9005_
Finished routing net _9008_
Nets remaining: 5086
Failed to route net _9009_
Finished routing net _9014_
Nets remaining: 5085
Finished routing net _9019_
Nets remaining: 5084
Finished routing net _9024_
Nets remaining: 5083
Finished routing net _9025_
Nets remaining: 5082
Finished routing net _9029_
Nets remaining: 5081
Finished routing net _9037_
Nets remaining: 5080
Finished routing net _9038_
Nets remaining: 5079
Finished routing net _9039_
Nets remaining: 5078
Finished routing net _9042_
Nets remaining: 5077
Finished routing net _9043_
Nets remaining: 5076
Finished routing net _9044_
Nets remaining: 5075
Finished routing net _9046_
Nets remaining: 5074
Finished routing net _9048_
Nets remaining: 5073
Finished routing net _9049_
Nets remaining: 5072
Finished routing net _9057_
Nets remaining: 5071
Failed to route net _9059_
Failed to route net _9061_
Failed to route net _9065_
Finished routing net _9068_
Nets remaining: 5070
Finished routing net _9071_
Nets remaining: 5069
Finished routing net _9072_
Nets remaining: 5068
Finished routing net _9074_
Nets remaining: 5067
Finished routing net _9075_
Nets remaining: 5066
Failed to route net _9077_
Finished routing net _9085_
Nets remaining: 5065
Finished routing net _9088_
Nets remaining: 5064
Failed to route net _9090_
Finished routing net _9092_
Nets remaining: 5063
Finished routing net _9093_
Nets remaining: 5062
Finished routing net _9094_
Nets remaining: 5061
Finished routing net _9096_
Nets remaining: 5060
Finished routing net _9097_
Nets remaining: 5059
Failed to route net _9098_
Finished routing net _9099_
Nets remaining: 5058
Finished routing net _9102_
Nets remaining: 5057
Finished routing net _9103_
Nets remaining: 5056
Failed to route net _9104_
Failed to route net _9107_
Failed to route net _9108_
Failed to route net _9109_
Finished routing net _9112_
Nets remaining: 5055
Failed to route net _9113_
Failed to route net _9114_
Finished routing net _9120_
Nets remaining: 5054
Failed to route net _9123_
Finished routing net _9125_
Nets remaining: 5053
Failed to route net _9126_
Finished routing net _9127_
Nets remaining: 5052
Failed to route net _9128_
Finished routing net _9142_
Nets remaining: 5051
Finished routing net _9145_
Nets remaining: 5050
Finished routing net _9147_
Nets remaining: 5049
Finished routing net _9149_
Nets remaining: 5048
Finished routing net _9153_
Nets remaining: 5047
Finished routing net _9154_
Nets remaining: 5046
Failed to route net _9157_
Finished routing net _9158_
Nets remaining: 5045
Finished routing net _9160_
Nets remaining: 5044
Finished routing net _9161_
Nets remaining: 5043
Finished routing net _9162_
Nets remaining: 5042
Finished routing net _9166_
Nets remaining: 5041
Finished routing net _9167_
Nets remaining: 5040
Finished routing net _9168_
Nets remaining: 5039
Failed to route net _9169_
Finished routing net _9174_
Nets remaining: 5038
Finished routing net _9175_
Nets remaining: 5037
Finished routing net _9177_
Nets remaining: 5036
Failed to route net _9199_
Failed to route net _9202_
Finished routing net _9204_
Nets remaining: 5035
Finished routing net _9206_
Nets remaining: 5034
Finished routing net _9207_
Nets remaining: 5033
Finished routing net _9208_
Nets remaining: 5032
Finished routing net _9224_
Nets remaining: 5031
Finished routing net _9225_
Nets remaining: 5030
Finished routing net _9236_
Nets remaining: 5029
Finished routing net _9237_
Nets remaining: 5028
Finished routing net _9238_
Nets remaining: 5027
Finished routing net _9239_
Nets remaining: 5026
Failed to route net _9241_
Finished routing net _9245_
Nets remaining: 5025
Finished routing net _9246_
Nets remaining: 5024
Finished routing net _9248_
Nets remaining: 5023
Failed to route net _9256_
Failed to route net _9258_
Failed to route net _9263_
Failed to route net _9269_
Failed to route net _9272_
Failed to route net _9273_
Failed to route net _9277_
Failed to route net _9278_
Failed to route net _9279_
Failed to route net _9280_
Finished routing net _9282_
Nets remaining: 5022
Failed to route net _9283_
Failed to route net _9287_
Failed to route net _9288_
Finished routing net _9289_
Nets remaining: 5021
Finished routing net _9290_
Nets remaining: 5020
Finished routing net _9291_
Nets remaining: 5019
Failed to route net _9292_
Failed to route net _9293_
Finished routing net _9294_
Nets remaining: 5018
Finished routing net _9298_
Nets remaining: 5017
Failed to route net _9306_
Finished routing net _9310_
Nets remaining: 5016
Finished routing net _9311_
Nets remaining: 5015
Failed to route net _9312_
Failed to route net _9313_
Finished routing net _9322_
Nets remaining: 5014
Finished routing net _9324_
Nets remaining: 5013
Finished routing net _9326_
Nets remaining: 5012
Finished routing net _9327_
Nets remaining: 5011
Finished routing net _9332_
Nets remaining: 5010
Finished routing net _9335_
Nets remaining: 5009
Finished routing net _9337_
Nets remaining: 5008
Finished routing net _9338_
Nets remaining: 5007
Finished routing net _9339_
Nets remaining: 5006
Finished routing net _9343_
Nets remaining: 5005
Finished routing net _9345_
Nets remaining: 5004
Finished routing net _9346_
Nets remaining: 5003
Finished routing net _9349_
Nets remaining: 5002
Finished routing net _9352_
Nets remaining: 5001
Finished routing net _9354_
Nets remaining: 5000
Finished routing net _9356_
Nets remaining: 4999
Finished routing net _9359_
Nets remaining: 4998
Finished routing net _9360_
Nets remaining: 4997
Finished routing net _9363_
Nets remaining: 4996
Finished routing net _9366_
Nets remaining: 4995
Failed to route net _9374_
Finished routing net _9376_
Nets remaining: 4994
Finished routing net _9377_
Nets remaining: 4993
Finished routing net _9380_
Nets remaining: 4992
Finished routing net _9381_
Nets remaining: 4991
Finished routing net _9385_
Nets remaining: 4990
Finished routing net _9386_
Nets remaining: 4989
Finished routing net _9387_
Nets remaining: 4988
Finished routing net _9389_
Nets remaining: 4987
Finished routing net _9391_
Nets remaining: 4986
Finished routing net _9393_
Nets remaining: 4985
Finished routing net _9394_
Nets remaining: 4984
Finished routing net _9397_
Nets remaining: 4983
Finished routing net _9398_
Nets remaining: 4982
Finished routing net _9399_
Nets remaining: 4981
Finished routing net _9400_
Nets remaining: 4980
Finished routing net _9402_
Nets remaining: 4979
Finished routing net _9403_
Nets remaining: 4978
Finished routing net _9410_
Nets remaining: 4977
Failed to route net _9412_
Finished routing net _9418_
Nets remaining: 4976
Finished routing net _9421_
Nets remaining: 4975
Finished routing net _9422_
Nets remaining: 4974
Finished routing net _9427_
Nets remaining: 4973
Finished routing net _9430_
Nets remaining: 4972
Finished routing net _9433_
Nets remaining: 4971
Finished routing net _9444_
Nets remaining: 4970
Failed to route net _9446_
Failed to route net _9447_
Failed to route net _9448_
Finished routing net _9451_
Nets remaining: 4969
Finished routing net _9453_
Nets remaining: 4968
Failed to route net _9455_
Finished routing net _9456_
Nets remaining: 4967
Finished routing net _9459_
Nets remaining: 4966
Finished routing net _9460_
Nets remaining: 4965
Finished routing net _9462_
Nets remaining: 4964
Finished routing net _9463_
Nets remaining: 4963
Finished routing net _9465_
Nets remaining: 4962
Finished routing net _9466_
Nets remaining: 4961
Finished routing net _9467_
Nets remaining: 4960
Failed to route net _9469_
Failed to route net _9470_
Failed to route net _9471_
Failed to route net _9475_
Finished routing net _9476_
Nets remaining: 4959
Finished routing net _9482_
Nets remaining: 4958
Finished routing net _9485_
Nets remaining: 4957
Failed to route net _9489_
Finished routing net _9491_
Nets remaining: 4956
Finished routing net _9492_
Nets remaining: 4955
Finished routing net _9495_
Nets remaining: 4954
Finished routing net _9496_
Nets remaining: 4953
Failed to route net _9497_
Failed to route net _9498_
Finished routing net _9502_
Nets remaining: 4952
Failed to route net _9508_
Finished routing net _9510_
Nets remaining: 4951
Finished routing net _9511_
Nets remaining: 4950
Finished routing net _9518_
Nets remaining: 4949
Finished routing net _9519_
Nets remaining: 4948
Failed to route net _9524_
Failed to route net _9529_
Finished routing net _9532_
Nets remaining: 4947
Finished routing net _9536_
Nets remaining: 4946
Finished routing net _9540_
Nets remaining: 4945
Finished routing net _9556_
Nets remaining: 4944
Finished routing net _9557_
Nets remaining: 4943
Finished routing net _9560_
Nets remaining: 4942
Failed to route net _9561_
Finished routing net _9562_
Nets remaining: 4941
Finished routing net _9563_
Nets remaining: 4940
Finished routing net _9565_
Nets remaining: 4939
Finished routing net _9566_
Nets remaining: 4938
Finished routing net _9567_
Nets remaining: 4937
Finished routing net _9569_
Nets remaining: 4936
Finished routing net _9571_
Nets remaining: 4935
Finished routing net _9572_
Nets remaining: 4934
Finished routing net _9573_
Nets remaining: 4933
Finished routing net _9576_
Nets remaining: 4932
Finished routing net _9577_
Nets remaining: 4931
Finished routing net _9578_
Nets remaining: 4930
Finished routing net _9582_
Nets remaining: 4929
Finished routing net _9583_
Nets remaining: 4928
Finished routing net _9584_
Nets remaining: 4927
Finished routing net _9585_
Nets remaining: 4926
Finished routing net _9588_
Nets remaining: 4925
Finished routing net _9589_
Nets remaining: 4924
Finished routing net _9590_
Nets remaining: 4923
Failed to route net _9598_
Finished routing net _9599_
Nets remaining: 4922
Finished routing net _9602_
Nets remaining: 4921
Finished routing net _9604_
Nets remaining: 4920
Finished routing net _9605_
Nets remaining: 4919
Finished routing net _9612_
Nets remaining: 4918
Failed to route net _9615_
Failed to route net _9619_
Failed to route net _9621_
Failed to route net _9622_
Finished routing net _9626_
Nets remaining: 4917
Finished routing net _9627_
Nets remaining: 4916
Failed to route net _9628_
Finished routing net _9629_
Nets remaining: 4915
Finished routing net _9631_
Nets remaining: 4914
Finished routing net _9632_
Nets remaining: 4913
Finished routing net _9633_
Nets remaining: 4912
Finished routing net _9635_
Nets remaining: 4911
Finished routing net _9637_
Nets remaining: 4910
Failed to route net _9638_
Failed to route net _9639_
Failed to route net _9641_
Finished routing net _9642_
Nets remaining: 4909
Finished routing net _9643_
Nets remaining: 4908
Finished routing net _9645_
Nets remaining: 4907
Finished routing net _9646_
Nets remaining: 4906
Finished routing net _9648_
Nets remaining: 4905
Failed to route net _9649_
Failed to route net _9651_
Failed to route net _9652_
Finished routing net _9653_
Nets remaining: 4904
Finished routing net _9655_
Nets remaining: 4903
Failed to route net _9657_
Finished routing net _9661_
Nets remaining: 4902
Failed to route net _9662_
Finished routing net _9664_
Nets remaining: 4901
Finished routing net _9677_
Nets remaining: 4900
Finished routing net _9679_
Nets remaining: 4899
Finished routing net _9689_
Nets remaining: 4898
Finished routing net _9692_
Nets remaining: 4897
Finished routing net _9696_
Nets remaining: 4896
Finished routing net _9697_
Nets remaining: 4895
Finished routing net _9704_
Nets remaining: 4894
Finished routing net _9709_
Nets remaining: 4893
Finished routing net _9713_
Nets remaining: 4892
Finished routing net _9715_
Nets remaining: 4891
Finished routing net _9719_
Nets remaining: 4890
Finished routing net _9721_
Nets remaining: 4889
Finished routing net _9722_
Nets remaining: 4888
Finished routing net _9728_
Nets remaining: 4887
Finished routing net _9731_
Nets remaining: 4886
Finished routing net _9732_
Nets remaining: 4885
Finished routing net _9733_
Nets remaining: 4884
Finished routing net _9737_
Nets remaining: 4883
Finished routing net _9738_
Nets remaining: 4882
Finished routing net _9743_
Nets remaining: 4881
Finished routing net _9744_
Nets remaining: 4880
Finished routing net _9747_
Nets remaining: 4879
Finished routing net _9751_
Nets remaining: 4878
Finished routing net _9752_
Nets remaining: 4877
Finished routing net _9753_
Nets remaining: 4876
Finished routing net _9754_
Nets remaining: 4875
Finished routing net _9755_
Nets remaining: 4874
Finished routing net _9757_
Nets remaining: 4873
Finished routing net _9758_
Nets remaining: 4872
Failed to route net _9759_
Finished routing net _9761_
Nets remaining: 4871
Finished routing net _9764_
Nets remaining: 4870
Finished routing net _9765_
Nets remaining: 4869
Finished routing net _9772_
Nets remaining: 4868
Finished routing net _9773_
Nets remaining: 4867
Failed to route net _9777_
Finished routing net _9783_
Nets remaining: 4866
Finished routing net _9786_
Nets remaining: 4865
Finished routing net _9787_
Nets remaining: 4864
Finished routing net _9790_
Nets remaining: 4863
Finished routing net _9793_
Nets remaining: 4862
Finished routing net _9795_
Nets remaining: 4861
Finished routing net _9797_
Nets remaining: 4860
Finished routing net _9799_
Nets remaining: 4859
Finished routing net _9801_
Nets remaining: 4858
Finished routing net _9804_
Nets remaining: 4857
Finished routing net _9805_
Nets remaining: 4856
Finished routing net _9814_
Nets remaining: 4855
Finished routing net _9823_
Nets remaining: 4854
Failed to route net _9825_
Finished routing net _9834_
Nets remaining: 4853
Finished routing net _9837_
Nets remaining: 4852
Finished routing net _9839_
Nets remaining: 4851
Finished routing net _9841_
Nets remaining: 4850
Finished routing net _9842_
Nets remaining: 4849
Finished routing net _9849_
Nets remaining: 4848
Finished routing net _9854_
Nets remaining: 4847
Finished routing net _9861_
Nets remaining: 4846
Finished routing net _9865_
Nets remaining: 4845
Finished routing net _9867_
Nets remaining: 4844
Finished routing net _9869_
Nets remaining: 4843
Finished routing net _9873_
Nets remaining: 4842
Finished routing net _9874_
Nets remaining: 4841
Finished routing net _9880_
Nets remaining: 4840
Finished routing net _9881_
Nets remaining: 4839
Finished routing net _9883_
Nets remaining: 4838
Finished routing net _9890_
Nets remaining: 4837
Finished routing net _9894_
Nets remaining: 4836
Failed to route net _9897_
Finished routing net _9898_
Nets remaining: 4835
Finished routing net _9901_
Nets remaining: 4834
Failed to route net _9902_
Finished routing net _9903_
Nets remaining: 4833
Finished routing net _9905_
Nets remaining: 4832
Finished routing net _9908_
Nets remaining: 4831
Finished routing net _9910_
Nets remaining: 4830
Finished routing net _9911_
Nets remaining: 4829
Finished routing net _9913_
Nets remaining: 4828
Finished routing net _9915_
Nets remaining: 4827
Finished routing net _9916_
Nets remaining: 4826
Finished routing net _9924_
Nets remaining: 4825
Finished routing net _9927_
Nets remaining: 4824
Failed to route net _9929_
Finished routing net _9934_
Nets remaining: 4823
Failed to route net _9939_
Failed to route net _9945_
Finished routing net _9947_
Nets remaining: 4822
Finished routing net _9948_
Nets remaining: 4821
Finished routing net _9952_
Nets remaining: 4820
Finished routing net _9956_
Nets remaining: 4819
Failed to route net _9959_
Finished routing net _9963_
Nets remaining: 4818
Finished routing net _9968_
Nets remaining: 4817
Finished routing net _9971_
Nets remaining: 4816
Finished routing net _9972_
Nets remaining: 4815
Finished routing net _9978_
Nets remaining: 4814
Finished routing net _9979_
Nets remaining: 4813
Finished routing net _9990_
Nets remaining: 4812
Failed to route net _9991_
Finished routing net _9995_
Nets remaining: 4811
Finished routing net _9996_
Nets remaining: 4810
Finished routing net _9999_
Nets remaining: 4809
Finished routing net _10005_
Nets remaining: 4808
Finished routing net _10006_
Nets remaining: 4807
Finished routing net _10007_
Nets remaining: 4806
Finished routing net _10010_
Nets remaining: 4805
Finished routing net _10011_
Nets remaining: 4804
Finished routing net _10015_
Nets remaining: 4803
Finished routing net _10017_
Nets remaining: 4802
Failed to route net _10022_
Finished routing net _10025_
Nets remaining: 4801
Finished routing net _10026_
Nets remaining: 4800
Finished routing net _10030_
Nets remaining: 4799
Finished routing net _10031_
Nets remaining: 4798
Finished routing net _10032_
Nets remaining: 4797
Finished routing net _10033_
Nets remaining: 4796
Finished routing net _10034_
Nets remaining: 4795
Finished routing net _10036_
Nets remaining: 4794
Finished routing net _10042_
Nets remaining: 4793
Finished routing net _10043_
Nets remaining: 4792
Finished routing net _10044_
Nets remaining: 4791
Finished routing net _10045_
Nets remaining: 4790
Finished routing net _10046_
Nets remaining: 4789
Finished routing net _10052_
Nets remaining: 4788
Finished routing net _10053_
Nets remaining: 4787
Finished routing net _10058_
Nets remaining: 4786
Finished routing net _10060_
Nets remaining: 4785
Finished routing net _10063_
Nets remaining: 4784
Finished routing net _10065_
Nets remaining: 4783
Finished routing net _10066_
Nets remaining: 4782
Finished routing net _10067_
Nets remaining: 4781
Finished routing net _10069_
Nets remaining: 4780
Finished routing net _10071_
Nets remaining: 4779
Finished routing net _10072_
Nets remaining: 4778
Finished routing net _10074_
Nets remaining: 4777
Finished routing net _10075_
Nets remaining: 4776
Finished routing net _10076_
Nets remaining: 4775
Finished routing net _10078_
Nets remaining: 4774
Finished routing net _10082_
Nets remaining: 4773
Finished routing net _10085_
Nets remaining: 4772
Failed to route net _10087_
Finished routing net _10104_
Nets remaining: 4771
Finished routing net _10112_
Nets remaining: 4770
Finished routing net _10114_
Nets remaining: 4769
Finished routing net _10118_
Nets remaining: 4768
Finished routing net _10120_
Nets remaining: 4767
Finished routing net _10129_
Nets remaining: 4766
Finished routing net _10130_
Nets remaining: 4765
Finished routing net _10131_
Nets remaining: 4764
Finished routing net _10133_
Nets remaining: 4763
Finished routing net _10134_
Nets remaining: 4762
Finished routing net _10135_
Nets remaining: 4761
Finished routing net _10141_
Nets remaining: 4760
Finished routing net _10147_
Nets remaining: 4759
Finished routing net _10150_
Nets remaining: 4758
Finished routing net _10152_
Nets remaining: 4757
Finished routing net _10154_
Nets remaining: 4756
Finished routing net _10155_
Nets remaining: 4755
Finished routing net _10156_
Nets remaining: 4754
Finished routing net _10157_
Nets remaining: 4753
Failed to route net _10159_
Failed to route net _10162_
Finished routing net _10164_
Nets remaining: 4752
Finished routing net _10166_
Nets remaining: 4751
Finished routing net _10172_
Nets remaining: 4750
Finished routing net _10174_
Nets remaining: 4749
Finished routing net _10176_
Nets remaining: 4748
Finished routing net _10177_
Nets remaining: 4747
Failed to route net _10185_
Finished routing net _10186_
Nets remaining: 4746
Finished routing net _10188_
Nets remaining: 4745
Finished routing net _10189_
Nets remaining: 4744
Failed to route net _10190_
Finished routing net _10195_
Nets remaining: 4743
Finished routing net _10196_
Nets remaining: 4742
Finished routing net _10197_
Nets remaining: 4741
Finished routing net _10199_
Nets remaining: 4740
Finished routing net _10200_
Nets remaining: 4739
Finished routing net _10201_
Nets remaining: 4738
Finished routing net _10206_
Nets remaining: 4737
Finished routing net _10207_
Nets remaining: 4736
Finished routing net _10209_
Nets remaining: 4735
Finished routing net _10212_
Nets remaining: 4734
Finished routing net _10216_
Nets remaining: 4733
Finished routing net _10217_
Nets remaining: 4732
Finished routing net _10219_
Nets remaining: 4731
Finished routing net _10220_
Nets remaining: 4730
Finished routing net _10221_
Nets remaining: 4729
Finished routing net _10226_
Nets remaining: 4728
Finished routing net _10228_
Nets remaining: 4727
Finished routing net _10230_
Nets remaining: 4726
Finished routing net _10231_
Nets remaining: 4725
Finished routing net _10232_
Nets remaining: 4724
Finished routing net _10233_
Nets remaining: 4723
Failed to route net _10234_
Finished routing net _10238_
Nets remaining: 4722
Finished routing net _10239_
Nets remaining: 4721
Finished routing net _10241_
Nets remaining: 4720
Finished routing net _10251_
Nets remaining: 4719
Finished routing net _10254_
Nets remaining: 4718
Finished routing net _10256_
Nets remaining: 4717
Finished routing net _10262_
Nets remaining: 4716
Finished routing net _10263_
Nets remaining: 4715
Finished routing net _10264_
Nets remaining: 4714
Finished routing net _10266_
Nets remaining: 4713
Finished routing net _10270_
Nets remaining: 4712
Finished routing net _10271_
Nets remaining: 4711
Finished routing net _10272_
Nets remaining: 4710
Finished routing net _10275_
Nets remaining: 4709
Finished routing net _10284_
Nets remaining: 4708
Finished routing net _10285_
Nets remaining: 4707
Finished routing net _10286_
Nets remaining: 4706
Finished routing net _10293_
Nets remaining: 4705
Finished routing net _10299_
Nets remaining: 4704
Finished routing net _10304_
Nets remaining: 4703
Failed to route net _10305_
Finished routing net _10306_
Nets remaining: 4702
Finished routing net _10308_
Nets remaining: 4701
Finished routing net _10310_
Nets remaining: 4700
Finished routing net _10311_
Nets remaining: 4699
Finished routing net _10318_
Nets remaining: 4698
Finished routing net _10321_
Nets remaining: 4697
Finished routing net _10322_
Nets remaining: 4696
Finished routing net _10327_
Nets remaining: 4695
Finished routing net _10333_
Nets remaining: 4694
Finished routing net _10335_
Nets remaining: 4693
Finished routing net _10339_
Nets remaining: 4692
Finished routing net _10343_
Nets remaining: 4691
Finished routing net _10354_
Nets remaining: 4690
Finished routing net _10358_
Nets remaining: 4689
Finished routing net _10360_
Nets remaining: 4688
Finished routing net _10362_
Nets remaining: 4687
Failed to route net _10366_
Failed to route net _10368_
Failed to route net _10369_
Failed to route net _10370_
Finished routing net _10373_
Nets remaining: 4686
Finished routing net _10374_
Nets remaining: 4685
Finished routing net _10375_
Nets remaining: 4684
Finished routing net _10385_
Nets remaining: 4683
Finished routing net _10386_
Nets remaining: 4682
Failed to route net _10391_
Finished routing net _10392_
Nets remaining: 4681
Failed to route net _10394_
Finished routing net _10395_
Nets remaining: 4680
Failed to route net _10401_
Failed to route net _10406_
Failed to route net _10408_
Failed to route net _10413_
Finished routing net _10414_
Nets remaining: 4679
Failed to route net _10415_
Finished routing net _10416_
Nets remaining: 4678
Failed to route net _10420_
Finished routing net _10422_
Nets remaining: 4677
Failed to route net _10425_
Failed to route net _10427_
Failed to route net _10428_
Finished routing net _10431_
Nets remaining: 4676
Finished routing net _10433_
Nets remaining: 4675
Finished routing net _10438_
Nets remaining: 4674
Finished routing net _10441_
Nets remaining: 4673
Finished routing net _10445_
Nets remaining: 4672
Finished routing net _10446_
Nets remaining: 4671
Finished routing net _10448_
Nets remaining: 4670
Finished routing net _10449_
Nets remaining: 4669
Finished routing net _10452_
Nets remaining: 4668
Finished routing net _10455_
Nets remaining: 4667
Finished routing net _10457_
Nets remaining: 4666
Finished routing net _10459_
Nets remaining: 4665
Finished routing net _10460_
Nets remaining: 4664
Finished routing net _10466_
Nets remaining: 4663
Finished routing net _10470_
Nets remaining: 4662
Finished routing net _10472_
Nets remaining: 4661
Finished routing net _10474_
Nets remaining: 4660
Failed to route net _10476_
Finished routing net _10483_
Nets remaining: 4659
Finished routing net _10487_
Nets remaining: 4658
Finished routing net _10490_
Nets remaining: 4657
Finished routing net _10492_
Nets remaining: 4656
Failed to route net _10497_
Failed to route net _10498_
Finished routing net _10506_
Nets remaining: 4655
Failed to route net _10508_
Finished routing net _10517_
Nets remaining: 4654
Failed to route net _10520_
Failed to route net _10521_
Failed to route net _10524_
Finished routing net _10529_
Nets remaining: 4653
Finished routing net _10532_
Nets remaining: 4652
Finished routing net _10533_
Nets remaining: 4651
Finished routing net _10540_
Nets remaining: 4650
Finished routing net _10542_
Nets remaining: 4649
Failed to route net _10543_
Failed to route net _10546_
Finished routing net _10548_
Nets remaining: 4648
Finished routing net _10549_
Nets remaining: 4647
Finished routing net _10551_
Nets remaining: 4646
Finished routing net _10553_
Nets remaining: 4645
Finished routing net _10554_
Nets remaining: 4644
Failed to route net _10557_
Finished routing net _10559_
Nets remaining: 4643
Finished routing net _10567_
Nets remaining: 4642
Finished routing net _10571_
Nets remaining: 4641
Finished routing net _10573_
Nets remaining: 4640
Finished routing net _10574_
Nets remaining: 4639
Finished routing net _10576_
Nets remaining: 4638
Finished routing net _10577_
Nets remaining: 4637
Finished routing net _10578_
Nets remaining: 4636
Finished routing net _10581_
Nets remaining: 4635
Finished routing net _10583_
Nets remaining: 4634
Finished routing net _10584_
Nets remaining: 4633
Finished routing net _10589_
Nets remaining: 4632
Finished routing net _10591_
Nets remaining: 4631
Finished routing net _10592_
Nets remaining: 4630
Finished routing net _10593_
Nets remaining: 4629
Finished routing net _10595_
Nets remaining: 4628
Finished routing net _10596_
Nets remaining: 4627
Finished routing net _10599_
Nets remaining: 4626
Finished routing net _10607_
Nets remaining: 4625
Finished routing net _10608_
Nets remaining: 4624
Finished routing net _10610_
Nets remaining: 4623
Finished routing net _10612_
Nets remaining: 4622
Finished routing net _10618_
Nets remaining: 4621
Finished routing net _10623_
Nets remaining: 4620
Finished routing net _10624_
Nets remaining: 4619
Finished routing net _10631_
Nets remaining: 4618
Finished routing net _10635_
Nets remaining: 4617
Finished routing net _10636_
Nets remaining: 4616
Failed to route net _10644_
Finished routing net _10651_
Nets remaining: 4615
Finished routing net _10653_
Nets remaining: 4614
Finished routing net _10658_
Nets remaining: 4613
Failed to route net _10663_
Failed to route net _10670_
Finished routing net _10671_
Nets remaining: 4612
Finished routing net _10672_
Nets remaining: 4611
Finished routing net _10676_
Nets remaining: 4610
Failed to route net _10680_
Finished routing net _10682_
Nets remaining: 4609
Finished routing net _10683_
Nets remaining: 4608
Finished routing net _10684_
Nets remaining: 4607
Finished routing net _10688_
Nets remaining: 4606
Finished routing net _10689_
Nets remaining: 4605
Finished routing net _10691_
Nets remaining: 4604
Failed to route net _10692_
Finished routing net _10700_
Nets remaining: 4603
Finished routing net _10701_
Nets remaining: 4602
Finished routing net _10703_
Nets remaining: 4601
Finished routing net _10704_
Nets remaining: 4600
Finished routing net _10709_
Nets remaining: 4599
Failed to route net _10714_
Finished routing net _10718_
Nets remaining: 4598
Finished routing net _10724_
Nets remaining: 4597
Finished routing net _10725_
Nets remaining: 4596
Finished routing net _10729_
Nets remaining: 4595
Finished routing net _10730_
Nets remaining: 4594
Finished routing net _10733_
Nets remaining: 4593
Failed to route net _10736_
Finished routing net _10739_
Nets remaining: 4592
Finished routing net _10741_
Nets remaining: 4591
Finished routing net _10744_
Nets remaining: 4590
Failed to route net _10746_
Finished routing net _10747_
Nets remaining: 4589
Finished routing net _10748_
Nets remaining: 4588
Finished routing net _4_
Nets remaining: 4587
Failed to route net _6_
Finished routing net _11_
Nets remaining: 4586
Finished routing net _13_
Nets remaining: 4585
Finished routing net _14_
Nets remaining: 4584
Finished routing net _16_
Nets remaining: 4583
Finished routing net _23_
Nets remaining: 4582
Finished routing net _24_
Nets remaining: 4581
Finished routing net _25_
Nets remaining: 4580
Finished routing net _26_
Nets remaining: 4579
Finished routing net _27_
Nets remaining: 4578
Failed to route net _33_
Failed to route net _36_
Finished routing net _39_
Nets remaining: 4577
Finished routing net _40_
Nets remaining: 4576
Failed to route net _44_
Finished routing net _48_
Nets remaining: 4575
Finished routing net _51_
Nets remaining: 4574
Finished routing net _55_
Nets remaining: 4573
Finished routing net _56_
Nets remaining: 4572
Finished routing net _57_
Nets remaining: 4571
Finished routing net _67_
Nets remaining: 4570
Failed to route net _68_
Finished routing net _69_
Nets remaining: 4569
Finished routing net _70_
Nets remaining: 4568
Failed to route net _77_
Finished routing net _78_
Nets remaining: 4567
Failed to route net _81_
Finished routing net _82_
Nets remaining: 4566
Finished routing net _86_
Nets remaining: 4565
Finished routing net _87_
Nets remaining: 4564
Finished routing net _92_
Nets remaining: 4563
Failed to route net _97_
Finished routing net _101_
Nets remaining: 4562
Finished routing net _103_
Nets remaining: 4561
Finished routing net _107_
Nets remaining: 4560
Finished routing net _108_
Nets remaining: 4559
Finished routing net _116_
Nets remaining: 4558
Finished routing net _119_
Nets remaining: 4557
Finished routing net _120_
Nets remaining: 4556
Finished routing net _125_
Nets remaining: 4555
Finished routing net _126_
Nets remaining: 4554
Finished routing net _128_
Nets remaining: 4553
Finished routing net _133_
Nets remaining: 4552
Finished routing net _136_
Nets remaining: 4551
Finished routing net _138_
Nets remaining: 4550
Finished routing net _139_
Nets remaining: 4549
Finished routing net _141_
Nets remaining: 4548
Finished routing net _142_
Nets remaining: 4547
Finished routing net _144_
Nets remaining: 4546
Finished routing net _146_
Nets remaining: 4545
Finished routing net _150_
Nets remaining: 4544
Failed to route net _151_
Failed to route net _154_
Finished routing net _160_
Nets remaining: 4543
Finished routing net _163_
Nets remaining: 4542
Finished routing net _165_
Nets remaining: 4541
Finished routing net _169_
Nets remaining: 4540
Finished routing net _172_
Nets remaining: 4539
Finished routing net _174_
Nets remaining: 4538
Finished routing net _179_
Nets remaining: 4537
Finished routing net _181_
Nets remaining: 4536
Finished routing net _186_
Nets remaining: 4535
Finished routing net _189_
Nets remaining: 4534
Finished routing net _193_
Nets remaining: 4533
Failed to route net _195_
Finished routing net _198_
Nets remaining: 4532
Finished routing net _201_
Nets remaining: 4531
Finished routing net _204_
Nets remaining: 4530
Finished routing net _206_
Nets remaining: 4529
Failed to route net _209_
Finished routing net _211_
Nets remaining: 4528
Failed to route net _216_
Finished routing net _219_
Nets remaining: 4527
Finished routing net _223_
Nets remaining: 4526
Finished routing net _225_
Nets remaining: 4525
Finished routing net _229_
Nets remaining: 4524
Finished routing net _230_
Nets remaining: 4523
Finished routing net _235_
Nets remaining: 4522
Finished routing net _238_
Nets remaining: 4521
Finished routing net _242_
Nets remaining: 4520
Finished routing net _246_
Nets remaining: 4519
Finished routing net _247_
Nets remaining: 4518
Failed to route net _252_
Finished routing net _253_
Nets remaining: 4517
Finished routing net _255_
Nets remaining: 4516
Finished routing net _256_
Nets remaining: 4515
Finished routing net _258_
Nets remaining: 4514
Finished routing net _262_
Nets remaining: 4513
Finished routing net _264_
Nets remaining: 4512
Finished routing net _265_
Nets remaining: 4511
Finished routing net _272_
Nets remaining: 4510
Finished routing net _277_
Nets remaining: 4509
Finished routing net _279_
Nets remaining: 4508
Finished routing net _282_
Nets remaining: 4507
Finished routing net _283_
Nets remaining: 4506
Finished routing net _284_
Nets remaining: 4505
Finished routing net _285_
Nets remaining: 4504
Finished routing net _286_
Nets remaining: 4503
Finished routing net _287_
Nets remaining: 4502
Finished routing net _293_
Nets remaining: 4501
Finished routing net _296_
Nets remaining: 4500
Finished routing net _299_
Nets remaining: 4499
Finished routing net _303_
Nets remaining: 4498
Finished routing net _304_
Nets remaining: 4497
Finished routing net _305_
Nets remaining: 4496
Finished routing net _311_
Nets remaining: 4495
Finished routing net _314_
Nets remaining: 4494
Finished routing net _318_
Nets remaining: 4493
Finished routing net _321_
Nets remaining: 4492
Finished routing net _324_
Nets remaining: 4491
Finished routing net _325_
Nets remaining: 4490
Finished routing net _327_
Nets remaining: 4489
Finished routing net _328_
Nets remaining: 4488
Failed to route net _334_
Finished routing net _336_
Nets remaining: 4487
Finished routing net _338_
Nets remaining: 4486
Finished routing net _340_
Nets remaining: 4485
Finished routing net _342_
Nets remaining: 4484
Finished routing net _345_
Nets remaining: 4483
Finished routing net _346_
Nets remaining: 4482
Finished routing net _348_
Nets remaining: 4481
Finished routing net _350_
Nets remaining: 4480
Finished routing net _360_
Nets remaining: 4479
Finished routing net _10758_[15]
Nets remaining: 4478
Finished routing net _365_
Nets remaining: 4477
Failed to route net _368_
Failed to route net _369_
Finished routing net _374_
Nets remaining: 4476
Finished routing net _375_
Nets remaining: 4475
Finished routing net _377_
Nets remaining: 4474
Finished routing net _384_
Nets remaining: 4473
Failed to route net _386_
Finished routing net _387_
Nets remaining: 4472
Finished routing net _389_
Nets remaining: 4471
Finished routing net _390_
Nets remaining: 4470
Failed to route net _392_
Finished routing net _394_
Nets remaining: 4469
Finished routing net _398_
Nets remaining: 4468
Finished routing net _399_
Nets remaining: 4467
Finished routing net _402_
Nets remaining: 4466
Finished routing net _408_
Nets remaining: 4465
Finished routing net _411_
Nets remaining: 4464
Finished routing net _413_
Nets remaining: 4463
Finished routing net _417_
Nets remaining: 4462
Finished routing net _420_
Nets remaining: 4461
Finished routing net _422_
Nets remaining: 4460
Finished routing net _427_
Nets remaining: 4459
Finished routing net _429_
Nets remaining: 4458
Finished routing net _434_
Nets remaining: 4457
Finished routing net _437_
Nets remaining: 4456
Finished routing net _441_
Nets remaining: 4455
Finished routing net _443_
Nets remaining: 4454
Finished routing net _446_
Nets remaining: 4453
Finished routing net _449_
Nets remaining: 4452
Finished routing net _450_
Nets remaining: 4451
Finished routing net _454_
Nets remaining: 4450
Finished routing net _457_
Nets remaining: 4449
Finished routing net _459_
Nets remaining: 4448
Finished routing net _461_
Nets remaining: 4447
Finished routing net _465_
Nets remaining: 4446
Finished routing net _468_
Nets remaining: 4445
Failed to route net _472_
Finished routing net _474_
Nets remaining: 4444
Finished routing net _477_
Nets remaining: 4443
Finished routing net _479_
Nets remaining: 4442
Finished routing net _480_
Nets remaining: 4441
Finished routing net _485_
Nets remaining: 4440
Finished routing net _489_
Nets remaining: 4439
Finished routing net _492_
Nets remaining: 4438
Finished routing net _496_
Nets remaining: 4437
Finished routing net _499_
Nets remaining: 4436
Finished routing net _503_
Nets remaining: 4435
Finished routing net _504_
Nets remaining: 4434
Finished routing net _506_
Nets remaining: 4433
Finished routing net _507_
Nets remaining: 4432
Failed to route net _510_
Failed to route net _513_
Finished routing net _515_
Nets remaining: 4431
Finished routing net _516_
Nets remaining: 4430
Finished routing net _523_
Nets remaining: 4429
Finished routing net _528_
Nets remaining: 4428
Finished routing net _531_
Nets remaining: 4427
Finished routing net _533_
Nets remaining: 4426
Finished routing net _534_
Nets remaining: 4425
Finished routing net _535_
Nets remaining: 4424
Finished routing net _536_
Nets remaining: 4423
Finished routing net _541_
Nets remaining: 4422
Finished routing net _544_
Nets remaining: 4421
Finished routing net _547_
Nets remaining: 4420
Finished routing net _551_
Nets remaining: 4419
Finished routing net _553_
Nets remaining: 4418
Finished routing net _554_
Nets remaining: 4417
Finished routing net _555_
Nets remaining: 4416
Finished routing net _558_
Nets remaining: 4415
Finished routing net _561_
Nets remaining: 4414
Finished routing net _565_
Nets remaining: 4413
Finished routing net _567_
Nets remaining: 4412
Finished routing net _569_
Nets remaining: 4411
Finished routing net _572_
Nets remaining: 4410
Finished routing net _575_
Nets remaining: 4409
Finished routing net _579_
Nets remaining: 4408
Finished routing net _582_
Nets remaining: 4407
Finished routing net _585_
Nets remaining: 4406
Finished routing net _587_
Nets remaining: 4405
Finished routing net _588_
Nets remaining: 4404
Finished routing net _589_
Nets remaining: 4403
Finished routing net _592_
Nets remaining: 4402
Finished routing net _595_
Nets remaining: 4401
Finished routing net _597_
Nets remaining: 4400
Finished routing net _607_
Nets remaining: 4399
Finished routing net _10759_[15]
Nets remaining: 4398
Finished routing net _610_
Nets remaining: 4397
Finished routing net _611_
Nets remaining: 4396
Finished routing net _612_
Nets remaining: 4395
Finished routing net _614_
Nets remaining: 4394
Finished routing net _615_
Nets remaining: 4393
Failed to route net _617_
Finished routing net _621_
Nets remaining: 4392
Finished routing net _625_
Nets remaining: 4391
Finished routing net _631_
Nets remaining: 4390
Finished routing net _635_
Nets remaining: 4389
Failed to route net _637_
Finished routing net _641_
Nets remaining: 4388
Finished routing net _645_
Nets remaining: 4387
Finished routing net _646_
Nets remaining: 4386
Failed to route net _648_
Finished routing net _649_
Nets remaining: 4385
Finished routing net _651_
Nets remaining: 4384
Finished routing net _653_
Nets remaining: 4383
Finished routing net _659_
Nets remaining: 4382
Finished routing net _662_
Nets remaining: 4381
Failed to route net _663_
Finished routing net _665_
Nets remaining: 4380
Finished routing net _667_
Nets remaining: 4379
Finished routing net _671_
Nets remaining: 4378
Finished routing net _675_
Nets remaining: 4377
Finished routing net _677_
Nets remaining: 4376
Finished routing net _685_
Nets remaining: 4375
Finished routing net _686_
Nets remaining: 4374
Finished routing net _688_
Nets remaining: 4373
Finished routing net _691_
Nets remaining: 4372
Finished routing net _692_
Nets remaining: 4371
Finished routing net _694_
Nets remaining: 4370
Failed to route net _696_
Finished routing net _701_
Nets remaining: 4369
Finished routing net _702_
Nets remaining: 4368
Finished routing net _704_
Nets remaining: 4367
Finished routing net _705_
Nets remaining: 4366
Finished routing net _707_
Nets remaining: 4365
Finished routing net _708_
Nets remaining: 4364
Finished routing net _711_
Nets remaining: 4363
Finished routing net _713_
Nets remaining: 4362
Finished routing net _714_
Nets remaining: 4361
Finished routing net _715_
Nets remaining: 4360
Finished routing net _721_
Nets remaining: 4359
Finished routing net _722_
Nets remaining: 4358
Finished routing net _723_
Nets remaining: 4357
Finished routing net _727_
Nets remaining: 4356
Finished routing net _728_
Nets remaining: 4355
Finished routing net _729_
Nets remaining: 4354
Finished routing net _732_
Nets remaining: 4353
Finished routing net _742_
Nets remaining: 4352
Finished routing net _744_
Nets remaining: 4351
Failed to route net _746_
Finished routing net _748_
Nets remaining: 4350
Finished routing net _751_
Nets remaining: 4349
Finished routing net _754_
Nets remaining: 4348
Finished routing net _760_
Nets remaining: 4347
Finished routing net _761_
Nets remaining: 4346
Failed to route net _763_
Finished routing net _764_
Nets remaining: 4345
Finished routing net _766_
Nets remaining: 4344
Finished routing net _769_
Nets remaining: 4343
Finished routing net _771_
Nets remaining: 4342
Finished routing net _774_
Nets remaining: 4341
Finished routing net _775_
Nets remaining: 4340
Finished routing net _777_
Nets remaining: 4339
Finished routing net _783_
Nets remaining: 4338
Failed to route net _789_
Failed to route net _793_
Finished routing net _794_
Nets remaining: 4337
Finished routing net _796_
Nets remaining: 4336
Failed to route net _805_
Finished routing net _807_
Nets remaining: 4335
Finished routing net _810_
Nets remaining: 4334
Finished routing net _814_
Nets remaining: 4333
Finished routing net _816_
Nets remaining: 4332
Finished routing net _822_
Nets remaining: 4331
Finished routing net _823_
Nets remaining: 4330
Finished routing net _830_
Nets remaining: 4329
Finished routing net _831_
Nets remaining: 4328
Finished routing net _832_
Nets remaining: 4327
Finished routing net _834_
Nets remaining: 4326
Finished routing net _836_
Nets remaining: 4325
Finished routing net _840_
Nets remaining: 4324
Finished routing net _841_
Nets remaining: 4323
Failed to route net _842_
Finished routing net _843_
Nets remaining: 4322
Failed to route net _845_
Finished routing net _849_
Nets remaining: 4321
Finished routing net _850_
Nets remaining: 4320
Finished routing net _851_
Nets remaining: 4319
Finished routing net _853_
Nets remaining: 4318
Finished routing net _855_
Nets remaining: 4317
Finished routing net _857_
Nets remaining: 4316
Finished routing net _860_
Nets remaining: 4315
Finished routing net _862_
Nets remaining: 4314
Finished routing net _864_
Nets remaining: 4313
Failed to route net _869_
Finished routing net _870_
Nets remaining: 4312
Finished routing net _871_
Nets remaining: 4311
Failed to route net _872_
Failed to route net _874_
Finished routing net _882_
Nets remaining: 4310
Finished routing net _884_
Nets remaining: 4309
Failed to route net _886_
Finished routing net _888_
Nets remaining: 4308
Finished routing net _891_
Nets remaining: 4307
Finished routing net _894_
Nets remaining: 4306
Finished routing net _901_
Nets remaining: 4305
Finished routing net _903_
Nets remaining: 4304
Finished routing net _904_
Nets remaining: 4303
Failed to route net _905_
Finished routing net _907_
Nets remaining: 4302
Failed to route net _909_
Failed to route net _913_
Finished routing net _914_
Nets remaining: 4301
Finished routing net _920_
Nets remaining: 4300
Finished routing net _921_
Nets remaining: 4299
Failed to route net _924_
Failed to route net _926_
Finished routing net _929_
Nets remaining: 4298
Failed to route net _931_
Finished routing net _935_
Nets remaining: 4297
Failed to route net _937_
Finished routing net _941_
Nets remaining: 4296
Finished routing net _942_
Nets remaining: 4295
Finished routing net _946_
Nets remaining: 4294
Finished routing net _947_
Nets remaining: 4293
Finished routing net _950_
Nets remaining: 4292
Finished routing net _951_
Nets remaining: 4291
Finished routing net _956_
Nets remaining: 4290
Finished routing net _957_
Nets remaining: 4289
Finished routing net _960_
Nets remaining: 4288
Failed to route net _961_
Finished routing net _964_
Nets remaining: 4287
Finished routing net _966_
Nets remaining: 4286
Failed to route net _967_
Failed to route net _10754_[15]
Finished routing net _976_
Nets remaining: 4285
Finished routing net _979_
Nets remaining: 4284
Finished routing net _980_
Nets remaining: 4283
Finished routing net _981_
Nets remaining: 4282
Finished routing net _982_
Nets remaining: 4281
Failed to route net _983_
Failed to route net _985_
Finished routing net _990_
Nets remaining: 4280
Finished routing net _991_
Nets remaining: 4279
Finished routing net _996_
Nets remaining: 4278
Failed to route net _997_
Finished routing net _1001_
Nets remaining: 4277
Failed to route net _1002_
Finished routing net _1005_
Nets remaining: 4276
Failed to route net _1008_
Finished routing net _1011_
Nets remaining: 4275
Failed to route net _1013_
Finished routing net _1018_
Nets remaining: 4274
Failed to route net _1019_
Finished routing net _1022_
Nets remaining: 4273
Finished routing net _1023_
Nets remaining: 4272
Failed to route net _1027_
Finished routing net _1028_
Nets remaining: 4271
Finished routing net _1032_
Nets remaining: 4270
Finished routing net _1033_
Nets remaining: 4269
Finished routing net _1037_
Nets remaining: 4268
Failed to route net _1038_
Finished routing net _1040_
Nets remaining: 4267
Finished routing net _1042_
Nets remaining: 4266
Finished routing net _1043_
Nets remaining: 4265
Finished routing net _10755_[15]
Nets remaining: 4264
Finished routing net _1049_
Nets remaining: 4263
Finished routing net _1052_
Nets remaining: 4262
Finished routing net _1053_
Nets remaining: 4261
Finished routing net _1055_
Nets remaining: 4260
Finished routing net _1057_
Nets remaining: 4259
Finished routing net _1059_
Nets remaining: 4258
Finished routing net _1063_
Nets remaining: 4257
Finished routing net _1064_
Nets remaining: 4256
Finished routing net _1067_
Nets remaining: 4255
Failed to route net _1068_
Finished routing net _1069_
Nets remaining: 4254
Failed to route net _1073_
Finished routing net _1076_
Nets remaining: 4253
Finished routing net _1078_
Nets remaining: 4252
Finished routing net _1080_
Nets remaining: 4251
Finished routing net _1083_
Nets remaining: 4250
Finished routing net _1084_
Nets remaining: 4249
Failed to route net _1086_
Finished routing net _1092_
Nets remaining: 4248
Finished routing net _1093_
Nets remaining: 4247
Finished routing net _1094_
Nets remaining: 4246
Failed to route net _1097_
Finished routing net _1099_
Nets remaining: 4245
Finished routing net _1110_
Nets remaining: 4244
Finished routing net _1111_
Nets remaining: 4243
Failed to route net _1114_
Failed to route net _1117_
Finished routing net _1118_
Nets remaining: 4242
Failed to route net _1119_
Finished routing net _1120_
Nets remaining: 4241
Failed to route net _1123_
Finished routing net _1125_
Nets remaining: 4240
Finished routing net _1127_
Nets remaining: 4239
Finished routing net _1128_
Nets remaining: 4238
Finished routing net _1130_
Nets remaining: 4237
Finished routing net _1135_
Nets remaining: 4236
Finished routing net _1137_
Nets remaining: 4235
Finished routing net _1146_
Nets remaining: 4234
Finished routing net _1148_
Nets remaining: 4233
Finished routing net _1150_
Nets remaining: 4232
Failed to route net _1154_
Finished routing net _1156_
Nets remaining: 4231
Finished routing net _1157_
Nets remaining: 4230
Failed to route net _1162_
Failed to route net _1165_
Failed to route net _1166_
Finished routing net _1175_
Nets remaining: 4229
Finished routing net _1177_
Nets remaining: 4228
Failed to route net _1178_
Failed to route net _1180_
Finished routing net _1183_
Nets remaining: 4227
Failed to route net _1186_
Finished routing net _1192_
Nets remaining: 4226
Finished routing net _1194_
Nets remaining: 4225
Finished routing net _1195_
Nets remaining: 4224
Failed to route net _1197_
Finished routing net _1198_
Nets remaining: 4223
Finished routing net _1200_
Nets remaining: 4222
Finished routing net _1201_
Nets remaining: 4221
Finished routing net _1203_
Nets remaining: 4220
Failed to route net _1205_
Finished routing net _1206_
Nets remaining: 4219
Finished routing net _1209_
Nets remaining: 4218
Finished routing net _1211_
Nets remaining: 4217
Finished routing net _1214_
Nets remaining: 4216
Finished routing net _1217_
Nets remaining: 4215
Finished routing net _1220_
Nets remaining: 4214
Finished routing net _1223_
Nets remaining: 4213
Finished routing net _1227_
Nets remaining: 4212
Finished routing net _1228_
Nets remaining: 4211
Finished routing net _1231_
Nets remaining: 4210
Finished routing net _1238_
Nets remaining: 4209
Finished routing net _1242_
Nets remaining: 4208
Failed to route net _1244_
Finished routing net _1251_
Nets remaining: 4207
Finished routing net _1252_
Nets remaining: 4206
Finished routing net _1254_
Nets remaining: 4205
Finished routing net _1258_
Nets remaining: 4204
Finished routing net _1261_
Nets remaining: 4203
Finished routing net _1263_
Nets remaining: 4202
Finished routing net _1265_
Nets remaining: 4201
Finished routing net _1267_
Nets remaining: 4200
Finished routing net _1270_
Nets remaining: 4199
Finished routing net _1274_
Nets remaining: 4198
Failed to route net _1276_
Finished routing net _1284_
Nets remaining: 4197
Finished routing net _1286_
Nets remaining: 4196
Finished routing net _1287_
Nets remaining: 4195
Failed to route net _1289_
Finished routing net _1293_
Nets remaining: 4194
Finished routing net _1295_
Nets remaining: 4193
Finished routing net _1296_
Nets remaining: 4192
Failed to route net _1301_
Finished routing net _1304_
Nets remaining: 4191
Finished routing net _1305_
Nets remaining: 4190
Failed to route net _1314_
Finished routing net _1316_
Nets remaining: 4189
Finished routing net _1317_
Nets remaining: 4188
Failed to route net _1320_
Finished routing net _1322_
Nets remaining: 4187
Finished routing net _1325_
Nets remaining: 4186
Finished routing net _1333_
Nets remaining: 4185
Finished routing net _1334_
Nets remaining: 4184
Finished routing net _1335_
Nets remaining: 4183
Failed to route net _1336_
Finished routing net _1339_
Nets remaining: 4182
Finished routing net _1344_
Nets remaining: 4181
Failed to route net _1345_
Finished routing net _1352_
Nets remaining: 4180
Finished routing net _1353_
Nets remaining: 4179
Finished routing net _1358_
Nets remaining: 4178
Finished routing net _1359_
Nets remaining: 4177
Failed to route net _1363_
Finished routing net _1365_
Nets remaining: 4176
Finished routing net _1370_
Nets remaining: 4175
Finished routing net _1372_
Nets remaining: 4174
Finished routing net _1378_
Nets remaining: 4173
Finished routing net _1379_
Nets remaining: 4172
Finished routing net _1381_
Nets remaining: 4171
Finished routing net _1383_
Nets remaining: 4170
Finished routing net _1384_
Nets remaining: 4169
Finished routing net _1390_
Nets remaining: 4168
Finished routing net _1391_
Nets remaining: 4167
Finished routing net _1395_
Nets remaining: 4166
Finished routing net _1396_
Nets remaining: 4165
Finished routing net _1401_
Nets remaining: 4164
Failed to route net _1402_
Finished routing net _1408_
Nets remaining: 4163
Finished routing net _1409_
Nets remaining: 4162
Failed to route net _1411_
Finished routing net _10750_[15]
Nets remaining: 4161
Finished routing net _1419_
Nets remaining: 4160
Failed to route net _1421_
Failed to route net _1422_
Failed to route net _1423_
Finished routing net _1425_
Nets remaining: 4159
Finished routing net _1431_
Nets remaining: 4158
Finished routing net _1432_
Nets remaining: 4157
Finished routing net _1438_
Nets remaining: 4156
Finished routing net _1439_
Nets remaining: 4155
Finished routing net _1444_
Nets remaining: 4154
Finished routing net _1445_
Nets remaining: 4153
Finished routing net _1450_
Nets remaining: 4152
Failed to route net _1452_
Finished routing net _1456_
Nets remaining: 4151
Failed to route net _1458_
Finished routing net _1464_
Nets remaining: 4150
Finished routing net _1465_
Nets remaining: 4149
Finished routing net _1467_
Nets remaining: 4148
Failed to route net _1470_
Finished routing net _1471_
Nets remaining: 4147
Finished routing net _1476_
Nets remaining: 4146
Finished routing net _1477_
Nets remaining: 4145
Finished routing net _1481_
Nets remaining: 4144
Failed to route net _1482_
Finished routing net _1485_
Nets remaining: 4143
Finished routing net _1486_
Nets remaining: 4142
Failed to route net _1489_
Failed to route net _1494_
Finished routing net _1495_
Nets remaining: 4141
Finished routing net _1498_
Nets remaining: 4140
Finished routing net _10751_[15]
Nets remaining: 4139
Finished routing net _5612_
Nets remaining: 4138
Finished routing net _5677_
Nets remaining: 4137
Finished routing net _5783_
Nets remaining: 4136
Finished routing net _5838_
Nets remaining: 4135
Finished routing net _5860_
Nets remaining: 4134
Finished routing net _5989_
Nets remaining: 4133
Finished routing net _6162_
Nets remaining: 4132
Finished routing net _6205_
Nets remaining: 4131
Finished routing net _6281_
Nets remaining: 4130
Finished routing net _6303_
Nets remaining: 4129
Finished routing net _6313_
Nets remaining: 4128
Finished routing net _6346_
Nets remaining: 4127
Finished routing net _6400_
Nets remaining: 4126
Finished routing net _6411_
Nets remaining: 4125
Finished routing net _6432_
Nets remaining: 4124
Finished routing net _6454_
Nets remaining: 4123
Finished routing net _6508_
Nets remaining: 4122
Failed to route net _6519_
Finished routing net _6530_
Nets remaining: 4121
Finished routing net _6625_
Nets remaining: 4120
Finished routing net _6636_
Nets remaining: 4119
Finished routing net _6777_
Nets remaining: 4118
Finished routing net _6798_
Nets remaining: 4117
Finished routing net _6830_
Nets remaining: 4116
Finished routing net _6841_
Nets remaining: 4115
Failed to route net _6852_
Failed to route net _6863_
Finished routing net _6895_
Nets remaining: 4114
Finished routing net _6917_
Nets remaining: 4113
Finished routing net _6970_
Nets remaining: 4112
Finished routing net _7003_
Nets remaining: 4111
Finished routing net _7013_
Nets remaining: 4110
Finished routing net _7024_
Nets remaining: 4109
Finished routing net _7035_
Nets remaining: 4108
Finished routing net _7078_
Nets remaining: 4107
Finished routing net _7143_
Nets remaining: 4106
Finished routing net _7154_
Nets remaining: 4105
Finished routing net _7165_
Nets remaining: 4104
Finished routing net _7208_
Nets remaining: 4103
Finished routing net _7258_
Nets remaining: 4102
Finished routing net _7280_
Nets remaining: 4101
Failed to route net _7313_
Finished routing net _7324_
Nets remaining: 4100
Finished routing net _7335_
Nets remaining: 4099
Finished routing net _7368_
Nets remaining: 4098
Finished routing net _7433_
Nets remaining: 4097
Finished routing net _7508_
Nets remaining: 4096
Finished routing net _7540_
Nets remaining: 4095
Finished routing net _7573_
Nets remaining: 4094
Finished routing net _7594_
Nets remaining: 4093
Finished routing net _7605_
Nets remaining: 4092
Finished routing net _7637_
Nets remaining: 4091
Finished routing net _7691_
Nets remaining: 4090
Finished routing net _7809_
Nets remaining: 4089
Finished routing net _7820_
Nets remaining: 4088
Finished routing net _7863_
Nets remaining: 4087
Finished routing net _7906_
Nets remaining: 4086
Finished routing net _7946_
Nets remaining: 4085
Finished routing net _7990_
Nets remaining: 4084
Finished routing net _8012_
Nets remaining: 4083
Finished routing net _8045_
Nets remaining: 4082
Failed to route net _8067_
Finished routing net _8166_
Nets remaining: 4081
Finished routing net _8199_
Nets remaining: 4080
Failed to route net _8353_
Finished routing net _8419_
Nets remaining: 4079
Failed to route net _8441_
Finished routing net _8452_
Nets remaining: 4078
Finished routing net _8507_
Nets remaining: 4077
Finished routing net _8573_
Nets remaining: 4076
Finished routing net _8595_
Nets remaining: 4075
Finished routing net _8606_
Nets remaining: 4074
Finished routing net _8650_
Nets remaining: 4073
Finished routing net _8705_
Nets remaining: 4072
Finished routing net _8771_
Nets remaining: 4071
Finished routing net _8804_
Nets remaining: 4070
Finished routing net _8848_
Nets remaining: 4069
Failed to route net _8914_
Finished routing net _8925_
Nets remaining: 4068
Finished routing net _8936_
Nets remaining: 4067
Finished routing net _8947_
Nets remaining: 4066
Failed to route net _8958_
Finished routing net _8969_
Nets remaining: 4065
Finished routing net _9165_
Nets remaining: 4064
Finished routing net _9242_
Nets remaining: 4063
Failed to route net _9395_
Finished routing net _9461_
Nets remaining: 4062
Finished routing net _9483_
Nets remaining: 4061
Finished routing net _9537_
Nets remaining: 4060
Finished routing net _9570_
Nets remaining: 4059
Finished routing net _9592_
Nets remaining: 4058
Finished routing net _9647_
Nets remaining: 4057
Finished routing net _9800_
Nets remaining: 4056
Finished routing net _9877_
Nets remaining: 4055
Failed to route net _10051_
Failed to route net _10084_
Finished routing net _10106_
Nets remaining: 4054
Failed to route net _10127_
Finished routing net _10204_
Nets remaining: 4053
Finished routing net _10515_
Nets remaining: 4052
Finished routing net _10580_
Nets remaining: 4051
Finished routing net _260_
Nets remaining: 4050
Finished routing net _343_
Nets remaining: 4049
Finished routing net _371_
Nets remaining: 4048
Finished routing net _404_
Nets remaining: 4047
Finished routing net _424_
Nets remaining: 4046
Finished routing net _456_
Nets remaining: 4045
Finished routing net _466_
Nets remaining: 4044
Finished routing net _539_
Nets remaining: 4043
Finished routing net _549_
Nets remaining: 4042
Finished routing net _560_
Nets remaining: 4041
Finished routing net _581_
Nets remaining: 4040
Finished routing net _670_
Nets remaining: 4039
Finished routing net _690_
Nets remaining: 4038
Finished routing net _710_
Nets remaining: 4037
Finished routing net _740_
Nets remaining: 4036
Finished routing net _758_
Nets remaining: 4035
Finished routing net _778_
Nets remaining: 4034
Finished routing net _858_
Nets remaining: 4033
Finished routing net _889_
Nets remaining: 4032
Finished routing net _897_
Nets remaining: 4031
Finished routing net _971_
Nets remaining: 4030
Finished routing net _1044_
Nets remaining: 4029
Finished routing net _1091_
Nets remaining: 4028
Finished routing net _1142_
Nets remaining: 4027
Finished routing net _1171_
Nets remaining: 4026
Finished routing net _1260_
Nets remaining: 4025
Finished routing net _1328_
Nets remaining: 4024
Finished routing net _1347_
Nets remaining: 4023
Finished routing net _1420_
Nets remaining: 4022
Finished routing net _1440_
Nets remaining: 4021
Finished routing net _1497_
Nets remaining: 4020
Finished routing net _1504_
Nets remaining: 4019
Finished routing net _1512_
Nets remaining: 4018
Finished routing net _1514_
Nets remaining: 4017
Finished routing net _1516_
Nets remaining: 4016
Finished routing net _1521_
Nets remaining: 4015
Finished routing net _1523_
Nets remaining: 4014
Finished routing net _1530_
Nets remaining: 4013
Finished routing net _1535_
Nets remaining: 4012
Finished routing net _1536_
Nets remaining: 4011
Failed to route net _1537_
Finished routing net _1542_
Nets remaining: 4010
Finished routing net _1546_
Nets remaining: 4009
Finished routing net _1552_
Nets remaining: 4008
Finished routing net _1554_
Nets remaining: 4007
Finished routing net _1557_
Nets remaining: 4006
Finished routing net _1561_
Nets remaining: 4005
Finished routing net _1569_
Nets remaining: 4004
Finished routing net _1576_
Nets remaining: 4003
Finished routing net _1584_
Nets remaining: 4002
Finished routing net _1596_
Nets remaining: 4001
Finished routing net _1602_
Nets remaining: 4000
Finished routing net _1626_
Nets remaining: 3999
Finished routing net _1628_
Nets remaining: 3998
Finished routing net _1633_
Nets remaining: 3997
Finished routing net _1636_
Nets remaining: 3996
Finished routing net _1639_
Nets remaining: 3995
Finished routing net _1644_
Nets remaining: 3994
Finished routing net _1649_
Nets remaining: 3993
Finished routing net _1653_
Nets remaining: 3992
Finished routing net _1654_
Nets remaining: 3991
Finished routing net _1664_
Nets remaining: 3990
Finished routing net _1669_
Nets remaining: 3989
Finished routing net _1671_
Nets remaining: 3988
Failed to route net _1675_
Finished routing net _1679_
Nets remaining: 3987
Finished routing net _1684_
Nets remaining: 3986
Finished routing net _1685_
Nets remaining: 3985
Finished routing net _1691_
Nets remaining: 3984
Finished routing net _1699_
Nets remaining: 3983
Finished routing net _1710_
Nets remaining: 3982
Finished routing net _1730_
Nets remaining: 3981
Finished routing net _1739_
Nets remaining: 3980
Finished routing net _1741_
Nets remaining: 3979
Finished routing net _1751_
Nets remaining: 3978
Finished routing net _1790_
Nets remaining: 3977
Finished routing net _1791_
Nets remaining: 3976
Finished routing net _1800_
Nets remaining: 3975
Finished routing net _1814_
Nets remaining: 3974
Finished routing net _1815_
Nets remaining: 3973
Finished routing net _1816_
Nets remaining: 3972
Finished routing net _1828_
Nets remaining: 3971
Finished routing net _1833_
Nets remaining: 3970
Finished routing net _1837_
Nets remaining: 3969
Finished routing net _1841_
Nets remaining: 3968
Finished routing net _1844_
Nets remaining: 3967
Finished routing net _1852_
Nets remaining: 3966
Finished routing net _1859_
Nets remaining: 3965
Finished routing net _1862_
Nets remaining: 3964
Finished routing net _1864_
Nets remaining: 3963
Finished routing net _1866_
Nets remaining: 3962
Failed to route net _1869_
Finished routing net _1876_
Nets remaining: 3961
Finished routing net _1878_
Nets remaining: 3960
Finished routing net _1880_
Nets remaining: 3959
Finished routing net _1881_
Nets remaining: 3958
Finished routing net _1883_
Nets remaining: 3957
Finished routing net _1884_
Nets remaining: 3956
Failed to route net _1887_
Failed to route net _1888_
Finished routing net _1892_
Nets remaining: 3955
Finished routing net _1897_
Nets remaining: 3954
Finished routing net _1899_
Nets remaining: 3953
Finished routing net _1902_
Nets remaining: 3952
Finished routing net _1911_
Nets remaining: 3951
Failed to route net _1915_
Finished routing net _1917_
Nets remaining: 3950
Finished routing net _1918_
Nets remaining: 3949
Finished routing net _1921_
Nets remaining: 3948
Finished routing net _1928_
Nets remaining: 3947
Finished routing net _1939_
Nets remaining: 3946
Finished routing net _1945_
Nets remaining: 3945
Finished routing net _1949_
Nets remaining: 3944
Finished routing net _1951_
Nets remaining: 3943
Finished routing net _1952_
Nets remaining: 3942
Failed to route net _1964_
Failed to route net _1966_
Failed to route net _1967_
Finished routing net _1984_
Nets remaining: 3941
Finished routing net _1986_
Nets remaining: 3940
Finished routing net _1987_
Nets remaining: 3939
Finished routing net _1989_
Nets remaining: 3938
Finished routing net _2007_
Nets remaining: 3937
Finished routing net _2008_
Nets remaining: 3936
Finished routing net _2013_
Nets remaining: 3935
Finished routing net _2017_
Nets remaining: 3934
Finished routing net _2026_
Nets remaining: 3933
Finished routing net _2028_
Nets remaining: 3932
Finished routing net _2030_
Nets remaining: 3931
Finished routing net _2032_
Nets remaining: 3930
Finished routing net _2035_
Nets remaining: 3929
Finished routing net _2042_
Nets remaining: 3928
Failed to route net _2046_
Finished routing net _2050_
Nets remaining: 3927
Finished routing net _2055_
Nets remaining: 3926
Finished routing net _2058_
Nets remaining: 3925
Finished routing net _2059_
Nets remaining: 3924
Finished routing net _2060_
Nets remaining: 3923
Finished routing net _2063_
Nets remaining: 3922
Finished routing net _2095_
Nets remaining: 3921
Finished routing net _2123_
Nets remaining: 3920
Finished routing net _2127_
Nets remaining: 3919
Failed to route net _2129_
Finished routing net _2137_
Nets remaining: 3918
Finished routing net _2139_
Nets remaining: 3917
Finished routing net _2141_
Nets remaining: 3916
Finished routing net _2142_
Nets remaining: 3915
Finished routing net _2145_
Nets remaining: 3914
Finished routing net _2146_
Nets remaining: 3913
Finished routing net _2149_
Nets remaining: 3912
Finished routing net _2158_
Nets remaining: 3911
Finished routing net _2162_
Nets remaining: 3910
Finished routing net _2164_
Nets remaining: 3909
Finished routing net _2166_
Nets remaining: 3908
Finished routing net _2175_
Nets remaining: 3907
Finished routing net _2178_
Nets remaining: 3906
Finished routing net _2182_
Nets remaining: 3905
Failed to route net _2189_
Finished routing net _2192_
Nets remaining: 3904
Finished routing net _2200_
Nets remaining: 3903
Finished routing net _2203_
Nets remaining: 3902
Finished routing net _2211_
Nets remaining: 3901
Finished routing net _2212_
Nets remaining: 3900
Failed to route net _2214_
Finished routing net _2217_
Nets remaining: 3899
Finished routing net _2221_
Nets remaining: 3898
Finished routing net _2227_
Nets remaining: 3897
Finished routing net _2230_
Nets remaining: 3896
Finished routing net _2234_
Nets remaining: 3895
Finished routing net _2235_
Nets remaining: 3894
Finished routing net _2236_
Nets remaining: 3893
Finished routing net _2238_
Nets remaining: 3892
Finished routing net _2246_
Nets remaining: 3891
Finished routing net _2248_
Nets remaining: 3890
Finished routing net _2252_
Nets remaining: 3889
Finished routing net _2253_
Nets remaining: 3888
Finished routing net _2255_
Nets remaining: 3887
Finished routing net _2261_
Nets remaining: 3886
Finished routing net _2262_
Nets remaining: 3885
Finished routing net _2263_
Nets remaining: 3884
Finished routing net _2264_
Nets remaining: 3883
Finished routing net _2266_
Nets remaining: 3882
Finished routing net _2267_
Nets remaining: 3881
Finished routing net _2268_
Nets remaining: 3880
Finished routing net _2269_
Nets remaining: 3879
Finished routing net _2270_
Nets remaining: 3878
Finished routing net _2271_
Nets remaining: 3877
Finished routing net _2272_
Nets remaining: 3876
Finished routing net _2273_
Nets remaining: 3875
Finished routing net _2274_
Nets remaining: 3874
Finished routing net _2275_
Nets remaining: 3873
Finished routing net _2277_
Nets remaining: 3872
Finished routing net _2278_
Nets remaining: 3871
Finished routing net _2279_
Nets remaining: 3870
Finished routing net _2280_
Nets remaining: 3869
Failed to route net _2285_
Finished routing net _2287_
Nets remaining: 3868
Finished routing net _2288_
Nets remaining: 3867
Finished routing net _2291_
Nets remaining: 3866
Finished routing net _2297_
Nets remaining: 3865
Finished routing net _2299_
Nets remaining: 3864
Finished routing net _2304_
Nets remaining: 3863
Finished routing net _2307_
Nets remaining: 3862
Finished routing net _2309_
Nets remaining: 3861
Finished routing net _2312_
Nets remaining: 3860
Finished routing net _2314_
Nets remaining: 3859
Finished routing net _2315_
Nets remaining: 3858
Finished routing net _2321_
Nets remaining: 3857
Finished routing net _2324_
Nets remaining: 3856
Finished routing net _2325_
Nets remaining: 3855
Finished routing net _2329_
Nets remaining: 3854
Finished routing net _2332_
Nets remaining: 3853
Finished routing net _2334_
Nets remaining: 3852
Finished routing net _2341_
Nets remaining: 3851
Finished routing net _2348_
Nets remaining: 3850
Finished routing net _2351_
Nets remaining: 3849
Finished routing net _2354_
Nets remaining: 3848
Finished routing net _2356_
Nets remaining: 3847
Finished routing net _2358_
Nets remaining: 3846
Finished routing net _2364_
Nets remaining: 3845
Finished routing net _2369_
Nets remaining: 3844
Finished routing net _2374_
Nets remaining: 3843
Failed to route net _2382_
Finished routing net _2385_
Nets remaining: 3842
Finished routing net _2392_
Nets remaining: 3841
Finished routing net _2393_
Nets remaining: 3840
Finished routing net _2396_
Nets remaining: 3839
Finished routing net _2397_
Nets remaining: 3838
Finished routing net _2399_
Nets remaining: 3837
Finished routing net _2441_
Nets remaining: 3836
Finished routing net _2459_
Nets remaining: 3835
Finished routing net _2480_
Nets remaining: 3834
Finished routing net _2482_
Nets remaining: 3833
Finished routing net _2483_
Nets remaining: 3832
Finished routing net _2484_
Nets remaining: 3831
Finished routing net _2487_
Nets remaining: 3830
Finished routing net _2489_
Nets remaining: 3829
Finished routing net _2490_
Nets remaining: 3828
Finished routing net _2491_
Nets remaining: 3827
Finished routing net _2493_
Nets remaining: 3826
Finished routing net _2495_
Nets remaining: 3825
Finished routing net _2515_
Nets remaining: 3824
Finished routing net _2542_
Nets remaining: 3823
Finished routing net _2544_
Nets remaining: 3822
Failed to route net _2556_
Finished routing net _2559_
Nets remaining: 3821
Finished routing net _2561_
Nets remaining: 3820
Finished routing net _2562_
Nets remaining: 3819
Failed to route net _2563_
Finished routing net _2567_
Nets remaining: 3818
Finished routing net _2569_
Nets remaining: 3817
Finished routing net _2570_
Nets remaining: 3816
Finished routing net _2571_
Nets remaining: 3815
Finished routing net _2572_
Nets remaining: 3814
Finished routing net _2574_
Nets remaining: 3813
Finished routing net _2575_
Nets remaining: 3812
Finished routing net _2576_
Nets remaining: 3811
Finished routing net _2577_
Nets remaining: 3810
Finished routing net _2578_
Nets remaining: 3809
Failed to route net _2579_
Finished routing net _2580_
Nets remaining: 3808
Finished routing net _2581_
Nets remaining: 3807
Finished routing net _2582_
Nets remaining: 3806
Finished routing net _2586_
Nets remaining: 3805
Finished routing net _2595_
Nets remaining: 3804
Failed to route net _2596_
Finished routing net _2599_
Nets remaining: 3803
Finished routing net _2604_
Nets remaining: 3802
Failed to route net x1_i[10]
Finished routing net _2613_
Nets remaining: 3801
Finished routing net _2617_
Nets remaining: 3800
Finished routing net _2619_
Nets remaining: 3799
Finished routing net _2626_
Nets remaining: 3798
Finished routing net _2629_
Nets remaining: 3797
Finished routing net _2635_
Nets remaining: 3796
Finished routing net _2662_
Nets remaining: 3795
Finished routing net _2674_
Nets remaining: 3794
Finished routing net _2676_
Nets remaining: 3793
Finished routing net _2680_
Nets remaining: 3792
Finished routing net _2681_
Nets remaining: 3791
Finished routing net _2683_
Nets remaining: 3790
Finished routing net _2691_
Nets remaining: 3789
Finished routing net _2696_
Nets remaining: 3788
Finished routing net _2699_
Nets remaining: 3787
Finished routing net _2700_
Nets remaining: 3786
Finished routing net _2704_
Nets remaining: 3785
Finished routing net _2707_
Nets remaining: 3784
Finished routing net _2708_
Nets remaining: 3783
Finished routing net _2709_
Nets remaining: 3782
Finished routing net _2712_
Nets remaining: 3781
Finished routing net _2720_
Nets remaining: 3780
Finished routing net _2724_
Nets remaining: 3779
Finished routing net _2725_
Nets remaining: 3778
Finished routing net _2726_
Nets remaining: 3777
Finished routing net _2728_
Nets remaining: 3776
Failed to route net _2735_
Failed to route net _2737_
Finished routing net _2744_
Nets remaining: 3775
Failed to route net _2747_
Finished routing net _2749_
Nets remaining: 3774
Finished routing net _2750_
Nets remaining: 3773
Finished routing net _2752_
Nets remaining: 3772
Finished routing net _2755_
Nets remaining: 3771
Finished routing net _2758_
Nets remaining: 3770
Finished routing net _2761_
Nets remaining: 3769
Finished routing net _2763_
Nets remaining: 3768
Finished routing net _2765_
Nets remaining: 3767
Finished routing net _2768_
Nets remaining: 3766
Finished routing net _2769_
Nets remaining: 3765
Finished routing net _2772_
Nets remaining: 3764
Finished routing net _2774_
Nets remaining: 3763
Finished routing net _2777_
Nets remaining: 3762
Finished routing net _2779_
Nets remaining: 3761
Failed to route net _2780_
Failed to route net _2781_
Finished routing net _2784_
Nets remaining: 3760
Finished routing net _2790_
Nets remaining: 3759
Finished routing net _2792_
Nets remaining: 3758
Finished routing net _2793_
Nets remaining: 3757
Finished routing net _2795_
Nets remaining: 3756
Finished routing net _2798_
Nets remaining: 3755
Finished routing net _2800_
Nets remaining: 3754
Finished routing net _2803_
Nets remaining: 3753
Failed to route net _2812_
Finished routing net _2825_
Nets remaining: 3752
Finished routing net _2827_
Nets remaining: 3751
Finished routing net _2839_
Nets remaining: 3750
Finished routing net _2849_
Nets remaining: 3749
Finished routing net _2869_
Nets remaining: 3748
Finished routing net _2870_
Nets remaining: 3747
Finished routing net _2871_
Nets remaining: 3746
Finished routing net _2872_
Nets remaining: 3745
Finished routing net _2895_
Nets remaining: 3744
Finished routing net _2909_
Nets remaining: 3743
Failed to route net _2922_
Failed to route net _2924_
Finished routing net _2928_
Nets remaining: 3742
Finished routing net _2938_
Nets remaining: 3741
Finished routing net _2946_
Nets remaining: 3740
Finished routing net _2947_
Nets remaining: 3739
Finished routing net _2949_
Nets remaining: 3738
Finished routing net _2951_
Nets remaining: 3737
Finished routing net _2953_
Nets remaining: 3736
Finished routing net _2961_
Nets remaining: 3735
Finished routing net _2969_
Nets remaining: 3734
Finished routing net _2971_
Nets remaining: 3733
Finished routing net _2981_
Nets remaining: 3732
Failed to route net _3020_
Finished routing net _3031_
Nets remaining: 3731
Finished routing net _3032_
Nets remaining: 3730
Finished routing net _3048_
Nets remaining: 3729
Finished routing net _3049_
Nets remaining: 3728
Finished routing net _3058_
Nets remaining: 3727
Finished routing net _3060_
Nets remaining: 3726
Finished routing net _3062_
Nets remaining: 3725
Finished routing net _3067_
Nets remaining: 3724
Finished routing net _3068_
Nets remaining: 3723
Finished routing net _3072_
Nets remaining: 3722
Finished routing net _3073_
Nets remaining: 3721
Finished routing net _3075_
Nets remaining: 3720
Finished routing net _3092_
Nets remaining: 3719
Finished routing net _3095_
Nets remaining: 3718
Finished routing net _3098_
Nets remaining: 3717
Finished routing net _3107_
Nets remaining: 3716
Finished routing net _3109_
Nets remaining: 3715
Finished routing net _3111_
Nets remaining: 3714
Finished routing net _3112_
Nets remaining: 3713
Finished routing net _3115_
Nets remaining: 3712
Finished routing net _3118_
Nets remaining: 3711
Finished routing net _3123_
Nets remaining: 3710
Finished routing net _3125_
Nets remaining: 3709
Finished routing net _3127_
Nets remaining: 3708
Finished routing net _3129_
Nets remaining: 3707
Finished routing net _3130_
Nets remaining: 3706
Finished routing net _3131_
Nets remaining: 3705
Finished routing net _3134_
Nets remaining: 3704
Finished routing net _3137_
Nets remaining: 3703
Finished routing net _3139_
Nets remaining: 3702
Finished routing net _3142_
Nets remaining: 3701
Finished routing net _3143_
Nets remaining: 3700
Finished routing net _3146_
Nets remaining: 3699
Finished routing net _3147_
Nets remaining: 3698
Finished routing net _3149_
Nets remaining: 3697
Finished routing net _3150_
Nets remaining: 3696
Finished routing net _3157_
Nets remaining: 3695
Finished routing net _3164_
Nets remaining: 3694
Finished routing net _3187_
Nets remaining: 3693
Finished routing net _3188_
Nets remaining: 3692
Finished routing net _3206_
Nets remaining: 3691
Finished routing net _3210_
Nets remaining: 3690
Finished routing net _3214_
Nets remaining: 3689
Finished routing net _3219_
Nets remaining: 3688
Finished routing net _3220_
Nets remaining: 3687
Finished routing net _3221_
Nets remaining: 3686
Finished routing net _3228_
Nets remaining: 3685
Finished routing net _3229_
Nets remaining: 3684
Finished routing net _3232_
Nets remaining: 3683
Finished routing net _3238_
Nets remaining: 3682
Finished routing net _3241_
Nets remaining: 3681
Finished routing net _3243_
Nets remaining: 3680
Finished routing net _3256_
Nets remaining: 3679
Finished routing net _3259_
Nets remaining: 3678
Finished routing net _3261_
Nets remaining: 3677
Finished routing net _3263_
Nets remaining: 3676
Finished routing net _3266_
Nets remaining: 3675
Finished routing net _3273_
Nets remaining: 3674
Finished routing net _3275_
Nets remaining: 3673
Finished routing net _3280_
Nets remaining: 3672
Finished routing net _3281_
Nets remaining: 3671
Finished routing net _3282_
Nets remaining: 3670
Finished routing net _3284_
Nets remaining: 3669
Finished routing net _10764_[0]
Nets remaining: 3668
Failed to route net _3285_
Finished routing net _3286_
Nets remaining: 3667
Finished routing net _3293_
Nets remaining: 3666
Finished routing net _3295_
Nets remaining: 3665
Finished routing net _3298_
Nets remaining: 3664
Finished routing net _3302_
Nets remaining: 3663
Failed to route net _3305_
Finished routing net _3309_
Nets remaining: 3662
Finished routing net _3310_
Nets remaining: 3661
Finished routing net _3312_
Nets remaining: 3660
Finished routing net _3313_
Nets remaining: 3659
Finished routing net x3_r[12]
Nets remaining: 3658
Failed to route net _3316_
Finished routing net _3317_
Nets remaining: 3657
Failed to route net _3324_
Finished routing net _3325_
Nets remaining: 3656
Finished routing net _3328_
Nets remaining: 3655
Failed to route net _3329_
Finished routing net x1_i[12]
Nets remaining: 3654
Finished routing net _3332_
Nets remaining: 3653
Finished routing net _3333_
Nets remaining: 3652
Finished routing net _3334_
Nets remaining: 3651
Failed to route net _3337_
Finished routing net _3339_
Nets remaining: 3650
Finished routing net _3345_
Nets remaining: 3649
Finished routing net _3348_
Nets remaining: 3648
Finished routing net _3351_
Nets remaining: 3647
Finished routing net _3355_
Nets remaining: 3646
Finished routing net _3356_
Nets remaining: 3645
Finished routing net _3357_
Nets remaining: 3644
Finished routing net _3359_
Nets remaining: 3643
Finished routing net _3364_
Nets remaining: 3642
Finished routing net _3371_
Nets remaining: 3641
Finished routing net _3400_
Nets remaining: 3640
Finished routing net _3402_
Nets remaining: 3639
Finished routing net _3403_
Nets remaining: 3638
Finished routing net _3404_
Nets remaining: 3637
Finished routing net _3408_
Nets remaining: 3636
Finished routing net _3417_
Nets remaining: 3635
Finished routing net _3420_
Nets remaining: 3634
Finished routing net _3421_
Nets remaining: 3633
Finished routing net _3423_
Nets remaining: 3632
Finished routing net _3424_
Nets remaining: 3631
Finished routing net x3_i[12]
Nets remaining: 3630
Finished routing net _3427_
Nets remaining: 3629
Finished routing net _3434_
Nets remaining: 3628
Finished routing net _3436_
Nets remaining: 3627
Finished routing net _3437_
Nets remaining: 3626
Finished routing net x1_r[12]
Nets remaining: 3625
Finished routing net _3440_
Nets remaining: 3624
Finished routing net _3448_
Nets remaining: 3623
Finished routing net _3450_
Nets remaining: 3622
Finished routing net _3453_
Nets remaining: 3621
Finished routing net _3456_
Nets remaining: 3620
Finished routing net _3458_
Nets remaining: 3619
Finished routing net _3462_
Nets remaining: 3618
Finished routing net _3464_
Nets remaining: 3617
Finished routing net _3468_
Nets remaining: 3616
Finished routing net _3471_
Nets remaining: 3615
Failed to route net _3474_
Finished routing net _3475_
Nets remaining: 3614
Finished routing net _3477_
Nets remaining: 3613
Finished routing net _3481_
Nets remaining: 3612
Finished routing net _3485_
Nets remaining: 3611
Finished routing net _3490_
Nets remaining: 3610
Finished routing net _3492_
Nets remaining: 3609
Finished routing net _3494_
Nets remaining: 3608
Finished routing net _3495_
Nets remaining: 3607
Finished routing net _3496_
Nets remaining: 3606
Finished routing net _3499_
Nets remaining: 3605
Finished routing net _3503_
Nets remaining: 3604
Finished routing net _3504_
Nets remaining: 3603
Finished routing net _3505_
Nets remaining: 3602
Finished routing net _3508_
Nets remaining: 3601
Finished routing net _3511_
Nets remaining: 3600
Finished routing net _3513_
Nets remaining: 3599
Finished routing net _3514_
Nets remaining: 3598
Finished routing net _3515_
Nets remaining: 3597
Finished routing net _3518_
Nets remaining: 3596
Finished routing net _3523_
Nets remaining: 3595
Finished routing net _3525_
Nets remaining: 3594
Finished routing net _3527_
Nets remaining: 3593
Finished routing net _3530_
Nets remaining: 3592
Finished routing net _3531_
Nets remaining: 3591
Finished routing net _3532_
Nets remaining: 3590
Finished routing net _3540_
Nets remaining: 3589
Finished routing net _3569_
Nets remaining: 3588
Finished routing net _3575_
Nets remaining: 3587
Failed to route net _3578_
Finished routing net _3580_
Nets remaining: 3586
Finished routing net _3590_
Nets remaining: 3585
Finished routing net _3598_
Nets remaining: 3584
Finished routing net _3606_
Nets remaining: 3583
Finished routing net x0_i[4]
Nets remaining: 3582
Finished routing net _3609_
Nets remaining: 3581
Finished routing net _3611_
Nets remaining: 3580
Finished routing net _3618_
Nets remaining: 3579
Finished routing net _3620_
Nets remaining: 3578
Finished routing net _3622_
Nets remaining: 3577
Finished routing net _3623_
Nets remaining: 3576
Finished routing net _3628_
Nets remaining: 3575
Finished routing net _3636_
Nets remaining: 3574
Finished routing net _3639_
Nets remaining: 3573
Failed to route net _3643_
Failed to route net _10764_[1]
Finished routing net _3646_
Nets remaining: 3572
Finished routing net _3647_
Nets remaining: 3571
Finished routing net _3650_
Nets remaining: 3570
Failed to route net _3652_
Failed to route net _3653_
Finished routing net _3662_
Nets remaining: 3569
Finished routing net _3664_
Nets remaining: 3568
Finished routing net x3_r[13]
Nets remaining: 3567
Finished routing net _3670_
Nets remaining: 3566
Finished routing net _3671_
Nets remaining: 3565
Finished routing net _3672_
Nets remaining: 3564
Finished routing net _3674_
Nets remaining: 3563
Finished routing net x1_i[13]
Nets remaining: 3562
Finished routing net _3680_
Nets remaining: 3561
Failed to route net _3681_
Finished routing net _3682_
Nets remaining: 3560
Failed to route net _3693_
Finished routing net _3745_
Nets remaining: 3559
Finished routing net _3751_
Nets remaining: 3558
Finished routing net _3752_
Nets remaining: 3557
Finished routing net _3755_
Nets remaining: 3556
Failed to route net _3756_
Failed to route net _3760_
Finished routing net _3797_
Nets remaining: 3555
Finished routing net _3805_
Nets remaining: 3554
Finished routing net _3807_
Nets remaining: 3553
Finished routing net _3812_
Nets remaining: 3552
Finished routing net _3815_
Nets remaining: 3551
Finished routing net _3817_
Nets remaining: 3550
Finished routing net _3818_
Nets remaining: 3549
Finished routing net _3819_
Nets remaining: 3548
Finished routing net _3826_
Nets remaining: 3547
Finished routing net _3830_
Nets remaining: 3546
Finished routing net _3832_
Nets remaining: 3545
Finished routing net _3834_
Nets remaining: 3544
Finished routing net _3838_
Nets remaining: 3543
Finished routing net _3856_
Nets remaining: 3542
Finished routing net _3859_
Nets remaining: 3541
Finished routing net _3865_
Nets remaining: 3540
Finished routing net _3867_
Nets remaining: 3539
Finished routing net _3869_
Nets remaining: 3538
Finished routing net _3878_
Nets remaining: 3537
Finished routing net _3889_
Nets remaining: 3536
Finished routing net _3895_
Nets remaining: 3535
Finished routing net _3907_
Nets remaining: 3534
Finished routing net _3915_
Nets remaining: 3533
Finished routing net _3930_
Nets remaining: 3532
Finished routing net _3932_
Nets remaining: 3531
Finished routing net _3933_
Nets remaining: 3530
Finished routing net _3936_
Nets remaining: 3529
Finished routing net _3945_
Nets remaining: 3528
Finished routing net _3949_
Nets remaining: 3527
Finished routing net _3955_
Nets remaining: 3526
Failed to route net _10764_[2]
Finished routing net _3960_
Nets remaining: 3525
Finished routing net _3961_
Nets remaining: 3524
Finished routing net _3963_
Nets remaining: 3523
Finished routing net _3966_
Nets remaining: 3522
Finished routing net _3967_
Nets remaining: 3521
Finished routing net _3970_
Nets remaining: 3520
Finished routing net _3980_
Nets remaining: 3519
Failed to route net _3987_
Finished routing net _3991_
Nets remaining: 3518
Finished routing net _3995_
Nets remaining: 3517
Finished routing net _4002_
Nets remaining: 3516
Finished routing net _4003_
Nets remaining: 3515
Finished routing net _4006_
Nets remaining: 3514
Finished routing net _4030_
Nets remaining: 3513
Finished routing net _4034_
Nets remaining: 3512
Finished routing net _4036_
Nets remaining: 3511
Finished routing net _4037_
Nets remaining: 3510
Finished routing net _4040_
Nets remaining: 3509
Finished routing net _4041_
Nets remaining: 3508
Finished routing net _4045_
Nets remaining: 3507
Finished routing net _4046_
Nets remaining: 3506
Finished routing net _4047_
Nets remaining: 3505
Finished routing net _4055_
Nets remaining: 3504
Finished routing net _4056_
Nets remaining: 3503
Failed to route net _4058_
Finished routing net _4060_
Nets remaining: 3502
Finished routing net _4063_
Nets remaining: 3501
Finished routing net _4068_
Nets remaining: 3500
Finished routing net _4069_
Nets remaining: 3499
Finished routing net _4073_
Nets remaining: 3498
Finished routing net _4075_
Nets remaining: 3497
Finished routing net _4076_
Nets remaining: 3496
Finished routing net _4078_
Nets remaining: 3495
Finished routing net _4080_
Nets remaining: 3494
Finished routing net _4082_
Nets remaining: 3493
Finished routing net _4084_
Nets remaining: 3492
Finished routing net _4087_
Nets remaining: 3491
Finished routing net _4089_
Nets remaining: 3490
Finished routing net _4092_
Nets remaining: 3489
Finished routing net _4094_
Nets remaining: 3488
Finished routing net _4097_
Nets remaining: 3487
Finished routing net _4098_
Nets remaining: 3486
Finished routing net _4102_
Nets remaining: 3485
Finished routing net _4106_
Nets remaining: 3484
Finished routing net _4111_
Nets remaining: 3483
Finished routing net _4115_
Nets remaining: 3482
Finished routing net _4119_
Nets remaining: 3481
Finished routing net _4123_
Nets remaining: 3480
Finished routing net _4125_
Nets remaining: 3479
Finished routing net _4126_
Nets remaining: 3478
Finished routing net _4127_
Nets remaining: 3477
Finished routing net _4129_
Nets remaining: 3476
Finished routing net _4131_
Nets remaining: 3475
Failed to route net _4132_
Finished routing net _4136_
Nets remaining: 3474
Finished routing net _4137_
Nets remaining: 3473
Finished routing net _4138_
Nets remaining: 3472
Finished routing net _4141_
Nets remaining: 3471
Finished routing net _4150_
Nets remaining: 3470
Failed to route net _4152_
Finished routing net _4154_
Nets remaining: 3469
Finished routing net _4155_
Nets remaining: 3468
Finished routing net _4156_
Nets remaining: 3467
Finished routing net _4158_
Nets remaining: 3466
Finished routing net _4164_
Nets remaining: 3465
Finished routing net _4195_
Nets remaining: 3464
Finished routing net _4200_
Nets remaining: 3463
Finished routing net _4201_
Nets remaining: 3462
Finished routing net _4204_
Nets remaining: 3461
Finished routing net _4206_
Nets remaining: 3460
Finished routing net _4214_
Nets remaining: 3459
Finished routing net _4218_
Nets remaining: 3458
Finished routing net _4219_
Nets remaining: 3457
Finished routing net _4220_
Nets remaining: 3456
Finished routing net _4221_
Nets remaining: 3455
Finished routing net _4222_
Nets remaining: 3454
Finished routing net _4232_
Nets remaining: 3453
Finished routing net _4239_
Nets remaining: 3452
Finished routing net _4243_
Nets remaining: 3451
Finished routing net _4245_
Nets remaining: 3450
Finished routing net _4248_
Nets remaining: 3449
Finished routing net _4251_
Nets remaining: 3448
Finished routing net _4252_
Nets remaining: 3447
Finished routing net _4257_
Nets remaining: 3446
Finished routing net _4263_
Nets remaining: 3445
Finished routing net _4264_
Nets remaining: 3444
Finished routing net _4265_
Nets remaining: 3443
Failed to route net _4267_
Finished routing net _4271_
Nets remaining: 3442
Finished routing net _10764_[3]
Nets remaining: 3441
Finished routing net _4279_
Nets remaining: 3440
Finished routing net _4280_
Nets remaining: 3439
Finished routing net _4288_
Nets remaining: 3438
Failed to route net x3_r[15]
Failed to route net x7_r[15]
Failed to route net _4292_
Finished routing net _4293_
Nets remaining: 3437
Finished routing net x1_i[15]
Nets remaining: 3436
Finished routing net x5_i[15]
Nets remaining: 3435
Finished routing net _4308_
Nets remaining: 3434
Finished routing net _4313_
Nets remaining: 3433
Finished routing net _4316_
Nets remaining: 3432
Finished routing net _4324_
Nets remaining: 3431
Failed to route net _4350_
Finished routing net _4354_
Nets remaining: 3430
Finished routing net _4357_
Nets remaining: 3429
Finished routing net _4360_
Nets remaining: 3428
Finished routing net _4367_
Nets remaining: 3427
Finished routing net _4377_
Nets remaining: 3426
Finished routing net x3_i[15]
Nets remaining: 3425
Finished routing net x7_i[15]
Nets remaining: 3424
Finished routing net _4381_
Nets remaining: 3423
Finished routing net x1_r[15]
Nets remaining: 3422
Finished routing net x5_r[15]
Nets remaining: 3421
Finished routing net _4384_
Nets remaining: 3420
Finished routing net _4385_
Nets remaining: 3419
Finished routing net _4415_
Nets remaining: 3418
Finished routing net _4429_
Nets remaining: 3417
Finished routing net _4456_
Nets remaining: 3416
Finished routing net _4457_
Nets remaining: 3415
Finished routing net _4458_
Nets remaining: 3414
Finished routing net _4463_
Nets remaining: 3413
Finished routing net _4464_
Nets remaining: 3412
Finished routing net _4469_
Nets remaining: 3411
Finished routing net _4471_
Nets remaining: 3410
Finished routing net _4472_
Nets remaining: 3409
Finished routing net _4476_
Nets remaining: 3408
Finished routing net _4481_
Nets remaining: 3407
Finished routing net _4483_
Nets remaining: 3406
Finished routing net _4484_
Nets remaining: 3405
Finished routing net _4485_
Nets remaining: 3404
Finished routing net _4487_
Nets remaining: 3403
Finished routing net _4489_
Nets remaining: 3402
Finished routing net _4490_
Nets remaining: 3401
Finished routing net _4491_
Nets remaining: 3400
Finished routing net _4507_
Nets remaining: 3399
Finished routing net _4508_
Nets remaining: 3398
Finished routing net _4509_
Nets remaining: 3397
Finished routing net _4511_
Nets remaining: 3396
Finished routing net _4530_
Nets remaining: 3395
Finished routing net _4533_
Nets remaining: 3394
Finished routing net _4534_
Nets remaining: 3393
Finished routing net _4537_
Nets remaining: 3392
Finished routing net _4540_
Nets remaining: 3391
Finished routing net _4548_
Nets remaining: 3390
Finished routing net _4549_
Nets remaining: 3389
Failed to route net _4554_
Finished routing net _10764_[4]
Nets remaining: 3388
Finished routing net _4559_
Nets remaining: 3387
Finished routing net _4561_
Nets remaining: 3386
Finished routing net _4564_
Nets remaining: 3385
Failed to route net _4565_
Failed to route net _4566_
Finished routing net _4569_
Nets remaining: 3384
Failed to route net _4571_
Finished routing net _4574_
Nets remaining: 3383
Finished routing net _4579_
Nets remaining: 3382
Finished routing net _4583_
Nets remaining: 3381
Finished routing net _4589_
Nets remaining: 3380
Finished routing net _4590_
Nets remaining: 3379
Finished routing net _4601_
Nets remaining: 3378
Finished routing net _4606_
Nets remaining: 3377
Finished routing net _4607_
Nets remaining: 3376
Finished routing net _4608_
Nets remaining: 3375
Finished routing net _4611_
Nets remaining: 3374
Failed to route net _4613_
Finished routing net _4617_
Nets remaining: 3373
Finished routing net _4620_
Nets remaining: 3372
Finished routing net _4621_
Nets remaining: 3371
Finished routing net _4625_
Nets remaining: 3370
Finished routing net _4630_
Nets remaining: 3369
Finished routing net _4633_
Nets remaining: 3368
Finished routing net _4657_
Nets remaining: 3367
Finished routing net _4662_
Nets remaining: 3366
Finished routing net _4665_
Nets remaining: 3365
Finished routing net _4667_
Nets remaining: 3364
Finished routing net _4668_
Nets remaining: 3363
Finished routing net _4678_
Nets remaining: 3362
Finished routing net _4680_
Nets remaining: 3361
Finished routing net _4682_
Nets remaining: 3360
Finished routing net _4683_
Nets remaining: 3359
Finished routing net _4685_
Nets remaining: 3358
Finished routing net _4692_
Nets remaining: 3357
Finished routing net _4693_
Nets remaining: 3356
Finished routing net _4695_
Nets remaining: 3355
Finished routing net _4699_
Nets remaining: 3354
Finished routing net _4705_
Nets remaining: 3353
Finished routing net _4710_
Nets remaining: 3352
Finished routing net _4714_
Nets remaining: 3351
Finished routing net _4716_
Nets remaining: 3350
Finished routing net _4717_
Nets remaining: 3349
Finished routing net _4724_
Nets remaining: 3348
Finished routing net _4726_
Nets remaining: 3347
Finished routing net _4727_
Nets remaining: 3346
Finished routing net _4728_
Nets remaining: 3345
Finished routing net _4729_
Nets remaining: 3344
Failed to route net _4732_
Finished routing net _4733_
Nets remaining: 3343
Finished routing net _4734_
Nets remaining: 3342
Finished routing net _4735_
Nets remaining: 3341
Failed to route net _4739_
Failed to route net _4740_
Finished routing net _4748_
Nets remaining: 3340
Finished routing net _4755_
Nets remaining: 3339
Finished routing net _4757_
Nets remaining: 3338
Finished routing net _4758_
Nets remaining: 3337
Finished routing net _4763_
Nets remaining: 3336
Finished routing net _4764_
Nets remaining: 3335
Finished routing net _4767_
Nets remaining: 3334
Finished routing net _4771_
Nets remaining: 3333
Finished routing net _4774_
Nets remaining: 3332
Finished routing net _4776_
Nets remaining: 3331
Finished routing net _4785_
Nets remaining: 3330
Finished routing net _10764_[5]
Nets remaining: 3329
Finished routing net _4789_
Nets remaining: 3328
Finished routing net _4790_
Nets remaining: 3327
Finished routing net _4806_
Nets remaining: 3326
Finished routing net _4808_
Nets remaining: 3325
Finished routing net _4809_
Nets remaining: 3324
Finished routing net _4810_
Nets remaining: 3323
Finished routing net _4813_
Nets remaining: 3322
Finished routing net _4817_
Nets remaining: 3321
Finished routing net _4818_
Nets remaining: 3320
Finished routing net _4819_
Nets remaining: 3319
Finished routing net _4829_
Nets remaining: 3318
Finished routing net _4831_
Nets remaining: 3317
Finished routing net _4833_
Nets remaining: 3316
Finished routing net _4834_
Nets remaining: 3315
Finished routing net _4835_
Nets remaining: 3314
Finished routing net _4837_
Nets remaining: 3313
Finished routing net _4841_
Nets remaining: 3312
Finished routing net _4844_
Nets remaining: 3311
Finished routing net _4852_
Nets remaining: 3310
Finished routing net _4854_
Nets remaining: 3309
Finished routing net _4856_
Nets remaining: 3308
Finished routing net _4857_
Nets remaining: 3307
Finished routing net _4862_
Nets remaining: 3306
Finished routing net _4865_
Nets remaining: 3305
Finished routing net _4867_
Nets remaining: 3304
Finished routing net _4868_
Nets remaining: 3303
Finished routing net _4869_
Nets remaining: 3302
Finished routing net _4870_
Nets remaining: 3301
Finished routing net _4871_
Nets remaining: 3300
Finished routing net _4895_
Nets remaining: 3299
Finished routing net _4897_
Nets remaining: 3298
Finished routing net _4899_
Nets remaining: 3297
Finished routing net _4900_
Nets remaining: 3296
Finished routing net _4907_
Nets remaining: 3295
Finished routing net _4908_
Nets remaining: 3294
Finished routing net _4915_
Nets remaining: 3293
Finished routing net _4917_
Nets remaining: 3292
Finished routing net _4918_
Nets remaining: 3291
Finished routing net _4931_
Nets remaining: 3290
Finished routing net _4932_
Nets remaining: 3289
Finished routing net _4933_
Nets remaining: 3288
Finished routing net _4935_
Nets remaining: 3287
Failed to route net _4944_
Finished routing net _4955_
Nets remaining: 3286
Finished routing net _4960_
Nets remaining: 3285
Finished routing net _4963_
Nets remaining: 3284
Finished routing net _4969_
Nets remaining: 3283
Failed to route net _4971_
Failed to route net _4972_
Failed to route net _4973_
Finished routing net _4977_
Nets remaining: 3282
Finished routing net _4978_
Nets remaining: 3281
Finished routing net _10764_[6]
Nets remaining: 3280
Finished routing net _4981_
Nets remaining: 3279
Finished routing net _4982_
Nets remaining: 3278
Finished routing net _4984_
Nets remaining: 3277
Finished routing net _4991_
Nets remaining: 3276
Finished routing net _4992_
Nets remaining: 3275
Finished routing net _4993_
Nets remaining: 3274
Failed to route net _4994_
Finished routing net _5000_
Nets remaining: 3273
Failed to route net _5004_
Finished routing net _5010_
Nets remaining: 3272
Finished routing net _5012_
Nets remaining: 3271
Finished routing net _5021_
Nets remaining: 3270
Finished routing net _5025_
Nets remaining: 3269
Finished routing net _5029_
Nets remaining: 3268
Finished routing net _5030_
Nets remaining: 3267
Finished routing net _5034_
Nets remaining: 3266
Finished routing net _5039_
Nets remaining: 3265
Finished routing net _5041_
Nets remaining: 3264
Finished routing net _5042_
Nets remaining: 3263
Finished routing net _5043_
Nets remaining: 3262
Finished routing net _5044_
Nets remaining: 3261
Finished routing net _5049_
Nets remaining: 3260
Finished routing net _5051_
Nets remaining: 3259
Finished routing net _5053_
Nets remaining: 3258
Finished routing net _5054_
Nets remaining: 3257
Finished routing net _5055_
Nets remaining: 3256
Finished routing net _5056_
Nets remaining: 3255
Finished routing net _5062_
Nets remaining: 3254
Finished routing net _5064_
Nets remaining: 3253
Finished routing net _5069_
Nets remaining: 3252
Finished routing net _5074_
Nets remaining: 3251
Finished routing net _5078_
Nets remaining: 3250
Finished routing net _5081_
Nets remaining: 3249
Finished routing net _5091_
Nets remaining: 3248
Finished routing net _5092_
Nets remaining: 3247
Finished routing net _5095_
Nets remaining: 3246
Finished routing net _5096_
Nets remaining: 3245
Finished routing net _5102_
Nets remaining: 3244
Finished routing net _5104_
Nets remaining: 3243
Finished routing net _5108_
Nets remaining: 3242
Finished routing net _5110_
Nets remaining: 3241
Finished routing net _5112_
Nets remaining: 3240
Finished routing net _5113_
Nets remaining: 3239
Finished routing net _5115_
Nets remaining: 3238
Finished routing net _5116_
Nets remaining: 3237
Finished routing net _5117_
Nets remaining: 3236
Finished routing net _5120_
Nets remaining: 3235
Finished routing net _5122_
Nets remaining: 3234
Finished routing net _5127_
Nets remaining: 3233
Finished routing net _5128_
Nets remaining: 3232
Finished routing net _5136_
Nets remaining: 3231
Finished routing net _5147_
Nets remaining: 3230
Finished routing net _5149_
Nets remaining: 3229
Finished routing net _5150_
Nets remaining: 3228
Finished routing net _5153_
Nets remaining: 3227
Finished routing net _5155_
Nets remaining: 3226
Finished routing net _5162_
Nets remaining: 3225
Finished routing net _5172_
Nets remaining: 3224
Finished routing net _10764_[7]
Nets remaining: 3223
Finished routing net _5174_
Nets remaining: 3222
Failed to route net _5175_
Finished routing net _5176_
Nets remaining: 3221
Finished routing net _5181_
Nets remaining: 3220
Finished routing net _5187_
Nets remaining: 3219
Finished routing net _5192_
Nets remaining: 3218
Finished routing net _5195_
Nets remaining: 3217
Finished routing net _5211_
Nets remaining: 3216
Finished routing net _5212_
Nets remaining: 3215
Finished routing net _5214_
Nets remaining: 3214
Finished routing net _5221_
Nets remaining: 3213
Finished routing net _5224_
Nets remaining: 3212
Finished routing net _5227_
Nets remaining: 3211
Finished routing net _5230_
Nets remaining: 3210
Finished routing net _5233_
Nets remaining: 3209
Finished routing net _5235_
Nets remaining: 3208
Finished routing net _5236_
Nets remaining: 3207
Finished routing net _5237_
Nets remaining: 3206
Finished routing net _5253_
Nets remaining: 3205
Finished routing net _5260_
Nets remaining: 3204
Finished routing net _5262_
Nets remaining: 3203
Finished routing net _5269_
Nets remaining: 3202
Failed to route net _5277_
Finished routing net _5278_
Nets remaining: 3201
Finished routing net _5287_
Nets remaining: 3200
Finished routing net _5288_
Nets remaining: 3199
Finished routing net _5289_
Nets remaining: 3198
Finished routing net _5291_
Nets remaining: 3197
Finished routing net _10764_[8]
Nets remaining: 3196
Finished routing net _5295_
Nets remaining: 3195
Finished routing net _5301_
Nets remaining: 3194
Finished routing net _5303_
Nets remaining: 3193
Finished routing net _5304_
Nets remaining: 3192
Finished routing net _5306_
Nets remaining: 3191
Failed to route net _5307_
Finished routing net _5308_
Nets remaining: 3190
Finished routing net _5310_
Nets remaining: 3189
Finished routing net _5311_
Nets remaining: 3188
Finished routing net _5313_
Nets remaining: 3187
Finished routing net _5314_
Nets remaining: 3186
Finished routing net _5316_
Nets remaining: 3185
Finished routing net _5320_
Nets remaining: 3184
Finished routing net _5321_
Nets remaining: 3183
Finished routing net _5324_
Nets remaining: 3182
Finished routing net _5325_
Nets remaining: 3181
Finished routing net _5326_
Nets remaining: 3180
Finished routing net _5330_
Nets remaining: 3179
Finished routing net _5332_
Nets remaining: 3178
Finished routing net _5335_
Nets remaining: 3177
Finished routing net _5341_
Nets remaining: 3176
Finished routing net _5353_
Nets remaining: 3175
Finished routing net _5355_
Nets remaining: 3174
Finished routing net _5356_
Nets remaining: 3173
Finished routing net _5360_
Nets remaining: 3172
Finished routing net _5364_
Nets remaining: 3171
Finished routing net _5365_
Nets remaining: 3170
Finished routing net _5369_
Nets remaining: 3169
Finished routing net _5372_
Nets remaining: 3168
Finished routing net _5374_
Nets remaining: 3167
Finished routing net _5375_
Nets remaining: 3166
Finished routing net _5383_
Nets remaining: 3165
Finished routing net _5394_
Nets remaining: 3164
Finished routing net _5396_
Nets remaining: 3163
Finished routing net _5398_
Nets remaining: 3162
Finished routing net _5399_
Nets remaining: 3161
Finished routing net _5402_
Nets remaining: 3160
Finished routing net _5405_
Nets remaining: 3159
Finished routing net _5409_
Nets remaining: 3158
Finished routing net _5411_
Nets remaining: 3157
Finished routing net _5424_
Nets remaining: 3156
Finished routing net _10764_[9]
Nets remaining: 3155
Finished routing net _5426_
Nets remaining: 3154
Finished routing net _5427_
Nets remaining: 3153
Finished routing net _5431_
Nets remaining: 3152
Finished routing net _5432_
Nets remaining: 3151
Finished routing net _5433_
Nets remaining: 3150
Failed to route net _5434_
Failed to route net _5447_
Finished routing net _5448_
Nets remaining: 3149
Finished routing net _5456_
Nets remaining: 3148
Finished routing net _5458_
Nets remaining: 3147
Finished routing net _5463_
Nets remaining: 3146
Finished routing net _5468_
Nets remaining: 3145
Finished routing net _5470_
Nets remaining: 3144
Finished routing net _5472_
Nets remaining: 3143
Finished routing net _5476_
Nets remaining: 3142
Finished routing net _5477_
Nets remaining: 3141
Finished routing net _5479_
Nets remaining: 3140
Finished routing net _5487_
Nets remaining: 3139
Finished routing net _5499_
Nets remaining: 3138
Finished routing net _5504_
Nets remaining: 3137
Finished routing net _5505_
Nets remaining: 3136
Finished routing net _5516_
Nets remaining: 3135
Failed to route net _5517_
Finished routing net _5529_
Nets remaining: 3134
Failed to route net _10764_[10]
Finished routing net _5532_
Nets remaining: 3133
Finished routing net _5533_
Nets remaining: 3132
Failed to route net _5534_
Finished routing net _5537_
Nets remaining: 3131
Finished routing net _5540_
Nets remaining: 3130
Failed to route net _5541_
Finished routing net _5544_
Nets remaining: 3129
Finished routing net _5549_
Nets remaining: 3128
Finished routing net _5559_
Nets remaining: 3127
Finished routing net _5564_
Nets remaining: 3126
Finished routing net _5570_
Nets remaining: 3125
Finished routing net _5573_
Nets remaining: 3124
Finished routing net _5580_
Nets remaining: 3123
Finished routing net _5582_
Nets remaining: 3122
Finished routing net _5583_
Nets remaining: 3121
Finished routing net _5587_
Nets remaining: 3120
Finished routing net _5588_
Nets remaining: 3119
Finished routing net _5592_
Nets remaining: 3118
Finished routing net _5593_
Nets remaining: 3117
Finished routing net _5596_
Nets remaining: 3116
Failed to route net _5599_
Failed to route net _5600_
Finished routing net _5602_
Nets remaining: 3115
Finished routing net _5605_
Nets remaining: 3114
Finished routing net _5611_
Nets remaining: 3113
Finished routing net _5614_
Nets remaining: 3112
Finished routing net _5617_
Nets remaining: 3111
Finished routing net _10764_[11]
Nets remaining: 3110
Failed to route net _5620_
Finished routing net _5624_
Nets remaining: 3109
Finished routing net _5625_
Nets remaining: 3108
Finished routing net _5630_
Nets remaining: 3107
Finished routing net _5632_
Nets remaining: 3106
Finished routing net _5634_
Nets remaining: 3105
Finished routing net _5636_
Nets remaining: 3104
Failed to route net _5638_
Finished routing net _5641_
Nets remaining: 3103
Finished routing net _5642_
Nets remaining: 3102
Finished routing net _5645_
Nets remaining: 3101
Finished routing net _5646_
Nets remaining: 3100
Finished routing net x2_r[15]
Nets remaining: 3099
Finished routing net x6_r[15]
Nets remaining: 3098
Finished routing net _5648_
Nets remaining: 3097
Finished routing net _5650_
Nets remaining: 3096
Finished routing net x0_i[15]
Nets remaining: 3095
Finished routing net x4_i[15]
Nets remaining: 3094
Finished routing net _5652_
Nets remaining: 3093
Finished routing net _5654_
Nets remaining: 3092
Finished routing net _5656_
Nets remaining: 3091
Finished routing net _5657_
Nets remaining: 3090
Finished routing net _5658_
Nets remaining: 3089
Finished routing net _5660_
Nets remaining: 3088
Finished routing net _5661_
Nets remaining: 3087
Finished routing net _5662_
Nets remaining: 3086
Finished routing net _5664_
Nets remaining: 3085
Finished routing net _5667_
Nets remaining: 3084
Failed to route net _5671_
Finished routing net _5672_
Nets remaining: 3083
Failed to route net _5673_
Failed to route net _5674_
Failed to route net _5679_
Finished routing net _10764_[15]
Nets remaining: 3082
Finished routing net _10764_[12]
Nets remaining: 3081
Failed to route net _5683_
Finished routing net _10764_[13]
Nets remaining: 3080
Finished routing net _10764_[14]
Nets remaining: 3079
Finished routing net _5696_
Nets remaining: 3078
Finished routing net _5700_
Nets remaining: 3077
Finished routing net _5701_
Nets remaining: 3076
Finished routing net _5702_
Nets remaining: 3075
Finished routing net _5703_
Nets remaining: 3074
Finished routing net _5704_
Nets remaining: 3073
Finished routing net _5705_
Nets remaining: 3072
Finished routing net _5707_
Nets remaining: 3071
Failed to route net _5708_
Finished routing net _5709_
Nets remaining: 3070
Finished routing net _5711_
Nets remaining: 3069
Finished routing net _5712_
Nets remaining: 3068
Finished routing net _5713_
Nets remaining: 3067
Finished routing net _5715_
Nets remaining: 3066
Finished routing net _5716_
Nets remaining: 3065
Finished routing net _5718_
Nets remaining: 3064
Finished routing net _5720_
Nets remaining: 3063
Finished routing net _5722_
Nets remaining: 3062
Finished routing net _5725_
Nets remaining: 3061
Finished routing net _5727_
Nets remaining: 3060
Failed to route net _5729_
Finished routing net _5732_
Nets remaining: 3059
Finished routing net _5734_
Nets remaining: 3058
Finished routing net _5757_
Nets remaining: 3057
Finished routing net _5759_
Nets remaining: 3056
Finished routing net _5762_
Nets remaining: 3055
Finished routing net _5765_
Nets remaining: 3054
Finished routing net _5768_
Nets remaining: 3053
Finished routing net _5770_
Nets remaining: 3052
Finished routing net _5775_
Nets remaining: 3051
Finished routing net _5777_
Nets remaining: 3050
Finished routing net _5780_
Nets remaining: 3049
Finished routing net _5784_
Nets remaining: 3048
Finished routing net _5788_
Nets remaining: 3047
Finished routing net _5792_
Nets remaining: 3046
Finished routing net _5793_
Nets remaining: 3045
Finished routing net _5796_
Nets remaining: 3044
Finished routing net _5799_
Nets remaining: 3043
Finished routing net _5802_
Nets remaining: 3042
Finished routing net _5812_
Nets remaining: 3041
Finished routing net _5818_
Nets remaining: 3040
Finished routing net _5822_
Nets remaining: 3039
Finished routing net _5825_
Nets remaining: 3038
Finished routing net _5828_
Nets remaining: 3037
Finished routing net _5834_
Nets remaining: 3036
Finished routing net _5844_
Nets remaining: 3035
Finished routing net _5846_
Nets remaining: 3034
Finished routing net _5848_
Nets remaining: 3033
Finished routing net _5852_
Nets remaining: 3032
Finished routing net _5865_
Nets remaining: 3031
Finished routing net _5866_
Nets remaining: 3030
Finished routing net _5869_
Nets remaining: 3029
Finished routing net _5872_
Nets remaining: 3028
Finished routing net _10765_[0]
Nets remaining: 3027
Finished routing net _5873_
Nets remaining: 3026
Finished routing net _5878_
Nets remaining: 3025
Finished routing net _5882_
Nets remaining: 3024
Finished routing net _5886_
Nets remaining: 3023
Failed to route net _5891_
Finished routing net _5893_
Nets remaining: 3022
Finished routing net _5896_
Nets remaining: 3021
Finished routing net _5898_
Nets remaining: 3020
Finished routing net _5900_
Nets remaining: 3019
Finished routing net _5904_
Nets remaining: 3018
Finished routing net _5907_
Nets remaining: 3017
Finished routing net _5909_
Nets remaining: 3016
Finished routing net _5916_
Nets remaining: 3015
Finished routing net _5923_
Nets remaining: 3014
Failed to route net _10765_[1]
Finished routing net _5925_
Nets remaining: 3013
Failed to route net _5929_
Finished routing net _5931_
Nets remaining: 3012
Finished routing net _5932_
Nets remaining: 3011
Finished routing net _5939_
Nets remaining: 3010
Failed to route net _5941_
Finished routing net _5945_
Nets remaining: 3009
Finished routing net _5954_
Nets remaining: 3008
Finished routing net _5962_
Nets remaining: 3007
Finished routing net _5964_
Nets remaining: 3006
Finished routing net _5967_
Nets remaining: 3005
Finished routing net _5969_
Nets remaining: 3004
Finished routing net _5971_
Nets remaining: 3003
Finished routing net _5975_
Nets remaining: 3002
Finished routing net _5980_
Nets remaining: 3001
Finished routing net _5981_
Nets remaining: 3000
Finished routing net _5988_
Nets remaining: 2999
Failed to route net _10765_[2]
Finished routing net _5992_
Nets remaining: 2998
Finished routing net _5993_
Nets remaining: 2997
Finished routing net _5995_
Nets remaining: 2996
Finished routing net _5999_
Nets remaining: 2995
Finished routing net _6005_
Nets remaining: 2994
Finished routing net _6009_
Nets remaining: 2993
Finished routing net _6013_
Nets remaining: 2992
Finished routing net _6015_
Nets remaining: 2991
Finished routing net _6018_
Nets remaining: 2990
Finished routing net _6019_
Nets remaining: 2989
Finished routing net _6020_
Nets remaining: 2988
Finished routing net _6024_
Nets remaining: 2987
Finished routing net _6026_
Nets remaining: 2986
Finished routing net _6028_
Nets remaining: 2985
Finished routing net _6032_
Nets remaining: 2984
Finished routing net _6035_
Nets remaining: 2983
Finished routing net _6042_
Nets remaining: 2982
Finished routing net _10765_[3]
Nets remaining: 2981
Finished routing net _6046_
Nets remaining: 2980
Finished routing net _6048_
Nets remaining: 2979
Finished routing net _6055_
Nets remaining: 2978
Finished routing net _6075_
Nets remaining: 2977
Finished routing net _6081_
Nets remaining: 2976
Failed to route net _6083_
Finished routing net _6086_
Nets remaining: 2975
Finished routing net _6094_
Nets remaining: 2974
Finished routing net _10765_[4]
Nets remaining: 2973
Finished routing net _6099_
Nets remaining: 2972
Failed to route net _6104_
Finished routing net _6105_
Nets remaining: 2971
Failed to route net _6106_
Failed to route net _6111_
Finished routing net _6115_
Nets remaining: 2970
Finished routing net _6117_
Nets remaining: 2969
Finished routing net _6122_
Nets remaining: 2968
Finished routing net _6123_
Nets remaining: 2967
Finished routing net _6127_
Nets remaining: 2966
Finished routing net _6128_
Nets remaining: 2965
Finished routing net _6129_
Nets remaining: 2964
Finished routing net _6131_
Nets remaining: 2963
Finished routing net _6134_
Nets remaining: 2962
Finished routing net _6138_
Nets remaining: 2961
Finished routing net _6146_
Nets remaining: 2960
Finished routing net _10765_[5]
Nets remaining: 2959
Finished routing net _6149_
Nets remaining: 2958
Finished routing net _6152_
Nets remaining: 2957
Finished routing net _6156_
Nets remaining: 2956
Finished routing net _6175_
Nets remaining: 2955
Finished routing net _6179_
Nets remaining: 2954
Finished routing net _6181_
Nets remaining: 2953
Finished routing net _6183_
Nets remaining: 2952
Finished routing net _6186_
Nets remaining: 2951
Finished routing net _6190_
Nets remaining: 2950
Finished routing net _6191_
Nets remaining: 2949
Failed to route net _6192_
Failed to route net _6193_
Finished routing net _6200_
Nets remaining: 2948
Failed to route net _10765_[6]
Failed to route net _6207_
Failed to route net _6211_
Failed to route net _6212_
Finished routing net _6213_
Nets remaining: 2947
Finished routing net _6219_
Nets remaining: 2946
Finished routing net _6225_
Nets remaining: 2945
Finished routing net _6230_
Nets remaining: 2944
Finished routing net _6231_
Nets remaining: 2943
Finished routing net _6234_
Nets remaining: 2942
Finished routing net _6236_
Nets remaining: 2941
Finished routing net _6237_
Nets remaining: 2940
Failed to route net _6244_
Finished routing net _6252_
Nets remaining: 2939
Failed to route net _10765_[7]
Finished routing net _6254_
Nets remaining: 2938
Failed to route net _6256_
Failed to route net _6257_
Finished routing net _6262_
Nets remaining: 2937
Finished routing net _6272_
Nets remaining: 2936
Finished routing net _6279_
Nets remaining: 2935
Finished routing net _6282_
Nets remaining: 2934
Finished routing net _6284_
Nets remaining: 2933
Finished routing net _6286_
Nets remaining: 2932
Finished routing net _6290_
Nets remaining: 2931
Failed to route net _6297_
Finished routing net _6298_
Nets remaining: 2930
Failed to route net _6301_
Finished routing net _10765_[8]
Nets remaining: 2929
Finished routing net _6306_
Nets remaining: 2928
Finished routing net _6311_
Nets remaining: 2927
Finished routing net _6318_
Nets remaining: 2926
Finished routing net _6320_
Nets remaining: 2925
Finished routing net _6321_
Nets remaining: 2924
Failed to route net _6322_
Finished routing net _6326_
Nets remaining: 2923
Failed to route net _6329_
Failed to route net _6330_
Finished routing net _6331_
Nets remaining: 2922
Finished routing net _6337_
Nets remaining: 2921
Finished routing net _6348_
Nets remaining: 2920
Finished routing net _6352_
Nets remaining: 2919
Finished routing net _6353_
Nets remaining: 2918
Finished routing net _6356_
Nets remaining: 2917
Finished routing net _6358_
Nets remaining: 2916
Finished routing net _6361_
Nets remaining: 2915
Failed to route net _6365_
Failed to route net _6373_
Failed to route net _10765_[9]
Finished routing net _6374_
Nets remaining: 2914
Finished routing net _6375_
Nets remaining: 2913
Finished routing net _6379_
Nets remaining: 2912
Finished routing net _6380_
Nets remaining: 2911
Failed to route net _6384_
Finished routing net _6393_
Nets remaining: 2910
Finished routing net _6401_
Nets remaining: 2909
Finished routing net _6407_
Nets remaining: 2908
Finished routing net _6412_
Nets remaining: 2907
Failed to route net _6418_
Finished routing net _6419_
Nets remaining: 2906
Finished routing net _6423_
Nets remaining: 2905
Finished routing net _6427_
Nets remaining: 2904
Failed to route net _10765_[10]
Finished routing net _6430_
Nets remaining: 2903
Finished routing net _6431_
Nets remaining: 2902
Finished routing net _6433_
Nets remaining: 2901
Finished routing net _6434_
Nets remaining: 2900
Failed to route net _6435_
Finished routing net _6436_
Nets remaining: 2899
Finished routing net _6439_
Nets remaining: 2898
Failed to route net _6440_
Finished routing net _6442_
Nets remaining: 2897
Finished routing net _6445_
Nets remaining: 2896
Finished routing net _6448_
Nets remaining: 2895
Finished routing net _6449_
Nets remaining: 2894
Finished routing net _6450_
Nets remaining: 2893
Finished routing net _6451_
Nets remaining: 2892
Failed to route net _6452_
Finished routing net _6457_
Nets remaining: 2891
Finished routing net _6461_
Nets remaining: 2890
Finished routing net _6462_
Nets remaining: 2889
Finished routing net _6467_
Nets remaining: 2888
Finished routing net _6469_
Nets remaining: 2887
Finished routing net _6472_
Nets remaining: 2886
Finished routing net _6474_
Nets remaining: 2885
Finished routing net _6475_
Nets remaining: 2884
Finished routing net _6479_
Nets remaining: 2883
Finished routing net _6480_
Nets remaining: 2882
Finished routing net _6483_
Nets remaining: 2881
Finished routing net _6486_
Nets remaining: 2880
Finished routing net _6489_
Nets remaining: 2879
Finished routing net _6490_
Nets remaining: 2878
Finished routing net _6499_
Nets remaining: 2877
Finished routing net _10765_[11]
Nets remaining: 2876
Finished routing net _6502_
Nets remaining: 2875
Finished routing net _6505_
Nets remaining: 2874
Failed to route net _6506_
Finished routing net _6507_
Nets remaining: 2873
Failed to route net _6511_
Finished routing net _6512_
Nets remaining: 2872
Failed to route net x2_i[15]
Finished routing net x6_i[15]
Nets remaining: 2871
Failed to route net _6514_
Finished routing net _6516_
Nets remaining: 2870
Finished routing net x0_r[15]
Nets remaining: 2869
Finished routing net x4_r[15]
Nets remaining: 2868
Finished routing net _6518_
Nets remaining: 2867
Finished routing net _6521_
Nets remaining: 2866
Finished routing net _6522_
Nets remaining: 2865
Finished routing net _6523_
Nets remaining: 2864
Finished routing net _6525_
Nets remaining: 2863
Finished routing net _6526_
Nets remaining: 2862
Failed to route net _6527_
Finished routing net _6529_
Nets remaining: 2861
Finished routing net _6532_
Nets remaining: 2860
Finished routing net _6534_
Nets remaining: 2859
Finished routing net _6535_
Nets remaining: 2858
Failed to route net _6539_
Finished routing net _10765_[15]
Nets remaining: 2857
Finished routing net _10765_[12]
Nets remaining: 2856
Finished routing net _10765_[13]
Nets remaining: 2855
Failed to route net _10765_[14]
Finished routing net _6545_
Nets remaining: 2854
Finished routing net _6546_
Nets remaining: 2853
Finished routing net _6551_
Nets remaining: 2852
Finished routing net _6555_
Nets remaining: 2851
Finished routing net _6558_
Nets remaining: 2850
Finished routing net _6561_
Nets remaining: 2849
Finished routing net _6563_
Nets remaining: 2848
Finished routing net _6565_
Nets remaining: 2847
Finished routing net _6567_
Nets remaining: 2846
Finished routing net _6575_
Nets remaining: 2845
Finished routing net _6577_
Nets remaining: 2844
Finished routing net _6578_
Nets remaining: 2843
Finished routing net _6579_
Nets remaining: 2842
Finished routing net _6587_
Nets remaining: 2841
Failed to route net _6588_
Finished routing net _6589_
Nets remaining: 2840
Finished routing net _6594_
Nets remaining: 2839
Failed to route net _6596_
Finished routing net _6604_
Nets remaining: 2838
Finished routing net _6608_
Nets remaining: 2837
Finished routing net _6616_
Nets remaining: 2836
Failed to route net _6620_
Finished routing net _6622_
Nets remaining: 2835
Finished routing net _6624_
Nets remaining: 2834
Finished routing net _6629_
Nets remaining: 2833
Finished routing net _6635_
Nets remaining: 2832
Finished routing net _6643_
Nets remaining: 2831
Finished routing net _6645_
Nets remaining: 2830
Finished routing net _6649_
Nets remaining: 2829
Finished routing net _6653_
Nets remaining: 2828
Finished routing net _6654_
Nets remaining: 2827
Finished routing net _6655_
Nets remaining: 2826
Finished routing net _6660_
Nets remaining: 2825
Finished routing net _6661_
Nets remaining: 2824
Finished routing net _6664_
Nets remaining: 2823
Finished routing net _6665_
Nets remaining: 2822
Finished routing net _6666_
Nets remaining: 2821
Finished routing net _6671_
Nets remaining: 2820
Finished routing net _6672_
Nets remaining: 2819
Finished routing net _6673_
Nets remaining: 2818
Finished routing net _6676_
Nets remaining: 2817
Finished routing net _6682_
Nets remaining: 2816
Finished routing net _6687_
Nets remaining: 2815
Finished routing net _6692_
Nets remaining: 2814
Finished routing net _6694_
Nets remaining: 2813
Finished routing net _10762_[0]
Nets remaining: 2812
Finished routing net _6696_
Nets remaining: 2811
Finished routing net _6697_
Nets remaining: 2810
Finished routing net _6699_
Nets remaining: 2809
Finished routing net _6702_
Nets remaining: 2808
Finished routing net _6705_
Nets remaining: 2807
Finished routing net _6709_
Nets remaining: 2806
Finished routing net _6714_
Nets remaining: 2805
Finished routing net _6715_
Nets remaining: 2804
Finished routing net _6717_
Nets remaining: 2803
Finished routing net _6719_
Nets remaining: 2802
Failed to route net _6721_
Finished routing net _6732_
Nets remaining: 2801
Finished routing net _6738_
Nets remaining: 2800
Finished routing net _10762_[1]
Nets remaining: 2799
Finished routing net _6739_
Nets remaining: 2798
Finished routing net _6740_
Nets remaining: 2797
Finished routing net _6743_
Nets remaining: 2796
Finished routing net _6745_
Nets remaining: 2795
Finished routing net _6748_
Nets remaining: 2794
Finished routing net _6752_
Nets remaining: 2793
Finished routing net _6758_
Nets remaining: 2792
Finished routing net _6760_
Nets remaining: 2791
Finished routing net _6762_
Nets remaining: 2790
Finished routing net _6764_
Nets remaining: 2789
Failed to route net _6765_
Finished routing net _6770_
Nets remaining: 2788
Finished routing net _6771_
Nets remaining: 2787
Finished routing net _6786_
Nets remaining: 2786
Finished routing net _10762_[2]
Nets remaining: 2785
Finished routing net _6788_
Nets remaining: 2784
Finished routing net _6790_
Nets remaining: 2783
Finished routing net _6792_
Nets remaining: 2782
Finished routing net _6793_
Nets remaining: 2781
Finished routing net _6796_
Nets remaining: 2780
Finished routing net _6800_
Nets remaining: 2779
Finished routing net _6807_
Nets remaining: 2778
Finished routing net _6811_
Nets remaining: 2777
Finished routing net _6814_
Nets remaining: 2776
Finished routing net _6817_
Nets remaining: 2775
Finished routing net _6823_
Nets remaining: 2774
Finished routing net _6828_
Nets remaining: 2773
Finished routing net _10762_[3]
Nets remaining: 2772
Finished routing net _6829_
Nets remaining: 2771
Finished routing net _6832_
Nets remaining: 2770
Finished routing net _6834_
Nets remaining: 2769
Finished routing net _6840_
Nets remaining: 2768
Finished routing net _6846_
Nets remaining: 2767
Finished routing net _6847_
Nets remaining: 2766
Finished routing net _6849_
Nets remaining: 2765
Finished routing net _6853_
Nets remaining: 2764
Finished routing net _6854_
Nets remaining: 2763
Finished routing net _6857_
Nets remaining: 2762
Finished routing net _6858_
Nets remaining: 2761
Finished routing net _6871_
Nets remaining: 2760
Failed to route net _6873_
Failed to route net _10762_[4]
Finished routing net _6875_
Nets remaining: 2759
Finished routing net _6877_
Nets remaining: 2758
Finished routing net _6879_
Nets remaining: 2757
Finished routing net _6882_
Nets remaining: 2756
Finished routing net _6885_
Nets remaining: 2755
Finished routing net _6886_
Nets remaining: 2754
Finished routing net _6888_
Nets remaining: 2753
Finished routing net _6890_
Nets remaining: 2752
Failed to route net _6894_
Finished routing net _6898_
Nets remaining: 2751
Finished routing net _6899_
Nets remaining: 2750
Finished routing net _6902_
Nets remaining: 2749
Finished routing net _6905_
Nets remaining: 2748
Finished routing net _6911_
Nets remaining: 2747
Finished routing net _6915_
Nets remaining: 2746
Finished routing net _6918_
Nets remaining: 2745
Failed to route net _10762_[5]
Finished routing net _6919_
Nets remaining: 2744
Finished routing net _6920_
Nets remaining: 2743
Finished routing net _6923_
Nets remaining: 2742
Finished routing net _6925_
Nets remaining: 2741
Finished routing net _6928_
Nets remaining: 2740
Finished routing net _6932_
Nets remaining: 2739
Failed to route net _6934_
Finished routing net _6936_
Nets remaining: 2738
Finished routing net _6939_
Nets remaining: 2737
Finished routing net _6941_
Nets remaining: 2736
Finished routing net _6942_
Nets remaining: 2735
Finished routing net _6943_
Nets remaining: 2734
Finished routing net _6946_
Nets remaining: 2733
Finished routing net _6947_
Nets remaining: 2732
Finished routing net _6951_
Nets remaining: 2731
Finished routing net _6952_
Nets remaining: 2730
Finished routing net _6953_
Nets remaining: 2729
Finished routing net _6963_
Nets remaining: 2728
Failed to route net _10762_[6]
Finished routing net _6964_
Nets remaining: 2727
Finished routing net _6966_
Nets remaining: 2726
Finished routing net _6968_
Nets remaining: 2725
Finished routing net _6971_
Nets remaining: 2724
Finished routing net _6974_
Nets remaining: 2723
Finished routing net _6975_
Nets remaining: 2722
Finished routing net _6980_
Nets remaining: 2721
Finished routing net _6983_
Nets remaining: 2720
Finished routing net _6985_
Nets remaining: 2719
Finished routing net _6988_
Nets remaining: 2718
Finished routing net _6991_
Nets remaining: 2717
Finished routing net _6994_
Nets remaining: 2716
Finished routing net _6997_
Nets remaining: 2715
Finished routing net _7000_
Nets remaining: 2714
Finished routing net _7006_
Nets remaining: 2713
Finished routing net _7011_
Nets remaining: 2712
Failed to route net _10762_[7]
Finished routing net _7012_
Nets remaining: 2711
Finished routing net _7015_
Nets remaining: 2710
Finished routing net _7017_
Nets remaining: 2709
Finished routing net _7019_
Nets remaining: 2708
Finished routing net _7021_
Nets remaining: 2707
Finished routing net _7022_
Nets remaining: 2706
Finished routing net _7028_
Nets remaining: 2705
Finished routing net _7031_
Nets remaining: 2704
Finished routing net _7032_
Nets remaining: 2703
Finished routing net _7034_
Nets remaining: 2702
Finished routing net _7039_
Nets remaining: 2701
Finished routing net _7040_
Nets remaining: 2700
Finished routing net _7043_
Nets remaining: 2699
Finished routing net _7048_
Nets remaining: 2698
Finished routing net _7050_
Nets remaining: 2697
Finished routing net _7053_
Nets remaining: 2696
Finished routing net _7063_
Nets remaining: 2695
Failed to route net _10762_[8]
Finished routing net _7064_
Nets remaining: 2694
Finished routing net _7066_
Nets remaining: 2693
Finished routing net _7069_
Nets remaining: 2692
Finished routing net _7071_
Nets remaining: 2691
Failed to route net _7072_
Finished routing net _7073_
Nets remaining: 2690
Finished routing net _7074_
Nets remaining: 2689
Finished routing net _7079_
Nets remaining: 2688
Finished routing net _7080_
Nets remaining: 2687
Finished routing net _7081_
Nets remaining: 2686
Finished routing net _7082_
Nets remaining: 2685
Finished routing net _7083_
Nets remaining: 2684
Finished routing net _7084_
Nets remaining: 2683
Finished routing net _7088_
Nets remaining: 2682
Finished routing net _7093_
Nets remaining: 2681
Finished routing net _7094_
Nets remaining: 2680
Failed to route net _7097_
Finished routing net _7099_
Nets remaining: 2679
Finished routing net _7103_
Nets remaining: 2678
Finished routing net _7106_
Nets remaining: 2677
Finished routing net _7110_
Nets remaining: 2676
Finished routing net _7113_
Nets remaining: 2675
Finished routing net _7121_
Nets remaining: 2674
Finished routing net _10762_[9]
Nets remaining: 2673
Finished routing net _7123_
Nets remaining: 2672
Finished routing net _7126_
Nets remaining: 2671
Finished routing net _7127_
Nets remaining: 2670
Finished routing net _7131_
Nets remaining: 2669
Finished routing net _7133_
Nets remaining: 2668
Failed to route net _7142_
Finished routing net _7146_
Nets remaining: 2667
Failed to route net _7147_
Finished routing net _7151_
Nets remaining: 2666
Finished routing net _7161_
Nets remaining: 2665
Finished routing net _7167_
Nets remaining: 2664
Finished routing net _10762_[10]
Nets remaining: 2663
Finished routing net _7168_
Nets remaining: 2662
Finished routing net _7170_
Nets remaining: 2661
Finished routing net _7172_
Nets remaining: 2660
Finished routing net _7173_
Nets remaining: 2659
Finished routing net _7174_
Nets remaining: 2658
Finished routing net _7179_
Nets remaining: 2657
Finished routing net _7182_
Nets remaining: 2656
Finished routing net _7183_
Nets remaining: 2655
Failed to route net _7188_
Finished routing net _7190_
Nets remaining: 2654
Finished routing net _7192_
Nets remaining: 2653
Finished routing net _7196_
Nets remaining: 2652
Finished routing net _7200_
Nets remaining: 2651
Finished routing net _7201_
Nets remaining: 2650
Finished routing net _7203_
Nets remaining: 2649
Finished routing net _7207_
Nets remaining: 2648
Finished routing net _7211_
Nets remaining: 2647
Failed to route net _10762_[11]
Finished routing net _7212_
Nets remaining: 2646
Finished routing net _7214_
Nets remaining: 2645
Finished routing net _7215_
Nets remaining: 2644
Finished routing net _7216_
Nets remaining: 2643
Finished routing net _7217_
Nets remaining: 2642
Finished routing net _7219_
Nets remaining: 2641
Failed to route net _7220_
Finished routing net _7221_
Nets remaining: 2640
Finished routing net _7222_
Nets remaining: 2639
Finished routing net _7223_
Nets remaining: 2638
Failed to route net _7224_
Finished routing net _7225_
Nets remaining: 2637
Finished routing net _7227_
Nets remaining: 2636
Finished routing net _7228_
Nets remaining: 2635
Finished routing net _7230_
Nets remaining: 2634
Finished routing net _7231_
Nets remaining: 2633
Finished routing net _7232_
Nets remaining: 2632
Finished routing net _7233_
Nets remaining: 2631
Finished routing net _7234_
Nets remaining: 2630
Failed to route net _7235_
Finished routing net _7236_
Nets remaining: 2629
Finished routing net _7237_
Nets remaining: 2628
Finished routing net _7238_
Nets remaining: 2627
Finished routing net _7239_
Nets remaining: 2626
Failed to route net _7241_
Finished routing net _7242_
Nets remaining: 2625
Finished routing net _7244_
Nets remaining: 2624
Finished routing net _7246_
Nets remaining: 2623
Failed to route net _10762_[12]
Failed to route net _10762_[13]
Failed to route net _10762_[14]
Finished routing net _7251_
Nets remaining: 2622
Finished routing net _7255_
Nets remaining: 2621
Finished routing net _7260_
Nets remaining: 2620
Finished routing net _7263_
Nets remaining: 2619
Finished routing net _7265_
Nets remaining: 2618
Finished routing net _7267_
Nets remaining: 2617
Finished routing net _7270_
Nets remaining: 2616
Finished routing net _7272_
Nets remaining: 2615
Finished routing net _7279_
Nets remaining: 2614
Finished routing net _7282_
Nets remaining: 2613
Finished routing net _7283_
Nets remaining: 2612
Finished routing net _7284_
Nets remaining: 2611
Finished routing net _7288_
Nets remaining: 2610
Failed to route net _7289_
Finished routing net _7294_
Nets remaining: 2609
Failed to route net _7298_
Failed to route net _7300_
Finished routing net _7307_
Nets remaining: 2608
Finished routing net _7308_
Nets remaining: 2607
Finished routing net _7318_
Nets remaining: 2606
Finished routing net _7322_
Nets remaining: 2605
Finished routing net _7331_
Nets remaining: 2604
Finished routing net _7337_
Nets remaining: 2603
Finished routing net _7341_
Nets remaining: 2602
Finished routing net _7345_
Nets remaining: 2601
Finished routing net _7349_
Nets remaining: 2600
Finished routing net _7350_
Nets remaining: 2599
Finished routing net _7354_
Nets remaining: 2598
Finished routing net _7355_
Nets remaining: 2597
Finished routing net _7356_
Nets remaining: 2596
Finished routing net _7361_
Nets remaining: 2595
Failed to route net _7362_
Finished routing net _7365_
Nets remaining: 2594
Finished routing net _7366_
Nets remaining: 2593
Finished routing net _7367_
Nets remaining: 2592
Finished routing net _7372_
Nets remaining: 2591
Finished routing net _7373_
Nets remaining: 2590
Finished routing net _7374_
Nets remaining: 2589
Finished routing net _7377_
Nets remaining: 2588
Finished routing net _7380_
Nets remaining: 2587
Finished routing net _7383_
Nets remaining: 2586
Finished routing net _7388_
Nets remaining: 2585
Finished routing net _7393_
Nets remaining: 2584
Finished routing net _7395_
Nets remaining: 2583
Finished routing net _10763_[0]
Nets remaining: 2582
Finished routing net _7397_
Nets remaining: 2581
Finished routing net _7398_
Nets remaining: 2580
Finished routing net _7401_
Nets remaining: 2579
Finished routing net _7403_
Nets remaining: 2578
Finished routing net _7406_
Nets remaining: 2577
Finished routing net _7410_
Nets remaining: 2576
Finished routing net _7415_
Nets remaining: 2575
Finished routing net _7416_
Nets remaining: 2574
Finished routing net _7418_
Nets remaining: 2573
Finished routing net _7420_
Nets remaining: 2572
Finished routing net _7423_
Nets remaining: 2571
Failed to route net _7424_
Finished routing net _7429_
Nets remaining: 2570
Finished routing net _7437_
Nets remaining: 2569
Finished routing net _7442_
Nets remaining: 2568
Failed to route net _10763_[1]
Finished routing net _7445_
Nets remaining: 2567
Finished routing net _7446_
Nets remaining: 2566
Finished routing net _7449_
Nets remaining: 2565
Failed to route net _7452_
Finished routing net _7457_
Nets remaining: 2564
Finished routing net _7462_
Nets remaining: 2563
Finished routing net _7464_
Nets remaining: 2562
Finished routing net _7467_
Nets remaining: 2561
Finished routing net _7469_
Nets remaining: 2560
Finished routing net _7488_
Nets remaining: 2559
Failed to route net _10763_[2]
Finished routing net _7489_
Nets remaining: 2558
Finished routing net _7491_
Nets remaining: 2557
Finished routing net _7493_
Nets remaining: 2556
Finished routing net _7496_
Nets remaining: 2555
Finished routing net _7498_
Nets remaining: 2554
Finished routing net _7501_
Nets remaining: 2553
Finished routing net _7509_
Nets remaining: 2552
Finished routing net _7512_
Nets remaining: 2551
Finished routing net _7516_
Nets remaining: 2550
Finished routing net _7520_
Nets remaining: 2549
Finished routing net _7525_
Nets remaining: 2548
Finished routing net _7531_
Nets remaining: 2547
Finished routing net _10763_[3]
Nets remaining: 2546
Finished routing net _7532_
Nets remaining: 2545
Finished routing net _7534_
Nets remaining: 2544
Finished routing net _7536_
Nets remaining: 2543
Finished routing net _7543_
Nets remaining: 2542
Finished routing net _7548_
Nets remaining: 2541
Finished routing net _7549_
Nets remaining: 2540
Finished routing net _7552_
Nets remaining: 2539
Finished routing net _7555_
Nets remaining: 2538
Finished routing net _7558_
Nets remaining: 2537
Failed to route net _7559_
Finished routing net _7572_
Nets remaining: 2536
Failed to route net _7575_
Finished routing net _10763_[4]
Nets remaining: 2535
Failed to route net _7576_
Finished routing net _7578_
Nets remaining: 2534
Finished routing net _7580_
Nets remaining: 2533
Finished routing net _7584_
Nets remaining: 2532
Finished routing net _7589_
Nets remaining: 2531
Finished routing net _7592_
Nets remaining: 2530
Finished routing net _7593_
Nets remaining: 2529
Finished routing net _7598_
Nets remaining: 2528
Finished routing net _7601_
Nets remaining: 2527
Finished routing net _7607_
Nets remaining: 2526
Failed to route net _7611_
Finished routing net _7613_
Nets remaining: 2525
Finished routing net _10763_[5]
Nets remaining: 2524
Finished routing net _7614_
Nets remaining: 2523
Finished routing net _7616_
Nets remaining: 2522
Finished routing net _7618_
Nets remaining: 2521
Finished routing net _7619_
Nets remaining: 2520
Finished routing net _7620_
Nets remaining: 2519
Finished routing net _7622_
Nets remaining: 2518
Finished routing net _7625_
Nets remaining: 2517
Failed to route net _7627_
Failed to route net _7632_
Finished routing net _7634_
Nets remaining: 2516
Finished routing net _7636_
Nets remaining: 2515
Failed to route net _7639_
Finished routing net _7641_
Nets remaining: 2514
Finished routing net _7644_
Nets remaining: 2513
Finished routing net _7645_
Nets remaining: 2512
Finished routing net _7649_
Nets remaining: 2511
Finished routing net _7650_
Nets remaining: 2510
Finished routing net _7651_
Nets remaining: 2509
Failed to route net _7661_
Failed to route net _10763_[6]
Finished routing net _7662_
Nets remaining: 2508
Finished routing net _7664_
Nets remaining: 2507
Finished routing net _7666_
Nets remaining: 2506
Finished routing net _7670_
Nets remaining: 2505
Finished routing net _7674_
Nets remaining: 2504
Finished routing net _7676_
Nets remaining: 2503
Finished routing net _7678_
Nets remaining: 2502
Failed to route net _7682_
Finished routing net _7685_
Nets remaining: 2501
Finished routing net _7687_
Nets remaining: 2500
Finished routing net _7690_
Nets remaining: 2499
Finished routing net _7694_
Nets remaining: 2498
Finished routing net _7699_
Nets remaining: 2497
Finished routing net _7705_
Nets remaining: 2496
Finished routing net _10763_[7]
Nets remaining: 2495
Failed to route net _7706_
Finished routing net _7708_
Nets remaining: 2494
Finished routing net _7710_
Nets remaining: 2493
Finished routing net _7714_
Nets remaining: 2492
Finished routing net _7715_
Nets remaining: 2491
Finished routing net _7721_
Nets remaining: 2490
Finished routing net _7725_
Nets remaining: 2489
Finished routing net _7726_
Nets remaining: 2488
Finished routing net _7728_
Nets remaining: 2487
Failed to route net _7732_
Finished routing net _7736_
Nets remaining: 2486
Finished routing net _7737_
Nets remaining: 2485
Finished routing net _7741_
Nets remaining: 2484
Finished routing net _7743_
Nets remaining: 2483
Finished routing net _7747_
Nets remaining: 2482
Failed to route net _7757_
Finished routing net _10763_[8]
Nets remaining: 2481
Failed to route net _7758_
Finished routing net _7760_
Nets remaining: 2480
Finished routing net _7762_
Nets remaining: 2479
Finished routing net _7765_
Nets remaining: 2478
Finished routing net _7769_
Nets remaining: 2477
Finished routing net _7772_
Nets remaining: 2476
Finished routing net _7775_
Nets remaining: 2475
Finished routing net _7778_
Nets remaining: 2474
Finished routing net _7781_
Nets remaining: 2473
Finished routing net _7784_
Nets remaining: 2472
Finished routing net _7785_
Nets remaining: 2471
Finished routing net _7790_
Nets remaining: 2470
Finished routing net _7791_
Nets remaining: 2469
Finished routing net _7800_
Nets remaining: 2468
Finished routing net _10763_[9]
Nets remaining: 2467
Finished routing net _7801_
Nets remaining: 2466
Finished routing net _7805_
Nets remaining: 2465
Finished routing net _7806_
Nets remaining: 2464
Finished routing net _7811_
Nets remaining: 2463
Finished routing net _7812_
Nets remaining: 2462
Finished routing net _7822_
Nets remaining: 2461
Finished routing net _7825_
Nets remaining: 2460
Finished routing net _7829_
Nets remaining: 2459
Finished routing net _7838_
Nets remaining: 2458
Finished routing net _7841_
Nets remaining: 2457
Finished routing net _7847_
Nets remaining: 2456
Finished routing net _10763_[10]
Nets remaining: 2455
Finished routing net _7848_
Nets remaining: 2454
Finished routing net _7851_
Nets remaining: 2453
Finished routing net _7856_
Nets remaining: 2452
Finished routing net _7860_
Nets remaining: 2451
Finished routing net _7862_
Nets remaining: 2450
Failed to route net _7865_
Finished routing net _7867_
Nets remaining: 2449
Finished routing net _7871_
Nets remaining: 2448
Finished routing net _7872_
Nets remaining: 2447
Finished routing net _7873_
Nets remaining: 2446
Failed to route net _7878_
Finished routing net _7882_
Nets remaining: 2445
Finished routing net _7886_
Nets remaining: 2444
Finished routing net _7890_
Nets remaining: 2443
Failed to route net _10763_[11]
Finished routing net _7891_
Nets remaining: 2442
Finished routing net _7892_
Nets remaining: 2441
Finished routing net _7893_
Nets remaining: 2440
Finished routing net _7894_
Nets remaining: 2439
Finished routing net _7896_
Nets remaining: 2438
Finished routing net _7897_
Nets remaining: 2437
Finished routing net _7898_
Nets remaining: 2436
Finished routing net _7899_
Nets remaining: 2435
Failed to route net _7900_
Finished routing net _7901_
Nets remaining: 2434
Finished routing net _7902_
Nets remaining: 2433
Finished routing net _7903_
Nets remaining: 2432
Finished routing net _7904_
Nets remaining: 2431
Finished routing net _7907_
Nets remaining: 2430
Finished routing net _7908_
Nets remaining: 2429
Finished routing net _7909_
Nets remaining: 2428
Finished routing net _7911_
Nets remaining: 2427
Finished routing net _7912_
Nets remaining: 2426
Finished routing net _7913_
Nets remaining: 2425
Finished routing net _7914_
Nets remaining: 2424
Finished routing net _7915_
Nets remaining: 2423
Finished routing net _7916_
Nets remaining: 2422
Failed to route net _7918_
Finished routing net _7919_
Nets remaining: 2421
Finished routing net _7920_
Nets remaining: 2420
Failed to route net _7921_
Finished routing net _7923_
Nets remaining: 2419
Finished routing net _10763_[12]
Nets remaining: 2418
Finished routing net _10763_[13]
Nets remaining: 2417
Failed to route net _10763_[14]
Finished routing net _7927_
Nets remaining: 2416
Finished routing net _7928_
Nets remaining: 2415
Finished routing net _7932_
Nets remaining: 2414
Finished routing net _7934_
Nets remaining: 2413
Failed to route net _7936_
Finished routing net _7937_
Nets remaining: 2412
Finished routing net _7938_
Nets remaining: 2411
Finished routing net _7944_
Nets remaining: 2410
Finished routing net _7947_
Nets remaining: 2409
Failed to route net _7948_
Finished routing net _7952_
Nets remaining: 2408
Failed to route net _7956_
Finished routing net _7960_
Nets remaining: 2407
Finished routing net _7966_
Nets remaining: 2406
Finished routing net _7967_
Nets remaining: 2405
Finished routing net _7970_
Nets remaining: 2404
Failed to route net _7971_
Finished routing net _7980_
Nets remaining: 2403
Finished routing net _8000_
Nets remaining: 2402
Finished routing net _8039_
Nets remaining: 2401
Finished routing net _8040_
Nets remaining: 2400
Finished routing net _8046_
Nets remaining: 2399
Finished routing net _8047_
Nets remaining: 2398
Finished routing net _8051_
Nets remaining: 2397
Finished routing net _8052_
Nets remaining: 2396
Finished routing net _8054_
Nets remaining: 2395
Failed to route net _8055_
Finished routing net _8061_
Nets remaining: 2394
Finished routing net _8063_
Nets remaining: 2393
Finished routing net _8064_
Nets remaining: 2392
Finished routing net _8068_
Nets remaining: 2391
Finished routing net _8072_
Nets remaining: 2390
Finished routing net _8073_
Nets remaining: 2389
Finished routing net _8076_
Nets remaining: 2388
Failed to route net _8095_
Finished routing net _8106_
Nets remaining: 2387
Finished routing net _8109_
Nets remaining: 2386
Failed to route net _8113_
Failed to route net _8114_
Finished routing net _8118_
Nets remaining: 2385
Finished routing net _8120_
Nets remaining: 2384
Finished routing net _8124_
Nets remaining: 2383
Finished routing net _8126_
Nets remaining: 2382
Finished routing net _8140_
Nets remaining: 2381
Finished routing net _8153_
Nets remaining: 2380
Finished routing net _8154_
Nets remaining: 2379
Finished routing net _8156_
Nets remaining: 2378
Finished routing net _8163_
Nets remaining: 2377
Finished routing net _8164_
Nets remaining: 2376
Finished routing net _8179_
Nets remaining: 2375
Finished routing net _8184_
Nets remaining: 2374
Finished routing net _8191_
Nets remaining: 2373
Finished routing net _8198_
Nets remaining: 2372
Finished routing net _8202_
Nets remaining: 2371
Finished routing net _8223_
Nets remaining: 2370
Finished routing net _8224_
Nets remaining: 2369
Finished routing net _8234_
Nets remaining: 2368
Finished routing net _8238_
Nets remaining: 2367
Finished routing net _8241_
Nets remaining: 2366
Finished routing net _8250_
Nets remaining: 2365
Finished routing net _8251_
Nets remaining: 2364
Finished routing net _8252_
Nets remaining: 2363
Finished routing net _8259_
Nets remaining: 2362
Finished routing net _8263_
Nets remaining: 2361
Finished routing net _8267_
Nets remaining: 2360
Finished routing net _8268_
Nets remaining: 2359
Finished routing net _8275_
Nets remaining: 2358
Finished routing net _8280_
Nets remaining: 2357
Finished routing net _8281_
Nets remaining: 2356
Finished routing net _8284_
Nets remaining: 2355
Finished routing net _8285_
Nets remaining: 2354
Failed to route net _8288_
Finished routing net _8292_
Nets remaining: 2353
Finished routing net _8295_
Nets remaining: 2352
Failed to route net _8299_
Finished routing net _8304_
Nets remaining: 2351
Finished routing net _8306_
Nets remaining: 2350
Finished routing net _8308_
Nets remaining: 2349
Finished routing net _8314_
Nets remaining: 2348
Finished routing net _8316_
Nets remaining: 2347
Finished routing net _8321_
Nets remaining: 2346
Finished routing net _8323_
Nets remaining: 2345
Finished routing net _8324_
Nets remaining: 2344
Finished routing net _8325_
Nets remaining: 2343
Finished routing net _8330_
Nets remaining: 2342
Finished routing net _8333_
Nets remaining: 2341
Finished routing net _8337_
Nets remaining: 2340
Finished routing net _8338_
Nets remaining: 2339
Finished routing net _8340_
Nets remaining: 2338
Finished routing net _8352_
Nets remaining: 2337
Finished routing net _8354_
Nets remaining: 2336
Finished routing net _8355_
Nets remaining: 2335
Finished routing net _8356_
Nets remaining: 2334
Finished routing net _8383_
Nets remaining: 2333
Finished routing net _8388_
Nets remaining: 2332
Finished routing net _8400_
Nets remaining: 2331
Finished routing net _8401_
Nets remaining: 2330
Failed to route net _8414_
Finished routing net _8433_
Nets remaining: 2329
Finished routing net _8444_
Nets remaining: 2328
Finished routing net _8461_
Nets remaining: 2327
Finished routing net _8469_
Nets remaining: 2326
Finished routing net _8472_
Nets remaining: 2325
Finished routing net _8473_
Nets remaining: 2324
Finished routing net _8477_
Nets remaining: 2323
Finished routing net _8479_
Nets remaining: 2322
Finished routing net _8480_
Nets remaining: 2321
Finished routing net _8481_
Nets remaining: 2320
Finished routing net _8482_
Nets remaining: 2319
Finished routing net _8483_
Nets remaining: 2318
Finished routing net _8484_
Nets remaining: 2317
Finished routing net _8486_
Nets remaining: 2316
Finished routing net _8487_
Nets remaining: 2315
Finished routing net _8488_
Nets remaining: 2314
Finished routing net _8489_
Nets remaining: 2313
Finished routing net _8490_
Nets remaining: 2312
Finished routing net _8493_
Nets remaining: 2311
Failed to route net _8494_
Failed to route net _8495_
Finished routing net _8499_
Nets remaining: 2310
Finished routing net _8500_
Nets remaining: 2309
Finished routing net _8501_
Nets remaining: 2308
Finished routing net _8511_
Nets remaining: 2307
Finished routing net _8512_
Nets remaining: 2306
Finished routing net _8513_
Nets remaining: 2305
Finished routing net _8515_
Nets remaining: 2304
Failed to route net _8519_
Finished routing net _8522_
Nets remaining: 2303
Finished routing net _8524_
Nets remaining: 2302
Failed to route net _8526_
Finished routing net _8560_
Nets remaining: 2301
Finished routing net _8569_
Nets remaining: 2300
Finished routing net _8580_
Nets remaining: 2299
Finished routing net _8590_
Nets remaining: 2298
Finished routing net _8609_
Nets remaining: 2297
Failed to route net _8611_
Finished routing net _8620_
Nets remaining: 2296
Finished routing net _8624_
Nets remaining: 2295
Finished routing net _8626_
Nets remaining: 2294
Finished routing net _8635_
Nets remaining: 2293
Finished routing net _8666_
Nets remaining: 2292
Failed to route net _8684_
Failed to route net _8687_
Finished routing net _8699_
Nets remaining: 2291
Finished routing net _8701_
Nets remaining: 2290
Finished routing net _8707_
Nets remaining: 2289
Finished routing net _8714_
Nets remaining: 2288
Finished routing net _8721_
Nets remaining: 2287
Finished routing net _8723_
Nets remaining: 2286
Finished routing net _8731_
Nets remaining: 2285
Finished routing net _8732_
Nets remaining: 2284
Finished routing net _8742_
Nets remaining: 2283
Finished routing net _8746_
Nets remaining: 2282
Finished routing net _8752_
Nets remaining: 2281
Finished routing net _8755_
Nets remaining: 2280
Finished routing net _8757_
Nets remaining: 2279
Finished routing net _8758_
Nets remaining: 2278
Finished routing net _8759_
Nets remaining: 2277
Finished routing net _8764_
Nets remaining: 2276
Finished routing net _8766_
Nets remaining: 2275
Finished routing net _8767_
Nets remaining: 2274
Finished routing net _8777_
Nets remaining: 2273
Finished routing net _8780_
Nets remaining: 2272
Finished routing net _8781_
Nets remaining: 2271
Finished routing net _8799_
Nets remaining: 2270
Finished routing net _8800_
Nets remaining: 2269
Finished routing net _8805_
Nets remaining: 2268
Finished routing net _8814_
Nets remaining: 2267
Finished routing net _8821_
Nets remaining: 2266
Finished routing net _8823_
Nets remaining: 2265
Finished routing net _8853_
Nets remaining: 2264
Finished routing net _8854_
Nets remaining: 2263
Finished routing net _8864_
Nets remaining: 2262
Finished routing net _8868_
Nets remaining: 2261
Finished routing net _8874_
Nets remaining: 2260
Finished routing net _8880_
Nets remaining: 2259
Finished routing net _8887_
Nets remaining: 2258
Finished routing net _8900_
Nets remaining: 2257
Finished routing net _8901_
Nets remaining: 2256
Failed to route net _8904_
Failed to route net _8905_
Finished routing net _8916_
Nets remaining: 2255
Finished routing net _8917_
Nets remaining: 2254
Finished routing net _8923_
Nets remaining: 2253
Finished routing net _8924_
Nets remaining: 2252
Finished routing net _8928_
Nets remaining: 2251
Failed to route net _8929_
Finished routing net _8931_
Nets remaining: 2250
Finished routing net _8934_
Nets remaining: 2249
Finished routing net _8937_
Nets remaining: 2248
Finished routing net _8938_
Nets remaining: 2247
Finished routing net _8939_
Nets remaining: 2246
Finished routing net _8944_
Nets remaining: 2245
Finished routing net _8945_
Nets remaining: 2244
Finished routing net _8949_
Nets remaining: 2243
Finished routing net _8953_
Nets remaining: 2242
Finished routing net _8955_
Nets remaining: 2241
Failed to route net _8959_
Failed to route net _8960_
Finished routing net _8973_
Nets remaining: 2240
Finished routing net _8976_
Nets remaining: 2239
Finished routing net _8977_
Nets remaining: 2238
Finished routing net _8979_
Nets remaining: 2237
Failed to route net _8987_
Finished routing net _10760_[0]
Nets remaining: 2236
Finished routing net _8989_
Nets remaining: 2235
Finished routing net _8991_
Nets remaining: 2234
Finished routing net _8997_
Nets remaining: 2233
Finished routing net _8999_
Nets remaining: 2232
Failed to route net _9006_
Finished routing net _9007_
Nets remaining: 2231
Finished routing net _9011_
Nets remaining: 2230
Finished routing net _9013_
Nets remaining: 2229
Failed to route net _9016_
Finished routing net _9026_
Nets remaining: 2228
Finished routing net _9030_
Nets remaining: 2227
Finished routing net _9047_
Nets remaining: 2226
Finished routing net _9050_
Nets remaining: 2225
Finished routing net _9052_
Nets remaining: 2224
Failed to route net _9053_
Finished routing net _9054_
Nets remaining: 2223
Finished routing net _9055_
Nets remaining: 2222
Finished routing net _9060_
Nets remaining: 2221
Finished routing net _9063_
Nets remaining: 2220
Finished routing net _9064_
Nets remaining: 2219
Finished routing net _9066_
Nets remaining: 2218
Finished routing net _9073_
Nets remaining: 2217
Finished routing net _9106_
Nets remaining: 2216
Failed to route net _9115_
Failed to route net _9117_
Failed to route net _9118_
Failed to route net _9119_
Finished routing net _9131_
Nets remaining: 2215
Failed to route net _9135_
Finished routing net _9152_
Nets remaining: 2214
Finished routing net _9159_
Nets remaining: 2213
Finished routing net _9163_
Nets remaining: 2212
Failed to route net _10760_[1]
Finished routing net _9164_
Nets remaining: 2211
Finished routing net _9170_
Nets remaining: 2210
Finished routing net _9172_
Nets remaining: 2209
Finished routing net _9173_
Nets remaining: 2208
Finished routing net _9179_
Nets remaining: 2207
Finished routing net _9181_
Nets remaining: 2206
Finished routing net _9185_
Nets remaining: 2205
Finished routing net _9193_
Nets remaining: 2204
Finished routing net _9194_
Nets remaining: 2203
Finished routing net _9195_
Nets remaining: 2202
Finished routing net _9196_
Nets remaining: 2201
Finished routing net _9197_
Nets remaining: 2200
Finished routing net _9210_
Nets remaining: 2199
Finished routing net _9213_
Nets remaining: 2198
Finished routing net _9219_
Nets remaining: 2197
Finished routing net _9221_
Nets remaining: 2196
Finished routing net _9227_
Nets remaining: 2195
Finished routing net _9244_
Nets remaining: 2194
Finished routing net _9252_
Nets remaining: 2193
Finished routing net _9299_
Nets remaining: 2192
Failed to route net _9301_
Failed to route net _9302_
Failed to route net _9303_
Finished routing net _9304_
Nets remaining: 2191
Finished routing net _9305_
Nets remaining: 2190
Failed to route net _9317_
Finished routing net _9329_
Nets remaining: 2189
Finished routing net _9333_
Nets remaining: 2188
Finished routing net _9334_
Nets remaining: 2187
Finished routing net _9344_
Nets remaining: 2186
Failed to route net _10760_[2]
Failed to route net _9347_
Finished routing net _9353_
Nets remaining: 2185
Finished routing net _9355_
Nets remaining: 2184
Finished routing net _9358_
Nets remaining: 2183
Finished routing net _9364_
Nets remaining: 2182
Failed to route net _9372_
Failed to route net _9375_
Finished routing net _9404_
Nets remaining: 2181
Finished routing net _9407_
Nets remaining: 2180
Finished routing net _9408_
Nets remaining: 2179
Finished routing net _9409_
Nets remaining: 2178
Failed to route net _9416_
Finished routing net _9419_
Nets remaining: 2177
Finished routing net _9425_
Nets remaining: 2176
Failed to route net _9426_
Finished routing net _9429_
Nets remaining: 2175
Failed to route net _9431_
Finished routing net _9438_
Nets remaining: 2174
Finished routing net _9440_
Nets remaining: 2173
Finished routing net _9441_
Nets remaining: 2172
Failed to route net _9442_
Finished routing net _9443_
Nets remaining: 2171
Finished routing net _9445_
Nets remaining: 2170
Finished routing net _9458_
Nets remaining: 2169
Finished routing net _9474_
Nets remaining: 2168
Finished routing net _9477_
Nets remaining: 2167
Finished routing net _9479_
Nets remaining: 2166
Finished routing net _9480_
Nets remaining: 2165
Finished routing net _9481_
Nets remaining: 2164
Failed to route net _9493_
Finished routing net _9499_
Nets remaining: 2163
Finished routing net _9501_
Nets remaining: 2162
Finished routing net _9503_
Nets remaining: 2161
Finished routing net _9512_
Nets remaining: 2160
Finished routing net _9513_
Nets remaining: 2159
Finished routing net _9514_
Nets remaining: 2158
Finished routing net _9515_
Nets remaining: 2157
Finished routing net _9520_
Nets remaining: 2156
Finished routing net _9521_
Nets remaining: 2155
Finished routing net _9530_
Nets remaining: 2154
Finished routing net _10760_[3]
Nets remaining: 2153
Finished routing net _9531_
Nets remaining: 2152
Finished routing net _9546_
Nets remaining: 2151
Finished routing net _9547_
Nets remaining: 2150
Finished routing net _9550_
Nets remaining: 2149
Finished routing net _9551_
Nets remaining: 2148
Finished routing net _9574_
Nets remaining: 2147
Finished routing net _9579_
Nets remaining: 2146
Finished routing net _9586_
Nets remaining: 2145
Finished routing net _9600_
Nets remaining: 2144
Finished routing net _9609_
Nets remaining: 2143
Finished routing net _9611_
Nets remaining: 2142
Finished routing net _9656_
Nets remaining: 2141
Finished routing net _9671_
Nets remaining: 2140
Finished routing net _9672_
Nets remaining: 2139
Finished routing net _9678_
Nets remaining: 2138
Failed to route net _9683_
Finished routing net _9684_
Nets remaining: 2137
Finished routing net _9685_
Nets remaining: 2136
Finished routing net _9686_
Nets remaining: 2135
Failed to route net _9688_
Finished routing net _9693_
Nets remaining: 2134
Finished routing net _9694_
Nets remaining: 2133
Finished routing net _10760_[4]
Nets remaining: 2132
Finished routing net _9695_
Nets remaining: 2131
Finished routing net _9699_
Nets remaining: 2130
Finished routing net _9700_
Nets remaining: 2129
Failed to route net _9702_
Failed to route net _9703_
Finished routing net _9708_
Nets remaining: 2128
Finished routing net _9711_
Nets remaining: 2127
Finished routing net _9714_
Nets remaining: 2126
Finished routing net _9716_
Nets remaining: 2125
Finished routing net _9717_
Nets remaining: 2124
Finished routing net _9718_
Nets remaining: 2123
Finished routing net _9720_
Nets remaining: 2122
Finished routing net _9724_
Nets remaining: 2121
Finished routing net _9726_
Nets remaining: 2120
Finished routing net _9727_
Nets remaining: 2119
Finished routing net _9729_
Nets remaining: 2118
Finished routing net _9736_
Nets remaining: 2117
Finished routing net _9741_
Nets remaining: 2116
Finished routing net _9746_
Nets remaining: 2115
Finished routing net _9763_
Nets remaining: 2114
Finished routing net _9766_
Nets remaining: 2113
Finished routing net _9769_
Nets remaining: 2112
Finished routing net _9770_
Nets remaining: 2111
Failed to route net _9771_
Finished routing net _9775_
Nets remaining: 2110
Finished routing net _9776_
Nets remaining: 2109
Finished routing net _9780_
Nets remaining: 2108
Finished routing net _9785_
Nets remaining: 2107
Finished routing net _9788_
Nets remaining: 2106
Finished routing net _9791_
Nets remaining: 2105
Finished routing net _9792_
Nets remaining: 2104
Finished routing net _9794_
Nets remaining: 2103
Finished routing net _9796_
Nets remaining: 2102
Finished routing net _9798_
Nets remaining: 2101
Finished routing net _9802_
Nets remaining: 2100
Finished routing net _9803_
Nets remaining: 2099
Finished routing net _9807_
Nets remaining: 2098
Finished routing net _9813_
Nets remaining: 2097
Finished routing net _9815_
Nets remaining: 2096
Finished routing net _9817_
Nets remaining: 2095
Finished routing net _9828_
Nets remaining: 2094
Finished routing net _9831_
Nets remaining: 2093
Failed to route net _9832_
Finished routing net _9843_
Nets remaining: 2092
Finished routing net _9845_
Nets remaining: 2091
Finished routing net _9846_
Nets remaining: 2090
Finished routing net _9847_
Nets remaining: 2089
Finished routing net _9851_
Nets remaining: 2088
Finished routing net _9852_
Nets remaining: 2087
Finished routing net _9853_
Nets remaining: 2086
Finished routing net _9857_
Nets remaining: 2085
Finished routing net _9859_
Nets remaining: 2084
Finished routing net _9860_
Nets remaining: 2083
Finished routing net _9863_
Nets remaining: 2082
Finished routing net _9876_
Nets remaining: 2081
Finished routing net _9878_
Nets remaining: 2080
Finished routing net _9892_
Nets remaining: 2079
Failed to route net _9896_
Finished routing net _9906_
Nets remaining: 2078
Failed to route net _9907_
Finished routing net _10760_[5]
Nets remaining: 2077
Finished routing net _9912_
Nets remaining: 2076
Finished routing net _9919_
Nets remaining: 2075
Finished routing net _9921_
Nets remaining: 2074
Finished routing net _9923_
Nets remaining: 2073
Finished routing net _9925_
Nets remaining: 2072
Finished routing net _9928_
Nets remaining: 2071
Finished routing net _9932_
Nets remaining: 2070
Finished routing net _9933_
Nets remaining: 2069
Finished routing net _9937_
Nets remaining: 2068
Failed to route net _9938_
Finished routing net _9941_
Nets remaining: 2067
Finished routing net _9943_
Nets remaining: 2066
Finished routing net _9944_
Nets remaining: 2065
Finished routing net _9946_
Nets remaining: 2064
Finished routing net _9950_
Nets remaining: 2063
Finished routing net _9954_
Nets remaining: 2062
Finished routing net _9957_
Nets remaining: 2061
Finished routing net _9960_
Nets remaining: 2060
Finished routing net _9962_
Nets remaining: 2059
Finished routing net _9967_
Nets remaining: 2058
Finished routing net _9969_
Nets remaining: 2057
Finished routing net _9970_
Nets remaining: 2056
Finished routing net _9974_
Nets remaining: 2055
Finished routing net _9976_
Nets remaining: 2054
Finished routing net _9977_
Nets remaining: 2053
Finished routing net _9992_
Nets remaining: 2052
Finished routing net _9993_
Nets remaining: 2051
Finished routing net _10000_
Nets remaining: 2050
Finished routing net _10001_
Nets remaining: 2049
Finished routing net _10003_
Nets remaining: 2048
Finished routing net _10013_
Nets remaining: 2047
Finished routing net _10014_
Nets remaining: 2046
Finished routing net _10016_
Nets remaining: 2045
Finished routing net _10760_[6]
Nets remaining: 2044
Finished routing net _10027_
Nets remaining: 2043
Finished routing net _10028_
Nets remaining: 2042
Finished routing net _10038_
Nets remaining: 2041
Finished routing net _10041_
Nets remaining: 2040
Finished routing net _10050_
Nets remaining: 2039
Finished routing net _10057_
Nets remaining: 2038
Finished routing net _10059_
Nets remaining: 2037
Finished routing net _10061_
Nets remaining: 2036
Finished routing net _10064_
Nets remaining: 2035
Failed to route net _10068_
Finished routing net _10070_
Nets remaining: 2034
Finished routing net _10077_
Nets remaining: 2033
Finished routing net _10080_
Nets remaining: 2032
Finished routing net _10086_
Nets remaining: 2031
Finished routing net _10090_
Nets remaining: 2030
Failed to route net _10094_
Finished routing net _10097_
Nets remaining: 2029
Finished routing net _10103_
Nets remaining: 2028
Finished routing net _10105_
Nets remaining: 2027
Finished routing net _10109_
Nets remaining: 2026
Finished routing net _10113_
Nets remaining: 2025
Finished routing net _10116_
Nets remaining: 2024
Finished routing net _10121_
Nets remaining: 2023
Finished routing net _10760_[7]
Nets remaining: 2022
Finished routing net _10122_
Nets remaining: 2021
Failed to route net _10123_
Finished routing net _10124_
Nets remaining: 2020
Finished routing net _10126_
Nets remaining: 2019
Finished routing net _10128_
Nets remaining: 2018
Finished routing net _10132_
Nets remaining: 2017
Finished routing net _10137_
Nets remaining: 2016
Finished routing net _10139_
Nets remaining: 2015
Finished routing net _10140_
Nets remaining: 2014
Finished routing net _10143_
Nets remaining: 2013
Finished routing net _10145_
Nets remaining: 2012
Finished routing net _10151_
Nets remaining: 2011
Finished routing net _10158_
Nets remaining: 2010
Finished routing net _10161_
Nets remaining: 2009
Finished routing net _10163_
Nets remaining: 2008
Finished routing net _10165_
Nets remaining: 2007
Finished routing net _10168_
Nets remaining: 2006
Finished routing net _10181_
Nets remaining: 2005
Finished routing net _10187_
Nets remaining: 2004
Failed to route net _10191_
Finished routing net _10192_
Nets remaining: 2003
Finished routing net _10194_
Nets remaining: 2002
Finished routing net _10198_
Nets remaining: 2001
Finished routing net _10202_
Nets remaining: 2000
Finished routing net _10203_
Nets remaining: 1999
Finished routing net _10205_
Nets remaining: 1998
Finished routing net _10208_
Nets remaining: 1997
Finished routing net _10213_
Nets remaining: 1996
Finished routing net _10760_[8]
Nets remaining: 1995
Finished routing net _10222_
Nets remaining: 1994
Finished routing net _10223_
Nets remaining: 1993
Finished routing net _10224_
Nets remaining: 1992
Finished routing net _10227_
Nets remaining: 1991
Finished routing net _10229_
Nets remaining: 1990
Finished routing net _10235_
Nets remaining: 1989
Finished routing net _10237_
Nets remaining: 1988
Finished routing net _10243_
Nets remaining: 1987
Finished routing net _10245_
Nets remaining: 1986
Finished routing net _10246_
Nets remaining: 1985
Finished routing net _10248_
Nets remaining: 1984
Finished routing net _10250_
Nets remaining: 1983
Finished routing net _10252_
Nets remaining: 1982
Finished routing net _10253_
Nets remaining: 1981
Failed to route net _10255_
Finished routing net _10257_
Nets remaining: 1980
Finished routing net _10259_
Nets remaining: 1979
Finished routing net _10261_
Nets remaining: 1978
Finished routing net _10265_
Nets remaining: 1977
Finished routing net _10268_
Nets remaining: 1976
Finished routing net _10277_
Nets remaining: 1975
Finished routing net _10279_
Nets remaining: 1974
Failed to route net _10281_
Finished routing net _10287_
Nets remaining: 1973
Finished routing net _10288_
Nets remaining: 1972
Finished routing net _10292_
Nets remaining: 1971
Finished routing net _10296_
Nets remaining: 1970
Finished routing net _10297_
Nets remaining: 1969
Failed to route net _10300_
Finished routing net _10301_
Nets remaining: 1968
Finished routing net _10303_
Nets remaining: 1967
Finished routing net _10307_
Nets remaining: 1966
Finished routing net _10315_
Nets remaining: 1965
Finished routing net _10316_
Nets remaining: 1964
Finished routing net _10319_
Nets remaining: 1963
Finished routing net _10760_[9]
Nets remaining: 1962
Finished routing net _10324_
Nets remaining: 1961
Finished routing net _10325_
Nets remaining: 1960
Finished routing net _10326_
Nets remaining: 1959
Finished routing net _10328_
Nets remaining: 1958
Finished routing net _10332_
Nets remaining: 1957
Finished routing net _10336_
Nets remaining: 1956
Failed to route net _10344_
Finished routing net _10348_
Nets remaining: 1955
Failed to route net _10350_
Finished routing net _10355_
Nets remaining: 1954
Failed to route net _10376_
Finished routing net _10760_[10]
Nets remaining: 1953
Finished routing net _10378_
Nets remaining: 1952
Finished routing net _10379_
Nets remaining: 1951
Finished routing net _10381_
Nets remaining: 1950
Finished routing net _10382_
Nets remaining: 1949
Finished routing net _10384_
Nets remaining: 1948
Failed to route net _10390_
Finished routing net _10396_
Nets remaining: 1947
Finished routing net _10400_
Nets remaining: 1946
Finished routing net _10402_
Nets remaining: 1945
Failed to route net _10405_
Finished routing net _10407_
Nets remaining: 1944
Failed to route net _10409_
Finished routing net _10412_
Nets remaining: 1943
Failed to route net _10417_
Finished routing net _10418_
Nets remaining: 1942
Finished routing net _10419_
Nets remaining: 1941
Finished routing net _10424_
Nets remaining: 1940
Finished routing net _10434_
Nets remaining: 1939
Failed to route net _10760_[11]
Finished routing net _10435_
Nets remaining: 1938
Finished routing net _10436_
Nets remaining: 1937
Failed to route net _10439_
Finished routing net _10443_
Nets remaining: 1936
Finished routing net _10444_
Nets remaining: 1935
Finished routing net _10450_
Nets remaining: 1934
Finished routing net _10451_
Nets remaining: 1933
Finished routing net _10454_
Nets remaining: 1932
Finished routing net _10456_
Nets remaining: 1931
Finished routing net _10458_
Nets remaining: 1930
Finished routing net _10760_[15]
Nets remaining: 1929
Finished routing net _10462_
Nets remaining: 1928
Finished routing net _10760_[12]
Nets remaining: 1927
Finished routing net _10464_
Nets remaining: 1926
Finished routing net _10760_[13]
Nets remaining: 1925
Finished routing net _10465_
Nets remaining: 1924
Failed to route net _10760_[14]
Finished routing net _10467_
Nets remaining: 1923
Finished routing net _10468_
Nets remaining: 1922
Finished routing net _10469_
Nets remaining: 1921
Finished routing net _10473_
Nets remaining: 1920
Failed to route net _10475_
Finished routing net _10478_
Nets remaining: 1919
Finished routing net _10484_
Nets remaining: 1918
Failed to route net _10485_
Finished routing net _10486_
Nets remaining: 1917
Finished routing net _10488_
Nets remaining: 1916
Finished routing net _10491_
Nets remaining: 1915
Finished routing net _10494_
Nets remaining: 1914
Finished routing net _10495_
Nets remaining: 1913
Finished routing net _10496_
Nets remaining: 1912
Finished routing net _10501_
Nets remaining: 1911
Finished routing net _10502_
Nets remaining: 1910
Failed to route net _10509_
Finished routing net _10510_
Nets remaining: 1909
Finished routing net _10512_
Nets remaining: 1908
Finished routing net _10523_
Nets remaining: 1907
Failed to route net _10525_
Finished routing net _10528_
Nets remaining: 1906
Finished routing net _10530_
Nets remaining: 1905
Finished routing net _10534_
Nets remaining: 1904
Finished routing net _10535_
Nets remaining: 1903
Finished routing net _10541_
Nets remaining: 1902
Finished routing net _10761_[0]
Nets remaining: 1901
Finished routing net _10544_
Nets remaining: 1900
Failed to route net _10545_
Failed to route net _10550_
Finished routing net _10552_
Nets remaining: 1899
Finished routing net _10555_
Nets remaining: 1898
Failed to route net _10556_
Finished routing net _10560_
Nets remaining: 1897
Finished routing net _10561_
Nets remaining: 1896
Finished routing net _10572_
Nets remaining: 1895
Failed to route net _10575_
Finished routing net _10579_
Nets remaining: 1894
Finished routing net _10761_[1]
Nets remaining: 1893
Finished routing net _10582_
Nets remaining: 1892
Failed to route net _10585_
Finished routing net _10587_
Nets remaining: 1891
Finished routing net _10588_
Nets remaining: 1890
Finished routing net _10594_
Nets remaining: 1889
Finished routing net _10597_
Nets remaining: 1888
Finished routing net _10602_
Nets remaining: 1887
Finished routing net _10603_
Nets remaining: 1886
Finished routing net _10609_
Nets remaining: 1885
Finished routing net _10761_[2]
Nets remaining: 1884
Finished routing net _10613_
Nets remaining: 1883
Finished routing net _10614_
Nets remaining: 1882
Finished routing net _10617_
Nets remaining: 1881
Finished routing net _10619_
Nets remaining: 1880
Finished routing net _10620_
Nets remaining: 1879
Finished routing net _10625_
Nets remaining: 1878
Finished routing net _10626_
Nets remaining: 1877
Finished routing net _10632_
Nets remaining: 1876
Finished routing net _10761_[3]
Nets remaining: 1875
Finished routing net _10634_
Nets remaining: 1874
Finished routing net _10639_
Nets remaining: 1873
Finished routing net _10640_
Nets remaining: 1872
Finished routing net _10642_
Nets remaining: 1871
Finished routing net _10647_
Nets remaining: 1870
Finished routing net _10648_
Nets remaining: 1869
Finished routing net _10649_
Nets remaining: 1868
Finished routing net _10650_
Nets remaining: 1867
Finished routing net _10655_
Nets remaining: 1866
Finished routing net _10656_
Nets remaining: 1865
Finished routing net _10761_[4]
Nets remaining: 1864
Finished routing net _10657_
Nets remaining: 1863
Failed to route net _10660_
Finished routing net _10661_
Nets remaining: 1862
Failed to route net _10665_
Finished routing net _10666_
Nets remaining: 1861
Failed to route net _10667_
Finished routing net _10668_
Nets remaining: 1860
Finished routing net _10673_
Nets remaining: 1859
Finished routing net _10679_
Nets remaining: 1858
Finished routing net _10685_
Nets remaining: 1857
Finished routing net _10687_
Nets remaining: 1856
Finished routing net _10761_[5]
Nets remaining: 1855
Finished routing net _10690_
Nets remaining: 1854
Finished routing net _10693_
Nets remaining: 1853
Finished routing net _10694_
Nets remaining: 1852
Finished routing net _10695_
Nets remaining: 1851
Finished routing net _10698_
Nets remaining: 1850
Finished routing net _10706_
Nets remaining: 1849
Finished routing net _10708_
Nets remaining: 1848
Finished routing net _10710_
Nets remaining: 1847
Finished routing net _10761_[6]
Nets remaining: 1846
Finished routing net _10711_
Nets remaining: 1845
Finished routing net _10712_
Nets remaining: 1844
Finished routing net _10713_
Nets remaining: 1843
Finished routing net _10719_
Nets remaining: 1842
Finished routing net _10720_
Nets remaining: 1841
Finished routing net _10722_
Nets remaining: 1840
Finished routing net _10723_
Nets remaining: 1839
Finished routing net _10726_
Nets remaining: 1838
Finished routing net _10727_
Nets remaining: 1837
Finished routing net _10734_
Nets remaining: 1836
Finished routing net _10761_[7]
Nets remaining: 1835
Finished routing net _10735_
Nets remaining: 1834
Finished routing net _10737_
Nets remaining: 1833
Finished routing net _10740_
Nets remaining: 1832
Finished routing net _10742_
Nets remaining: 1831
Finished routing net _10743_
Nets remaining: 1830
Finished routing net _10745_
Nets remaining: 1829
Finished routing net _0_
Nets remaining: 1828
Finished routing net _1_
Nets remaining: 1827
Finished routing net _2_
Nets remaining: 1826
Finished routing net _3_
Nets remaining: 1825
Finished routing net _7_
Nets remaining: 1824
Finished routing net _10761_[8]
Nets remaining: 1823
Failed to route net _8_
Finished routing net _15_
Nets remaining: 1822
Finished routing net _18_
Nets remaining: 1821
Finished routing net _19_
Nets remaining: 1820
Finished routing net _21_
Nets remaining: 1819
Finished routing net _22_
Nets remaining: 1818
Finished routing net _30_
Nets remaining: 1817
Finished routing net _34_
Nets remaining: 1816
Finished routing net _10761_[9]
Nets remaining: 1815
Finished routing net _38_
Nets remaining: 1814
Finished routing net _42_
Nets remaining: 1813
Finished routing net _49_
Nets remaining: 1812
Finished routing net _50_
Nets remaining: 1811
Finished routing net _58_
Nets remaining: 1810
Finished routing net _10761_[10]
Nets remaining: 1809
Finished routing net _59_
Nets remaining: 1808
Failed to route net _60_
Finished routing net _63_
Nets remaining: 1807
Failed to route net _64_
Finished routing net _66_
Nets remaining: 1806
Finished routing net _71_
Nets remaining: 1805
Finished routing net _74_
Nets remaining: 1804
Finished routing net _75_
Nets remaining: 1803
Finished routing net _76_
Nets remaining: 1802
Finished routing net _80_
Nets remaining: 1801
Failed to route net _88_
Finished routing net _10761_[11]
Nets remaining: 1800
Finished routing net _89_
Nets remaining: 1799
Failed to route net _90_
Finished routing net _91_
Nets remaining: 1798
Finished routing net _93_
Nets remaining: 1797
Failed to route net _95_
Finished routing net _96_
Nets remaining: 1796
Finished routing net _98_
Nets remaining: 1795
Finished routing net _99_
Nets remaining: 1794
Finished routing net _100_
Nets remaining: 1793
Finished routing net _102_
Nets remaining: 1792
Finished routing net _104_
Nets remaining: 1791
Finished routing net _106_
Nets remaining: 1790
Finished routing net _10761_[15]
Nets remaining: 1789
Finished routing net _110_
Nets remaining: 1788
Finished routing net _10761_[12]
Nets remaining: 1787
Finished routing net _111_
Nets remaining: 1786
Finished routing net _10761_[13]
Nets remaining: 1785
Finished routing net _112_
Nets remaining: 1784
Failed to route net _10761_[14]
Finished routing net _115_
Nets remaining: 1783
Finished routing net _117_
Nets remaining: 1782
Finished routing net _118_
Nets remaining: 1781
Finished routing net _121_
Nets remaining: 1780
Finished routing net _124_
Nets remaining: 1779
Finished routing net _130_
Nets remaining: 1778
Finished routing net _135_
Nets remaining: 1777
Finished routing net _140_
Nets remaining: 1776
Finished routing net _147_
Nets remaining: 1775
Finished routing net _149_
Nets remaining: 1774
Finished routing net _152_
Nets remaining: 1773
Finished routing net _155_
Nets remaining: 1772
Finished routing net _159_
Nets remaining: 1771
Finished routing net _10758_[0]
Nets remaining: 1770
Finished routing net _161_
Nets remaining: 1769
Finished routing net _162_
Nets remaining: 1768
Finished routing net _164_
Nets remaining: 1767
Finished routing net _168_
Nets remaining: 1766
Finished routing net _171_
Nets remaining: 1765
Finished routing net _175_
Nets remaining: 1764
Failed to route net _10758_[1]
Finished routing net _177_
Nets remaining: 1763
Finished routing net _178_
Nets remaining: 1762
Failed to route net _180_
Failed to route net _182_
Finished routing net _184_
Nets remaining: 1761
Finished routing net _185_
Nets remaining: 1760
Finished routing net _190_
Nets remaining: 1759
Finished routing net _194_
Nets remaining: 1758
Finished routing net _10758_[2]
Nets remaining: 1757
Finished routing net _196_
Nets remaining: 1756
Finished routing net _200_
Nets remaining: 1755
Finished routing net _203_
Nets remaining: 1754
Finished routing net _207_
Nets remaining: 1753
Finished routing net _10758_[3]
Nets remaining: 1752
Finished routing net _210_
Nets remaining: 1751
Failed to route net _212_
Finished routing net _214_
Nets remaining: 1750
Finished routing net _215_
Nets remaining: 1749
Finished routing net _222_
Nets remaining: 1748
Failed to route net _224_
Failed to route net _10758_[4]
Finished routing net _226_
Nets remaining: 1747
Finished routing net _227_
Nets remaining: 1746
Finished routing net _231_
Nets remaining: 1745
Finished routing net _233_
Nets remaining: 1744
Finished routing net _234_
Nets remaining: 1743
Finished routing net _237_
Nets remaining: 1742
Finished routing net _241_
Nets remaining: 1741
Failed to route net _243_
Failed to route net _10758_[5]
Finished routing net _244_
Nets remaining: 1740
Finished routing net _245_
Nets remaining: 1739
Finished routing net _250_
Nets remaining: 1738
Finished routing net _251_
Nets remaining: 1737
Finished routing net _259_
Nets remaining: 1736
Failed to route net _10758_[6]
Finished routing net _261_
Nets remaining: 1735
Finished routing net _263_
Nets remaining: 1734
Finished routing net _266_
Nets remaining: 1733
Finished routing net _268_
Nets remaining: 1732
Finished routing net _269_
Nets remaining: 1731
Finished routing net _271_
Nets remaining: 1730
Failed to route net _274_
Finished routing net _275_
Nets remaining: 1729
Finished routing net _278_
Nets remaining: 1728
Failed to route net _10758_[7]
Finished routing net _281_
Nets remaining: 1727
Finished routing net _288_
Nets remaining: 1726
Finished routing net _289_
Nets remaining: 1725
Finished routing net _290_
Nets remaining: 1724
Failed to route net _292_
Failed to route net _295_
Finished routing net _297_
Nets remaining: 1723
Finished routing net _300_
Nets remaining: 1722
Failed to route net _10758_[8]
Finished routing net _302_
Nets remaining: 1721
Finished routing net _306_
Nets remaining: 1720
Finished routing net _307_
Nets remaining: 1719
Finished routing net _309_
Nets remaining: 1718
Finished routing net _310_
Nets remaining: 1717
Finished routing net _313_
Nets remaining: 1716
Finished routing net _315_
Nets remaining: 1715
Finished routing net _319_
Nets remaining: 1714
Finished routing net _10758_[9]
Nets remaining: 1713
Failed to route net _320_
Finished routing net _323_
Nets remaining: 1712
Finished routing net _326_
Nets remaining: 1711
Finished routing net _329_
Nets remaining: 1710
Finished routing net _330_
Nets remaining: 1709
Failed to route net _335_
Failed to route net _10758_[10]
Finished routing net _337_
Nets remaining: 1708
Finished routing net _339_
Nets remaining: 1707
Finished routing net _349_
Nets remaining: 1706
Failed to route net _351_
Finished routing net _10758_[11]
Nets remaining: 1705
Finished routing net _352_
Nets remaining: 1704
Failed to route net _354_
Failed to route net _355_
Finished routing net _356_
Nets remaining: 1703
Finished routing net _357_
Nets remaining: 1702
Finished routing net _358_
Nets remaining: 1701
Finished routing net _359_
Nets remaining: 1700
Finished routing net _10758_[12]
Nets remaining: 1699
Finished routing net _10758_[13]
Nets remaining: 1698
Finished routing net _10758_[14]
Nets remaining: 1697
Finished routing net _364_
Nets remaining: 1696
Finished routing net _366_
Nets remaining: 1695
Finished routing net _367_
Nets remaining: 1694
Finished routing net _370_
Nets remaining: 1693
Finished routing net _373_
Nets remaining: 1692
Finished routing net _379_
Nets remaining: 1691
Finished routing net _383_
Nets remaining: 1690
Finished routing net _388_
Nets remaining: 1689
Finished routing net _395_
Nets remaining: 1688
Finished routing net _397_
Nets remaining: 1687
Finished routing net _400_
Nets remaining: 1686
Finished routing net _403_
Nets remaining: 1685
Finished routing net _407_
Nets remaining: 1684
Failed to route net _10759_[0]
Finished routing net _409_
Nets remaining: 1683
Finished routing net _410_
Nets remaining: 1682
Finished routing net _412_
Nets remaining: 1681
Finished routing net _416_
Nets remaining: 1680
Finished routing net _419_
Nets remaining: 1679
Finished routing net _423_
Nets remaining: 1678
Failed to route net _10759_[1]
Failed to route net _425_
Failed to route net _426_
Finished routing net _428_
Nets remaining: 1677
Finished routing net _430_
Nets remaining: 1676
Finished routing net _432_
Nets remaining: 1675
Failed to route net _433_
Finished routing net _438_
Nets remaining: 1674
Failed to route net _442_
Finished routing net _10759_[2]
Nets remaining: 1673
Finished routing net _444_
Nets remaining: 1672
Finished routing net _448_
Nets remaining: 1671
Finished routing net _451_
Nets remaining: 1670
Finished routing net _453_
Nets remaining: 1669
Failed to route net _458_
Finished routing net _10759_[3]
Nets remaining: 1668
Finished routing net _460_
Nets remaining: 1667
Finished routing net _462_
Nets remaining: 1666
Finished routing net _464_
Nets remaining: 1665
Finished routing net _471_
Nets remaining: 1664
Failed to route net _473_
Finished routing net _10759_[4]
Nets remaining: 1663
Finished routing net _475_
Nets remaining: 1662
Finished routing net _478_
Nets remaining: 1661
Finished routing net _481_
Nets remaining: 1660
Finished routing net _483_
Nets remaining: 1659
Finished routing net _484_
Nets remaining: 1658
Finished routing net _488_
Nets remaining: 1657
Finished routing net _491_
Nets remaining: 1656
Finished routing net _493_
Nets remaining: 1655
Failed to route net _10759_[5]
Finished routing net _494_
Nets remaining: 1654
Finished routing net _495_
Nets remaining: 1653
Finished routing net _498_
Nets remaining: 1652
Finished routing net _501_
Nets remaining: 1651
Failed to route net _502_
Finished routing net _511_
Nets remaining: 1650
Finished routing net _10759_[6]
Nets remaining: 1649
Failed to route net _512_
Finished routing net _514_
Nets remaining: 1648
Finished routing net _517_
Nets remaining: 1647
Finished routing net _520_
Nets remaining: 1646
Finished routing net _521_
Nets remaining: 1645
Finished routing net _522_
Nets remaining: 1644
Finished routing net _525_
Nets remaining: 1643
Finished routing net _526_
Nets remaining: 1642
Failed to route net _530_
Finished routing net _10759_[7]
Nets remaining: 1641
Finished routing net _532_
Nets remaining: 1640
Failed to route net _537_
Finished routing net _538_
Nets remaining: 1639
Finished routing net _540_
Nets remaining: 1638
Finished routing net _543_
Nets remaining: 1637
Finished routing net _545_
Nets remaining: 1636
Failed to route net _548_
Failed to route net _10759_[8]
Finished routing net _550_
Nets remaining: 1635
Finished routing net _552_
Nets remaining: 1634
Finished routing net _556_
Nets remaining: 1633
Finished routing net _557_
Nets remaining: 1632
Finished routing net _559_
Nets remaining: 1631
Finished routing net _562_
Nets remaining: 1630
Finished routing net _566_
Nets remaining: 1629
Failed to route net _568_
Failed to route net _10759_[9]
Finished routing net _571_
Nets remaining: 1628
Finished routing net _574_
Nets remaining: 1627
Finished routing net _577_
Nets remaining: 1626
Finished routing net _578_
Nets remaining: 1625
Finished routing net _583_
Nets remaining: 1624
Failed to route net _10759_[10]
Finished routing net _584_
Nets remaining: 1623
Finished routing net _586_
Nets remaining: 1622
Finished routing net _590_
Nets remaining: 1621
Finished routing net _596_
Nets remaining: 1620
Failed to route net _598_
Finished routing net _10759_[11]
Nets remaining: 1619
Finished routing net _599_
Nets remaining: 1618
Finished routing net _600_
Nets remaining: 1617
Finished routing net _602_
Nets remaining: 1616
Failed to route net _603_
Finished routing net _604_
Nets remaining: 1615
Finished routing net _605_
Nets remaining: 1614
Finished routing net _606_
Nets remaining: 1613
Finished routing net _10759_[12]
Nets remaining: 1612
Finished routing net _10759_[13]
Nets remaining: 1611
Finished routing net _10759_[14]
Nets remaining: 1610
Finished routing net _613_
Nets remaining: 1609
Failed to route net _618_
Finished routing net _622_
Nets remaining: 1608
Finished routing net _623_
Nets remaining: 1607
Finished routing net _624_
Nets remaining: 1606
Finished routing net _10756_[0]
Nets remaining: 1605
Failed to route net _627_
Finished routing net _630_
Nets remaining: 1604
Finished routing net _632_
Nets remaining: 1603
Finished routing net _633_
Nets remaining: 1602
Finished routing net _634_
Nets remaining: 1601
Finished routing net _636_
Nets remaining: 1600
Finished routing net _638_
Nets remaining: 1599
Finished routing net _639_
Nets remaining: 1598
Finished routing net _642_
Nets remaining: 1597
Failed to route net _643_
Failed to route net _644_
Finished routing net _10756_[1]
Nets remaining: 1596
Finished routing net _647_
Nets remaining: 1595
Finished routing net _652_
Nets remaining: 1594
Finished routing net _654_
Nets remaining: 1593
Failed to route net _655_
Finished routing net _656_
Nets remaining: 1592
Finished routing net _657_
Nets remaining: 1591
Failed to route net _10756_[2]
Failed to route net _658_
Failed to route net _664_
Finished routing net _666_
Nets remaining: 1590
Finished routing net _10756_[3]
Nets remaining: 1589
Failed to route net _669_
Finished routing net _672_
Nets remaining: 1588
Failed to route net _10756_[4]
Failed to route net _673_
Finished routing net _674_
Nets remaining: 1587
Finished routing net _676_
Nets remaining: 1586
Failed to route net _678_
Finished routing net _679_
Nets remaining: 1585
Finished routing net _681_
Nets remaining: 1584
Finished routing net _682_
Nets remaining: 1583
Finished routing net _683_
Nets remaining: 1582
Failed to route net _684_
Finished routing net _687_
Nets remaining: 1581
Failed to route net _689_
Finished routing net _10756_[5]
Nets remaining: 1580
Finished routing net _693_
Nets remaining: 1579
Failed to route net _695_
Finished routing net _10756_[6]
Nets remaining: 1578
Failed to route net _697_
Failed to route net _703_
Failed to route net _10756_[7]
Finished routing net _709_
Nets remaining: 1577
Finished routing net _712_
Nets remaining: 1576
Finished routing net _10756_[8]
Nets remaining: 1575
Finished routing net _716_
Nets remaining: 1574
Finished routing net _718_
Nets remaining: 1573
Finished routing net _724_
Nets remaining: 1572
Failed to route net _10756_[9]
Finished routing net _726_
Nets remaining: 1571
Finished routing net _731_
Nets remaining: 1570
Finished routing net _10756_[10]
Nets remaining: 1569
Finished routing net _733_
Nets remaining: 1568
Finished routing net _734_
Nets remaining: 1567
Finished routing net _735_
Nets remaining: 1566
Finished routing net _736_
Nets remaining: 1565
Finished routing net _737_
Nets remaining: 1564
Finished routing net _738_
Nets remaining: 1563
Finished routing net _739_
Nets remaining: 1562
Finished routing net _741_
Nets remaining: 1561
Failed to route net _743_
Finished routing net _745_
Nets remaining: 1560
Finished routing net _747_
Nets remaining: 1559
Finished routing net _749_
Nets remaining: 1558
Finished routing net _10756_[11]
Nets remaining: 1557
Finished routing net _752_
Nets remaining: 1556
Finished routing net _753_
Nets remaining: 1555
Finished routing net _10756_[15]
Nets remaining: 1554
Finished routing net _755_
Nets remaining: 1553
Failed to route net _10756_[12]
Failed to route net _757_
Failed to route net _10756_[13]
Finished routing net _759_
Nets remaining: 1552
Finished routing net _10756_[14]
Nets remaining: 1551
Failed to route net _762_
Finished routing net _765_
Nets remaining: 1550
Finished routing net _770_
Nets remaining: 1549
Finished routing net _10757_[0]
Nets remaining: 1548
Finished routing net _772_
Nets remaining: 1547
Finished routing net _773_
Nets remaining: 1546
Finished routing net _776_
Nets remaining: 1545
Finished routing net _779_
Nets remaining: 1544
Failed to route net _10757_[1]
Finished routing net _780_
Nets remaining: 1543
Failed to route net _781_
Finished routing net _782_
Nets remaining: 1542
Finished routing net _784_
Nets remaining: 1541
Finished routing net _786_
Nets remaining: 1540
Failed to route net _787_
Finished routing net _790_
Nets remaining: 1539
Failed to route net _791_
Finished routing net _792_
Nets remaining: 1538
Finished routing net _795_
Nets remaining: 1537
Finished routing net _797_
Nets remaining: 1536
Finished routing net _798_
Nets remaining: 1535
Finished routing net _800_
Nets remaining: 1534
Finished routing net _801_
Nets remaining: 1533
Failed to route net _10757_[2]
Finished routing net _802_
Nets remaining: 1532
Finished routing net _803_
Nets remaining: 1531
Failed to route net _804_
Finished routing net _808_
Nets remaining: 1530
Finished routing net _811_
Nets remaining: 1529
Failed to route net _10757_[3]
Finished routing net _813_
Nets remaining: 1528
Finished routing net _815_
Nets remaining: 1527
Finished routing net _10757_[4]
Nets remaining: 1526
Finished routing net _817_
Nets remaining: 1525
Failed to route net _819_
Finished routing net _820_
Nets remaining: 1524
Finished routing net _821_
Nets remaining: 1523
Failed to route net _824_
Failed to route net _10757_[5]
Finished routing net _825_
Nets remaining: 1522
Finished routing net _826_
Nets remaining: 1521
Finished routing net _827_
Nets remaining: 1520
Finished routing net _829_
Nets remaining: 1519
Finished routing net _833_
Nets remaining: 1518
Finished routing net _835_
Nets remaining: 1517
Finished routing net _10757_[6]
Nets remaining: 1516
Finished routing net _837_
Nets remaining: 1515
Finished routing net _844_
Nets remaining: 1514
Failed to route net _10757_[7]
Finished routing net _852_
Nets remaining: 1513
Failed to route net _10757_[8]
Finished routing net _854_
Nets remaining: 1512
Finished routing net _856_
Nets remaining: 1511
Finished routing net _859_
Nets remaining: 1510
Finished routing net _10757_[9]
Nets remaining: 1509
Finished routing net _861_
Nets remaining: 1508
Failed to route net _863_
Finished routing net _865_
Nets remaining: 1507
Finished routing net _867_
Nets remaining: 1506
Finished routing net _873_
Nets remaining: 1505
Failed to route net _10757_[10]
Failed to route net _875_
Failed to route net _876_
Finished routing net _877_
Nets remaining: 1504
Failed to route net _879_
Finished routing net _880_
Nets remaining: 1503
Failed to route net _881_
Failed to route net _883_
Failed to route net _885_
Finished routing net _887_
Nets remaining: 1502
Finished routing net _890_
Nets remaining: 1501
Failed to route net _10757_[11]
Finished routing net _892_
Nets remaining: 1500
Finished routing net _893_
Nets remaining: 1499
Finished routing net _10757_[15]
Nets remaining: 1498
Failed to route net _895_
Failed to route net _10757_[12]
Failed to route net _898_
Failed to route net _10757_[13]
Finished routing net _899_
Nets remaining: 1497
Failed to route net _10757_[14]
Finished routing net _900_
Nets remaining: 1496
Finished routing net _902_
Nets remaining: 1495
Failed to route net _908_
Finished routing net _10754_[0]
Nets remaining: 1494
Finished routing net _910_
Nets remaining: 1493
Finished routing net _911_
Nets remaining: 1492
Finished routing net _912_
Nets remaining: 1491
Failed to route net _915_
Finished routing net _10754_[1]
Nets remaining: 1490
Finished routing net _917_
Nets remaining: 1489
Finished routing net _918_
Nets remaining: 1488
Finished routing net _919_
Nets remaining: 1487
Finished routing net _922_
Nets remaining: 1486
Finished routing net _10754_[2]
Nets remaining: 1485
Finished routing net _923_
Nets remaining: 1484
Finished routing net _927_
Nets remaining: 1483
Failed to route net _10754_[3]
Finished routing net _928_
Nets remaining: 1482
Finished routing net _930_
Nets remaining: 1481
Failed to route net _932_
Finished routing net _10754_[4]
Nets remaining: 1480
Failed to route net _933_
Failed to route net _936_
Finished routing net _938_
Nets remaining: 1479
Finished routing net _10754_[5]
Nets remaining: 1478
Finished routing net _939_
Nets remaining: 1477
Finished routing net _940_
Nets remaining: 1476
Finished routing net _943_
Nets remaining: 1475
Failed to route net _10754_[6]
Failed to route net _945_
Finished routing net _948_
Nets remaining: 1474
Finished routing net _10754_[7]
Nets remaining: 1473
Failed to route net _949_
Finished routing net _952_
Nets remaining: 1472
Failed to route net _10754_[8]
Finished routing net _954_
Nets remaining: 1471
Finished routing net _955_
Nets remaining: 1470
Finished routing net _958_
Nets remaining: 1469
Finished routing net _10754_[9]
Nets remaining: 1468
Finished routing net _959_
Nets remaining: 1467
Finished routing net _963_
Nets remaining: 1466
Finished routing net _10754_[10]
Nets remaining: 1465
Finished routing net _965_
Nets remaining: 1464
Finished routing net _968_
Nets remaining: 1463
Failed to route net _10754_[11]
Finished routing net _969_
Nets remaining: 1462
Finished routing net _970_
Nets remaining: 1461
Finished routing net _972_
Nets remaining: 1460
Failed to route net _10754_[12]
Failed to route net _10754_[13]
Failed to route net _10754_[14]
Finished routing net _974_
Nets remaining: 1459
Finished routing net _975_
Nets remaining: 1458
Finished routing net _977_
Nets remaining: 1457
Finished routing net _984_
Nets remaining: 1456
Finished routing net _10755_[0]
Nets remaining: 1455
Finished routing net _986_
Nets remaining: 1454
Finished routing net _987_
Nets remaining: 1453
Failed to route net _989_
Finished routing net _992_
Nets remaining: 1452
Failed to route net _10755_[1]
Failed to route net _993_
Finished routing net _994_
Nets remaining: 1451
Failed to route net _995_
Finished routing net _999_
Nets remaining: 1450
Failed to route net _10755_[2]
Finished routing net _1000_
Nets remaining: 1449
Finished routing net _1003_
Nets remaining: 1448
Failed to route net _10755_[3]
Finished routing net _1004_
Nets remaining: 1447
Finished routing net _1006_
Nets remaining: 1446
Failed to route net _1009_
Finished routing net _10755_[4]
Nets remaining: 1445
Failed to route net _1010_
Failed to route net _1012_
Failed to route net _1014_
Failed to route net _10755_[5]
Failed to route net _1015_
Failed to route net _1017_
Failed to route net _1020_
Finished routing net _10755_[6]
Nets remaining: 1444
Finished routing net _1021_
Nets remaining: 1443
Finished routing net _1024_
Nets remaining: 1442
Failed to route net _10755_[7]
Failed to route net _1026_
Finished routing net _1029_
Nets remaining: 1441
Finished routing net _10755_[8]
Nets remaining: 1440
Finished routing net _1030_
Nets remaining: 1439
Finished routing net _1031_
Nets remaining: 1438
Failed to route net _1034_
Failed to route net _10755_[9]
Failed to route net _1036_
Finished routing net _1039_
Nets remaining: 1437
Failed to route net _10755_[10]
Finished routing net _1041_
Nets remaining: 1436
Finished routing net _1045_
Nets remaining: 1435
Failed to route net _10755_[11]
Finished routing net _1046_
Nets remaining: 1434
Finished routing net _1047_
Nets remaining: 1433
Finished routing net _10755_[12]
Nets remaining: 1432
Finished routing net _10755_[13]
Nets remaining: 1431
Finished routing net _10755_[14]
Nets remaining: 1430
Failed to route net _1051_
Failed to route net _1056_
Finished routing net _1060_
Nets remaining: 1429
Failed to route net _1062_
Finished routing net _1065_
Nets remaining: 1428
Failed to route net _1066_
Finished routing net _10752_[0]
Nets remaining: 1427
Finished routing net _1070_
Nets remaining: 1426
Finished routing net _1072_
Nets remaining: 1425
Finished routing net _1074_
Nets remaining: 1424
Failed to route net _1075_
Failed to route net _10752_[1]
Finished routing net _1077_
Nets remaining: 1423
Finished routing net _1079_
Nets remaining: 1422
Finished routing net _1085_
Nets remaining: 1421
Failed to route net _1087_
Failed to route net _1088_
Finished routing net _1089_
Nets remaining: 1420
Failed to route net _1090_
Failed to route net _10752_[2]
Finished routing net _1095_
Nets remaining: 1419
Finished routing net _1096_
Nets remaining: 1418
Finished routing net _1098_
Nets remaining: 1417
Finished routing net _10752_[3]
Nets remaining: 1416
Finished routing net _1102_
Nets remaining: 1415
Finished routing net _1103_
Nets remaining: 1414
Finished routing net _1104_
Nets remaining: 1413
Finished routing net _1105_
Nets remaining: 1412
Finished routing net _1106_
Nets remaining: 1411
Finished routing net _1107_
Nets remaining: 1410
Failed to route net _1108_
Failed to route net _1109_
Finished routing net _1113_
Nets remaining: 1409
Finished routing net _1115_
Nets remaining: 1408
Finished routing net _10752_[4]
Nets remaining: 1407
Failed to route net _1116_
Finished routing net _1121_
Nets remaining: 1406
Finished routing net _1124_
Nets remaining: 1405
Finished routing net _1126_
Nets remaining: 1404
Finished routing net _10752_[5]
Nets remaining: 1403
Finished routing net _1129_
Nets remaining: 1402
Finished routing net _1131_
Nets remaining: 1401
Finished routing net _10752_[6]
Nets remaining: 1400
Finished routing net _1133_
Nets remaining: 1399
Finished routing net _1134_
Nets remaining: 1398
Finished routing net _1136_
Nets remaining: 1397
Failed to route net _1138_
Finished routing net _1139_
Nets remaining: 1396
Failed to route net _1140_
Finished routing net _1141_
Nets remaining: 1395
Finished routing net _1144_
Nets remaining: 1394
Failed to route net _1145_
Finished routing net _1147_
Nets remaining: 1393
Finished routing net _10752_[7]
Nets remaining: 1392
Failed to route net _1149_
Finished routing net _10752_[8]
Nets remaining: 1391
Finished routing net _1152_
Nets remaining: 1390
Finished routing net _1153_
Nets remaining: 1389
Finished routing net _1158_
Nets remaining: 1388
Finished routing net _10752_[9]
Nets remaining: 1387
Finished routing net _1160_
Nets remaining: 1386
Finished routing net _1163_
Nets remaining: 1385
Finished routing net _10752_[10]
Nets remaining: 1384
Failed to route net _1164_
Finished routing net _1167_
Nets remaining: 1383
Failed to route net _1168_
Failed to route net _1169_
Failed to route net _1170_
Finished routing net _1172_
Nets remaining: 1382
Finished routing net _1174_
Nets remaining: 1381
Failed to route net _1176_
Failed to route net _1179_
Failed to route net _10752_[11]
Failed to route net _1182_
Finished routing net _1184_
Nets remaining: 1380
Finished routing net _1185_
Nets remaining: 1379
Failed to route net _10752_[15]
Finished routing net _1187_
Nets remaining: 1378
Failed to route net _10752_[12]
Finished routing net _1189_
Nets remaining: 1377
Finished routing net _10752_[13]
Nets remaining: 1376
Finished routing net _1191_
Nets remaining: 1375
Finished routing net _10752_[14]
Nets remaining: 1374
Failed to route net _1193_
Finished routing net _1196_
Nets remaining: 1373
Finished routing net _1204_
Nets remaining: 1372
Finished routing net _1207_
Nets remaining: 1371
Finished routing net _1208_
Nets remaining: 1370
Finished routing net _10753_[0]
Nets remaining: 1369
Finished routing net _1212_
Nets remaining: 1368
Finished routing net _1213_
Nets remaining: 1367
Finished routing net _1215_
Nets remaining: 1366
Finished routing net _1216_
Nets remaining: 1365
Finished routing net _10753_[1]
Nets remaining: 1364
Finished routing net _1218_
Nets remaining: 1363
Finished routing net _1221_
Nets remaining: 1362
Finished routing net _1222_
Nets remaining: 1361
Finished routing net _1225_
Nets remaining: 1360
Finished routing net _1226_
Nets remaining: 1359
Finished routing net _1229_
Nets remaining: 1358
Finished routing net _1232_
Nets remaining: 1357
Failed to route net _1233_
Finished routing net _1234_
Nets remaining: 1356
Failed to route net _1235_
Finished routing net _10753_[2]
Nets remaining: 1355
Finished routing net _1237_
Nets remaining: 1354
Finished routing net _1239_
Nets remaining: 1353
Finished routing net _1241_
Nets remaining: 1352
Finished routing net _1243_
Nets remaining: 1351
Finished routing net _10753_[3]
Nets remaining: 1350
Finished routing net _1246_
Nets remaining: 1349
Finished routing net _1247_
Nets remaining: 1348
Finished routing net _1248_
Nets remaining: 1347
Finished routing net _1249_
Nets remaining: 1346
Finished routing net _1253_
Nets remaining: 1345
Finished routing net _1255_
Nets remaining: 1344
Finished routing net _10753_[4]
Nets remaining: 1343
Finished routing net _1256_
Nets remaining: 1342
Finished routing net _1257_
Nets remaining: 1341
Finished routing net _1262_
Nets remaining: 1340
Finished routing net _1264_
Nets remaining: 1339
Finished routing net _10753_[5]
Nets remaining: 1338
Finished routing net _1266_
Nets remaining: 1337
Finished routing net _1268_
Nets remaining: 1336
Finished routing net _10753_[6]
Nets remaining: 1335
Finished routing net _1271_
Nets remaining: 1334
Finished routing net _1272_
Nets remaining: 1333
Finished routing net _1273_
Nets remaining: 1332
Finished routing net _1275_
Nets remaining: 1331
Finished routing net _1277_
Nets remaining: 1330
Finished routing net _1278_
Nets remaining: 1329
Failed to route net _1279_
Finished routing net _1282_
Nets remaining: 1328
Finished routing net _1283_
Nets remaining: 1327
Finished routing net _1285_
Nets remaining: 1326
Finished routing net _10753_[7]
Nets remaining: 1325
Finished routing net _1288_
Nets remaining: 1324
Finished routing net _10753_[8]
Nets remaining: 1323
Finished routing net _1291_
Nets remaining: 1322
Failed to route net _1292_
Failed to route net _1297_
Finished routing net _10753_[9]
Nets remaining: 1321
Finished routing net _1300_
Nets remaining: 1320
Finished routing net _1302_
Nets remaining: 1319
Finished routing net _10753_[10]
Nets remaining: 1318
Finished routing net _1303_
Nets remaining: 1317
Finished routing net _1306_
Nets remaining: 1316
Finished routing net _1307_
Nets remaining: 1315
Finished routing net _1308_
Nets remaining: 1314
Failed to route net _1310_
Failed to route net _1311_
Finished routing net _1313_
Nets remaining: 1313
Finished routing net _1315_
Nets remaining: 1312
Failed to route net _1318_
Finished routing net _10753_[11]
Nets remaining: 1311
Finished routing net _1321_
Nets remaining: 1310
Failed to route net _1323_
Failed to route net _1324_
Failed to route net _10753_[15]
Failed to route net _1326_
Finished routing net _10753_[12]
Nets remaining: 1309
Finished routing net _1329_
Nets remaining: 1308
Failed to route net _10753_[13]
Failed to route net _1330_
Finished routing net _10753_[14]
Nets remaining: 1307
Finished routing net _1331_
Nets remaining: 1306
Finished routing net _1332_
Nets remaining: 1305
Finished routing net _1338_
Nets remaining: 1304
Finished routing net _10750_[0]
Nets remaining: 1303
Finished routing net _1340_
Nets remaining: 1302
Failed to route net _1341_
Finished routing net _1342_
Nets remaining: 1301
Finished routing net _1343_
Nets remaining: 1300
Finished routing net _1346_
Nets remaining: 1299
Finished routing net _10750_[1]
Nets remaining: 1298
Finished routing net _1348_
Nets remaining: 1297
Finished routing net _1349_
Nets remaining: 1296
Finished routing net _1350_
Nets remaining: 1295
Finished routing net _1351_
Nets remaining: 1294
Failed to route net _1354_
Failed to route net _10750_[2]
Finished routing net _1355_
Nets remaining: 1293
Finished routing net _1357_
Nets remaining: 1292
Finished routing net _1360_
Nets remaining: 1291
Failed to route net _10750_[3]
Finished routing net _1361_
Nets remaining: 1290
Finished routing net _1362_
Nets remaining: 1289
Finished routing net _1364_
Nets remaining: 1288
Finished routing net _1367_
Nets remaining: 1287
Finished routing net _10750_[4]
Nets remaining: 1286
Finished routing net _1368_
Nets remaining: 1285
Finished routing net _1369_
Nets remaining: 1284
Finished routing net _1371_
Nets remaining: 1283
Failed to route net _1373_
Failed to route net _10750_[5]
Failed to route net _1374_
Finished routing net _1376_
Nets remaining: 1282
Failed to route net _1377_
Finished routing net _1380_
Nets remaining: 1281
Finished routing net _1382_
Nets remaining: 1280
Failed to route net _10750_[6]
Finished routing net _1386_
Nets remaining: 1279
Failed to route net _10750_[7]
Finished routing net _1387_
Nets remaining: 1278
Finished routing net _1388_
Nets remaining: 1277
Finished routing net _1389_
Nets remaining: 1276
Finished routing net _1392_
Nets remaining: 1275
Failed to route net _10750_[8]
Failed to route net _1393_
Finished routing net _1397_
Nets remaining: 1274
Failed to route net _10750_[9]
Finished routing net _1398_
Nets remaining: 1273
Finished routing net _1399_
Nets remaining: 1272
Finished routing net _1400_
Nets remaining: 1271
Failed to route net _1403_
Failed to route net _10750_[10]
Finished routing net _1405_
Nets remaining: 1270
Finished routing net _1406_
Nets remaining: 1269
Finished routing net _1407_
Nets remaining: 1268
Finished routing net _1410_
Nets remaining: 1267
Failed to route net _1412_
Failed to route net _10750_[11]
Finished routing net _1414_
Nets remaining: 1266
Failed to route net _1415_
Finished routing net _10750_[12]
Nets remaining: 1265
Finished routing net _10750_[13]
Nets remaining: 1264
Finished routing net _10750_[14]
Nets remaining: 1263
Failed to route net _1417_
Finished routing net _1418_
Nets remaining: 1262
Finished routing net _1424_
Nets remaining: 1261
Finished routing net _10751_[0]
Nets remaining: 1260
Finished routing net _1426_
Nets remaining: 1259
Finished routing net _1427_
Nets remaining: 1258
Finished routing net _1428_
Nets remaining: 1257
Finished routing net _1429_
Nets remaining: 1256
Finished routing net _1433_
Nets remaining: 1255
Finished routing net _10751_[1]
Nets remaining: 1254
Failed to route net _1434_
Finished routing net _1435_
Nets remaining: 1253
Finished routing net _1436_
Nets remaining: 1252
Finished routing net _1437_
Nets remaining: 1251
Failed to route net _1441_
Finished routing net _10751_[2]
Nets remaining: 1250
Failed to route net _1442_
Finished routing net _1443_
Nets remaining: 1249
Failed to route net _1446_
Finished routing net _10751_[3]
Nets remaining: 1248
Finished routing net _1447_
Nets remaining: 1247
Failed to route net _1448_
Finished routing net _1451_
Nets remaining: 1246
Failed to route net _1453_
Finished routing net _10751_[4]
Nets remaining: 1245
Finished routing net _1454_
Nets remaining: 1244
Finished routing net _1455_
Nets remaining: 1243
Finished routing net _1457_
Nets remaining: 1242
Finished routing net _1460_
Nets remaining: 1241
Failed to route net _10751_[5]
Failed to route net _1461_
Finished routing net _1462_
Nets remaining: 1240
Finished routing net _1463_
Nets remaining: 1239
Finished routing net _1466_
Nets remaining: 1238
Finished routing net _1468_
Nets remaining: 1237
Finished routing net _10751_[6]
Nets remaining: 1236
Finished routing net _1472_
Nets remaining: 1235
Failed to route net _10751_[7]
Failed to route net _1473_
Finished routing net _1474_
Nets remaining: 1234
Finished routing net _1475_
Nets remaining: 1233
Failed to route net _1479_
Failed to route net _10751_[8]
Finished routing net _1480_
Nets remaining: 1232
Failed to route net _1483_
Failed to route net _10751_[9]
Finished routing net _1484_
Nets remaining: 1231
Finished routing net _1488_
Nets remaining: 1230
Finished routing net _1490_
Nets remaining: 1229
Finished routing net _10751_[10]
Nets remaining: 1228
Finished routing net _1491_
Nets remaining: 1227
Failed to route net _1492_
Finished routing net _1493_
Nets remaining: 1226
Finished routing net _1496_
Nets remaining: 1225
Finished routing net _1499_
Nets remaining: 1224
Finished routing net _10751_[11]
Nets remaining: 1223
Finished routing net _1500_
Nets remaining: 1222
Finished routing net _1501_
Nets remaining: 1221
Finished routing net _10751_[12]
Nets remaining: 1220
Finished routing net _10751_[13]
Nets remaining: 1219
Finished routing net _10751_[14]
Nets remaining: 1218
Failed to route net y0_i[0]
Failed to route net y0_i[1]
Finished routing net y0_i[10]
Nets remaining: 1217
Finished routing net y0_i[11]
Nets remaining: 1216
Finished routing net y0_i[12]
Nets remaining: 1215
Failed to route net y0_i[13]
Finished routing net y0_i[14]
Nets remaining: 1214
Finished routing net y0_i[15]
Nets remaining: 1213
Finished routing net y0_i[2]
Nets remaining: 1212
Failed to route net y0_i[3]
Failed to route net y0_i[4]
Finished routing net y0_i[5]
Nets remaining: 1211
Finished routing net y0_i[6]
Nets remaining: 1210
Failed to route net y0_i[7]
Finished routing net y0_i[8]
Nets remaining: 1209
Finished routing net y0_i[9]
Nets remaining: 1208
Finished routing net y0_r[0]
Nets remaining: 1207
Finished routing net y0_r[1]
Nets remaining: 1206
Failed to route net y0_r[10]
Finished routing net y0_r[11]
Nets remaining: 1205
Finished routing net y0_r[12]
Nets remaining: 1204
Finished routing net y0_r[13]
Nets remaining: 1203
Finished routing net y0_r[14]
Nets remaining: 1202
Finished routing net y0_r[15]
Nets remaining: 1201
Finished routing net y0_r[2]
Nets remaining: 1200
Finished routing net y0_r[3]
Nets remaining: 1199
Finished routing net y0_r[4]
Nets remaining: 1198
Finished routing net y0_r[5]
Nets remaining: 1197
Finished routing net y0_r[6]
Nets remaining: 1196
Failed to route net y0_r[7]
Failed to route net y0_r[8]
Finished routing net y0_r[9]
Nets remaining: 1195
Finished routing net y1_i[0]
Nets remaining: 1194
Failed to route net y1_i[1]
Finished routing net y1_i[10]
Nets remaining: 1193
Finished routing net y1_i[11]
Nets remaining: 1192
Failed to route net y1_i[12]
Failed to route net y1_i[13]
Finished routing net y1_i[14]
Nets remaining: 1191
Failed to route net y1_i[15]
Finished routing net y1_i[2]
Nets remaining: 1190
Finished routing net y1_i[3]
Nets remaining: 1189
Finished routing net y1_i[4]
Nets remaining: 1188
Finished routing net y1_i[5]
Nets remaining: 1187
Finished routing net y1_i[6]
Nets remaining: 1186
Finished routing net y1_i[7]
Nets remaining: 1185
Finished routing net y1_i[8]
Nets remaining: 1184
Failed to route net y1_i[9]
Finished routing net y1_r[0]
Nets remaining: 1183
Finished routing net y1_r[1]
Nets remaining: 1182
Finished routing net y1_r[10]
Nets remaining: 1181
Finished routing net y1_r[11]
Nets remaining: 1180
Finished routing net y1_r[12]
Nets remaining: 1179
Finished routing net y1_r[13]
Nets remaining: 1178
Finished routing net y1_r[14]
Nets remaining: 1177
Finished routing net y1_r[15]
Nets remaining: 1176
Finished routing net y1_r[2]
Nets remaining: 1175
Finished routing net y1_r[3]
Nets remaining: 1174
Finished routing net y1_r[4]
Nets remaining: 1173
Finished routing net y1_r[5]
Nets remaining: 1172
Finished routing net y1_r[6]
Nets remaining: 1171
Finished routing net y1_r[7]
Nets remaining: 1170
Finished routing net y1_r[8]
Nets remaining: 1169
Finished routing net y1_r[9]
Nets remaining: 1168
Failed to route net y2_i[0]
Failed to route net y2_i[1]
Failed to route net y2_i[10]
Failed to route net y2_i[11]
Finished routing net y2_i[12]
Nets remaining: 1167
Finished routing net y2_i[13]
Nets remaining: 1166
Failed to route net y2_i[14]
Finished routing net y2_i[15]
Nets remaining: 1165
Finished routing net y2_i[2]
Nets remaining: 1164
Finished routing net y2_i[3]
Nets remaining: 1163
Failed to route net y2_i[4]
Failed to route net y2_i[5]
Finished routing net y2_i[6]
Nets remaining: 1162
Finished routing net y2_i[7]
Nets remaining: 1161
Finished routing net y2_i[8]
Nets remaining: 1160
Failed to route net y2_i[9]
Finished routing net y2_r[0]
Nets remaining: 1159
Failed to route net y2_r[1]
Failed to route net y2_r[10]
Finished routing net y2_r[11]
Nets remaining: 1158
Finished routing net y2_r[12]
Nets remaining: 1157
Finished routing net y2_r[13]
Nets remaining: 1156
Finished routing net y2_r[14]
Nets remaining: 1155
Finished routing net y2_r[15]
Nets remaining: 1154
Finished routing net y2_r[2]
Nets remaining: 1153
Failed to route net y2_r[3]
Failed to route net y2_r[4]
Finished routing net y2_r[5]
Nets remaining: 1152
Finished routing net y2_r[6]
Nets remaining: 1151
Failed to route net y2_r[7]
Failed to route net y2_r[8]
Failed to route net y2_r[9]
Failed to route net y3_i[0]
Finished routing net y3_i[1]
Nets remaining: 1150
Finished routing net y3_i[10]
Nets remaining: 1149
Finished routing net y3_i[11]
Nets remaining: 1148
Finished routing net y3_i[12]
Nets remaining: 1147
Finished routing net y3_i[13]
Nets remaining: 1146
Finished routing net y3_i[14]
Nets remaining: 1145
Finished routing net y3_i[15]
Nets remaining: 1144
Finished routing net y3_i[2]
Nets remaining: 1143
Failed to route net y3_i[3]
Failed to route net y3_i[4]
Finished routing net y3_i[5]
Nets remaining: 1142
Finished routing net y3_i[6]
Nets remaining: 1141
Failed to route net y3_i[7]
Failed to route net y3_i[8]
Finished routing net y3_i[9]
Nets remaining: 1140
Failed to route net y3_r[0]
Failed to route net y3_r[1]
Failed to route net y3_r[10]
Finished routing net y3_r[11]
Nets remaining: 1139
Finished routing net y3_r[12]
Nets remaining: 1138
Finished routing net y3_r[13]
Nets remaining: 1137
Finished routing net y3_r[14]
Nets remaining: 1136
Finished routing net y3_r[15]
Nets remaining: 1135
Finished routing net y3_r[2]
Nets remaining: 1134
Failed to route net y3_r[3]
Failed to route net y3_r[4]
Finished routing net y3_r[5]
Nets remaining: 1133
Failed to route net y3_r[6]
Finished routing net y3_r[7]
Nets remaining: 1132
Finished routing net y3_r[8]
Nets remaining: 1131
Failed to route net y3_r[9]
Failed to route net y4_i[0]
Failed to route net y4_i[1]
Finished routing net y4_i[10]
Nets remaining: 1130
Failed to route net y4_i[11]
Failed to route net y4_i[12]
Failed to route net y4_i[13]
Failed to route net y4_i[14]
Finished routing net y4_i[15]
Nets remaining: 1129
Finished routing net y4_i[2]
Nets remaining: 1128
Failed to route net y4_i[3]
Failed to route net y4_i[4]
Failed to route net y4_i[5]
Finished routing net y4_i[6]
Nets remaining: 1127
Failed to route net y4_i[7]
Failed to route net y4_i[8]
Failed to route net y4_i[9]
Finished routing net y4_r[0]
Nets remaining: 1126
Failed to route net y4_r[1]
Finished routing net y4_r[10]
Nets remaining: 1125
Finished routing net y4_r[11]
Nets remaining: 1124
Finished routing net y4_r[12]
Nets remaining: 1123
Failed to route net y4_r[13]
Finished routing net y4_r[14]
Nets remaining: 1122
Failed to route net y4_r[15]
Failed to route net y4_r[2]
Finished routing net y4_r[3]
Nets remaining: 1121
Failed to route net y4_r[4]
Finished routing net y4_r[5]
Nets remaining: 1120
Finished routing net y4_r[6]
Nets remaining: 1119
Failed to route net y4_r[7]
Finished routing net y4_r[8]
Nets remaining: 1118
Finished routing net y4_r[9]
Nets remaining: 1117
Finished routing net y5_i[0]
Nets remaining: 1116
Finished routing net y5_i[1]
Nets remaining: 1115
Failed to route net y5_i[10]
Failed to route net y5_i[11]
Finished routing net y5_i[12]
Nets remaining: 1114
Finished routing net y5_i[13]
Nets remaining: 1113
Finished routing net y5_i[14]
Nets remaining: 1112
Finished routing net y5_i[15]
Nets remaining: 1111
Failed to route net y5_i[2]
Finished routing net y5_i[3]
Nets remaining: 1110
Finished routing net y5_i[4]
Nets remaining: 1109
Finished routing net y5_i[5]
Nets remaining: 1108
Finished routing net y5_i[6]
Nets remaining: 1107
Finished routing net y5_i[7]
Nets remaining: 1106
Finished routing net y5_i[8]
Nets remaining: 1105
Failed to route net y5_i[9]
Finished routing net y5_r[0]
Nets remaining: 1104
Finished routing net y5_r[1]
Nets remaining: 1103
Finished routing net y5_r[10]
Nets remaining: 1102
Finished routing net y5_r[11]
Nets remaining: 1101
Finished routing net y5_r[12]
Nets remaining: 1100
Finished routing net y5_r[13]
Nets remaining: 1099
Failed to route net y5_r[14]
Finished routing net y5_r[15]
Nets remaining: 1098
Finished routing net y5_r[2]
Nets remaining: 1097
Finished routing net y5_r[3]
Nets remaining: 1096
Finished routing net y5_r[4]
Nets remaining: 1095
Finished routing net y5_r[5]
Nets remaining: 1094
Finished routing net y5_r[6]
Nets remaining: 1093
Finished routing net y5_r[7]
Nets remaining: 1092
Finished routing net y5_r[8]
Nets remaining: 1091
Finished routing net y5_r[9]
Nets remaining: 1090
Finished routing net y6_i[0]
Nets remaining: 1089
Finished routing net y6_i[1]
Nets remaining: 1088
Failed to route net y6_i[10]
Failed to route net y6_i[11]
Failed to route net y6_i[12]
Failed to route net y6_i[13]
Failed to route net y6_i[14]
Failed to route net y6_i[15]
Finished routing net y6_i[2]
Nets remaining: 1087
Failed to route net y6_i[3]
Finished routing net y6_i[4]
Nets remaining: 1086
Failed to route net y6_i[5]
Finished routing net y6_i[6]
Nets remaining: 1085
Failed to route net y6_i[7]
Failed to route net y6_i[8]
Failed to route net y6_i[9]
Finished routing net y6_r[0]
Nets remaining: 1084
Failed to route net y6_r[1]
Failed to route net y6_r[10]
Finished routing net y6_r[11]
Nets remaining: 1083
Failed to route net y6_r[12]
Finished routing net y6_r[13]
Nets remaining: 1082
Failed to route net y6_r[14]
Failed to route net y6_r[15]
Finished routing net y6_r[2]
Nets remaining: 1081
Failed to route net y6_r[3]
Failed to route net y6_r[4]
Finished routing net y6_r[5]
Nets remaining: 1080
Failed to route net y6_r[6]
Failed to route net y6_r[7]
Failed to route net y6_r[8]
Finished routing net y6_r[9]
Nets remaining: 1079
Failed to route net y7_i[0]
Finished routing net y7_i[1]
Nets remaining: 1078
Finished routing net y7_i[10]
Nets remaining: 1077
Finished routing net y7_i[11]
Nets remaining: 1076
Finished routing net y7_i[12]
Nets remaining: 1075
Finished routing net y7_i[13]
Nets remaining: 1074
Finished routing net y7_i[14]
Nets remaining: 1073
Finished routing net y7_i[15]
Nets remaining: 1072
Finished routing net y7_i[2]
Nets remaining: 1071
Failed to route net y7_i[3]
Failed to route net y7_i[4]
Finished routing net y7_i[5]
Nets remaining: 1070
Finished routing net y7_i[6]
Nets remaining: 1069
Failed to route net y7_i[7]
Finished routing net y7_i[8]
Nets remaining: 1068
Finished routing net y7_i[9]
Nets remaining: 1067
Failed to route net y7_r[0]
Failed to route net y7_r[1]
Finished routing net y7_r[10]
Nets remaining: 1066
Failed to route net y7_r[11]
Finished routing net y7_r[12]
Nets remaining: 1065
Finished routing net y7_r[13]
Nets remaining: 1064
Finished routing net y7_r[14]
Nets remaining: 1063
Finished routing net y7_r[15]
Nets remaining: 1062
Finished routing net y7_r[2]
Nets remaining: 1061
Failed to route net y7_r[3]
Failed to route net y7_r[4]
Failed to route net y7_r[5]
Finished routing net y7_r[6]
Nets remaining: 1060
Finished routing net y7_r[7]
Nets remaining: 1059
Failed to route net y7_r[8]
Finished routing net y7_r[9]
Nets remaining: 1058

----------------------------------------------
Progress: Stage 1 total routes completed: 24983
Failed net routes: 1081
----------------------------------------------
*** Running stage2 routing with options mask 10, effort 10
Nets remaining: 1081
Best route of y7_r[8] collides with net: x0_i[8] 
Ripping up blocking net x0_i[8]
Nets remaining: 1081
Best route of y7_r[5] collides with nets: _6424_ _10750_[13] y0_i[12] 
Ripping up blocking net _6424_
Ripping up blocking net _10750_[13]
Ripping up blocking net y0_i[12]
Nets remaining: 1083
Best route of y7_r[4] collides with net: _6308_ 
Ripping up blocking net _6308_
Nets remaining: 1083
Best route of y7_r[3] collides with nets: _6302_ x4_i[8] ifft 
Ripping up blocking net _6302_
Ripping up blocking net x4_i[8]
Ripping up blocking net ifft
Nets remaining: 1085
Nets remaining: 1084
Best route of y7_r[1] collides with net: y0_i[5] 
Ripping up blocking net y0_i[5]
Nets remaining: 1084
Best route of y7_r[0] collides with net: y3_i[6] 
Ripping up blocking net y3_i[6]
Nets remaining: 1084
Best route of y7_i[7] collides with net: _753_ 
Ripping up blocking net _753_
Nets remaining: 1084
Best route of y7_i[4] collides with nets: _6455_ _5598_ 
Ripping up blocking net _6455_
Ripping up blocking net _5598_
Nets remaining: 1085
Best route of y7_i[3] collides with nets: _6492_ _5608_ y7_i[4] 
Ripping up blocking net _6492_
Ripping up blocking net _5608_
Ripping up blocking net y7_i[4]
Nets remaining: 1087
Nets remaining: 1086
Best route of y6_r[8] collides with net: _6390_ 
Ripping up blocking net _6390_
Nets remaining: 1086
Best route of y6_r[7] collides with nets: _6004_ _7400_ _7885_ _7411_ x3_r[6] _9255_ 
Ripping up blocking net _6004_
Ripping up blocking net _7400_
Ripping up blocking net _7885_
Ripping up blocking net _7411_
Ripping up blocking net x3_r[6]
Ripping up blocking net _9255_
Nets remaining: 1091
Best route of y6_r[6] collides with net: _5266_ 
Ripping up blocking net _5266_
Nets remaining: 1091
Best route of y6_r[4] collides with nets: _10724_ _7476_ _6768_ _8117_ _9680_ _6070_ _9505_ _8894_ _8902_ _9617_ 
Ripping up blocking net _10724_
Ripping up blocking net _7476_
Ripping up blocking net _6768_
Ripping up blocking net _8117_
Ripping up blocking net _9680_
Ripping up blocking net _6070_
Ripping up blocking net _9505_
Ripping up blocking net _8894_
Ripping up blocking net _8902_
Ripping up blocking net _9617_
Nets remaining: 1100
Best route of y6_r[3] collides with net: _5137_ 
Ripping up blocking net _5137_
Nets remaining: 1100
Best route of y6_r[15] collides with net: _8926_ 
Ripping up blocking net _8926_
Nets remaining: 1100
Best route of y6_r[14] collides with nets: _9284_ x4_i[12] 
Ripping up blocking net _9284_
Ripping up blocking net x4_i[12]
Nets remaining: 1101
Nets remaining: 1100
Best route of y6_r[10] collides with net: _5265_ 
Ripping up blocking net _5265_
Nets remaining: 1100
Best route of y6_r[1] collides with net: y0_i[15] 
Ripping up blocking net y0_i[15]
Nets remaining: 1100
Best route of y6_i[9] collides with net: y0_i[9] 
Ripping up blocking net y0_i[9]

No progress at level of effort 10; ending 2nd stage.

----------------------------------------------
Progress: Stage 2 total routes completed: 25005
Failed net routes: 1100
----------------------------------------------
*** Running stage2 routing with options mask 90, effort 20
Nets remaining: 1100
Best route of y6_i[8] collides with net: y0_i[8] 
Ripping up blocking net y0_i[8]
Nets remaining: 1100
Nets remaining: 1099
Best route of y6_i[5] collides with net: _8951_ 
Ripping up blocking net _8951_
Nets remaining: 1099
Nets remaining: 1098
Nets remaining: 1097
Best route of y6_i[14] collides with nets: y7_r[4] _10754_[10] 
Ripping up blocking net y7_r[4]
Ripping up blocking net _10754_[10]
Nets remaining: 1098
Nets remaining: 1097
Best route of y6_i[12] collides with net: y6_i[9] 
Ripping up blocking net y6_i[9]
Nets remaining: 1097
Best route of y6_i[11] collides with net: y2_i[13] 
Ripping up blocking net y2_i[13]
Nets remaining: 1097
Nets remaining: 1096
Nets remaining: 1095
Best route of y5_i[9] collides with net: y5_i[5] 
Ripping up blocking net y5_i[5]
Nets remaining: 1095
Best route of y5_i[2] collides with net: x3_r[2] 
Ripping up blocking net x3_r[2]
Nets remaining: 1095
Nets remaining: 1094
Nets remaining: 1093
Nets remaining: 1092
Nets remaining: 1091
Best route of y4_r[2] collides with net: x4_r[2] 
Ripping up blocking net x4_r[2]
Nets remaining: 1091
Nets remaining: 1090
Nets remaining: 1089
Best route of y4_r[1] collides with nets: _8198_ x0_r[0] 
Ripping up blocking net _8198_
Ripping up blocking net x0_r[0]
Nets remaining: 1090
Nets remaining: 1089
Nets remaining: 1088
Nets remaining: 1087
Nets remaining: 1086
Best route of y4_i[4] collides with net: x4_i[10] 
Ripping up blocking net x4_i[10]
Nets remaining: 1086
Nets remaining: 1085
Nets remaining: 1084
Best route of y4_i[13] collides with net: y6_i[11] 
Ripping up blocking net y6_i[11]
Nets remaining: 1084
Best route of y4_i[12] collides with net: y4_i[14] 
Ripping up blocking net y4_i[14]
Nets remaining: 1084
Nets remaining: 1083
Best route of y4_i[1] collides with net: _5492_ 
Ripping up blocking net _5492_
Nets remaining: 1083
Best route of y4_i[0] collides with net: _8500_ 
Ripping up blocking net _8500_
Nets remaining: 1083
Best route of y3_r[9] collides with net: _361_ 
Ripping up blocking net _361_
Nets remaining: 1083
Nets remaining: 1082
Best route of y3_r[4] collides with net: _5511_ 
Ripping up blocking net _5511_
Nets remaining: 1082
Best route of y3_r[3] collides with net: y4_i[5] 
Ripping up blocking net y4_i[5]
Nets remaining: 1082
Nets remaining: 1081
Nets remaining: 1080
Nets remaining: 1079
Best route of y3_i[8] collides with nets: _10754_[9] y4_i[9] 
Ripping up blocking net _10754_[9]
Ripping up blocking net y4_i[9]
Nets remaining: 1080
Nets remaining: 1079
Nets remaining: 1078
Nets remaining: 1077
Nets remaining: 1076
Best route of y2_r[9] collides with net: x5_i[14] 
Ripping up blocking net x5_i[14]
Nets remaining: 1076
Nets remaining: 1075
Nets remaining: 1074
Best route of y2_r[4] collides with nets: _10523_ _8787_ x7_r[0] 
Ripping up blocking net _10523_
Ripping up blocking net _8787_
Ripping up blocking net x7_r[0]
Nets remaining: 1076
Best route of y2_r[3] collides with net: y3_r[1] 
Ripping up blocking net y3_r[1]
Nets remaining: 1076
Nets remaining: 1075
Best route of y2_r[1] collides with nets: y0_i[14] y4_i[12] 
Ripping up blocking net y0_i[14]
Ripping up blocking net y4_i[12]
Nets remaining: 1076
Best route of y2_i[9] collides with nets: y6_i[13] y6_i[12] 
Ripping up blocking net y6_i[13]
Ripping up blocking net y6_i[12]
Nets remaining: 1077
Best route of y2_i[5] collides with net: _8525_ 
Ripping up blocking net _8525_
Nets remaining: 1077
Nets remaining: 1076
Nets remaining: 1075
Best route of y2_i[11] collides with nets: y6_i[14] y3_r[10] 
Ripping up blocking net y6_i[14]
Ripping up blocking net y3_r[10]
Nets remaining: 1076
Nets remaining: 1075
Nets remaining: 1074
Nets remaining: 1073
Best route of y1_i[9] collides with nets: _10760_[10] _8126_ 
Ripping up blocking net _10760_[10]
Ripping up blocking net _8126_
Nets remaining: 1074
Nets remaining: 1073
Nets remaining: 1072
Nets remaining: 1071
Nets remaining: 1070
Nets remaining: 1069
Nets remaining: 1068
Nets remaining: 1067
Best route of y0_i[7] collides with nets: _6998_ y6_r[5] 
Ripping up blocking net _6998_
Ripping up blocking net y6_r[5]
Nets remaining: 1068
Nets remaining: 1067
Best route of y0_i[3] collides with nets: ifft_hier0_bF$buf6 y2_r[4] 
Ripping up blocking net ifft_hier0_bF$buf6
Ripping up blocking net y2_r[4]
Nets remaining: 1068
Nets remaining: 1067
Best route of y0_i[1] collides with nets: _4524_ y0_i[13] 
Ripping up blocking net _4524_
Ripping up blocking net y0_i[13]
Nets remaining: 1068
Best route of y0_i[0] collides with nets: _5776_ _8991_ 
Ripping up blocking net _5776_
Ripping up blocking net _8991_
Nets remaining: 1069
Nets remaining: 1068
Best route of _10751_[9] collides with net: _5279_ 
Ripping up blocking net _5279_
Nets remaining: 1068
Nets remaining: 1067
Nets remaining: 1066
Nets remaining: 1065
Nets remaining: 1064
Nets remaining: 1063
Nets remaining: 1062
Nets remaining: 1061
Nets remaining: 1060
Nets remaining: 1059
Nets remaining: 1058
Best route of _1442_ collides with net: _1444_ 
Ripping up blocking net _1444_
Nets remaining: 1058
Nets remaining: 1057
Nets remaining: 1056
Best route of _1417_ collides with net: _363_ 
Ripping up blocking net _363_
Nets remaining: 1056
Best route of _1415_ collides with net: y6_r[6] 
Ripping up blocking net y6_r[6]
Nets remaining: 1056
Nets remaining: 1055
Best route of _1412_ collides with net: _7210_ 
Ripping up blocking net _7210_
Nets remaining: 1055
Best route of _10750_[10] collides with net: y0_i[1] 
Ripping up blocking net y0_i[1]
Nets remaining: 1055
Best route of _1403_ collides with net: _5492__hier0_bF$buf0 
Ripping up blocking net _5492__hier0_bF$buf0
Nets remaining: 1055
Best route of _10750_[9] collides with net: _963_ 
Ripping up blocking net _963_
Nets remaining: 1055
Best route of _1393_ collides with net: _1395_ 
Ripping up blocking net _1395_
Nets remaining: 1055
Best route of _10750_[8] collides with nets: _10750_[10] _4587_ _6310_ 
Ripping up blocking net _10750_[10]
Ripping up blocking net _4587_
Ripping up blocking net _6310_
Nets remaining: 1057
Nets remaining: 1056
Best route of _10750_[6] collides with nets: _4017_ _5533_ 
Ripping up blocking net _4017_
Ripping up blocking net _5533_
Nets remaining: 1057
Best route of _1377_ collides with net: _6415_ 
Ripping up blocking net _6415_
Nets remaining: 1057
Nets remaining: 1056
Best route of _10750_[5] collides with nets: _7261_ _6410_ _870_ 
Ripping up blocking net _7261_
Ripping up blocking net _6410_
Ripping up blocking net _870_
Nets remaining: 1058
Nets remaining: 1057
Best route of _10750_[3] collides with net: _5684_ 
Ripping up blocking net _5684_
Nets remaining: 1057
Nets remaining: 1056
Nets remaining: 1055
Nets remaining: 1054
Nets remaining: 1053
Nets remaining: 1052
Best route of _1326_ collides with nets: _1296_ _1281_ 
Ripping up blocking net _1296_
Ripping up blocking net _1281_
Nets remaining: 1053
Best route of _10753_[15] collides with net: _9129_ 
Ripping up blocking net _9129_
Nets remaining: 1053
Best route of _1324_ collides with net: _61_ 
Ripping up blocking net _61_
Nets remaining: 1053
Best route of _1323_ collides with nets: _7301_ _1325_ 
Ripping up blocking net _7301_
Ripping up blocking net _1325_
Nets remaining: 1054
Nets remaining: 1053
Nets remaining: 1052
Nets remaining: 1051
Nets remaining: 1050
Best route of _1292_ collides with net: _10740_ 
Ripping up blocking net _10740_
Nets remaining: 1050
Nets remaining: 1049
Nets remaining: 1048
Best route of _1233_ collides with net: _1192_ 
Ripping up blocking net _1192_
Nets remaining: 1048
Best route of _1193_ collides with net: _10584_ 
Ripping up blocking net _10584_
Nets remaining: 1048
Nets remaining: 1047
Best route of _10752_[15] collides with net: _8065_ 
Ripping up blocking net _8065_
Nets remaining: 1047
Nets remaining: 1046
Nets remaining: 1045
Nets remaining: 1044
Nets remaining: 1043
Nets remaining: 1042
Best route of _1169_ collides with net: _10317_ 
Ripping up blocking net _10317_
Nets remaining: 1042
Best route of _1168_ collides with net: _5492__bF$buf56 
Ripping up blocking net _5492__bF$buf56
Nets remaining: 1042
Nets remaining: 1041
Best route of _1149_ collides with net: _10122_ 
Ripping up blocking net _10122_
Nets remaining: 1041
Best route of _1145_ collides with net: _10014_ 
Ripping up blocking net _10014_
Nets remaining: 1041
Best route of _1140_ collides with net: _9988_ 
Ripping up blocking net _9988_
Nets remaining: 1041
Best route of _1138_ collides with net: _9898_ 
Ripping up blocking net _9898_
Nets remaining: 1041
Best route of _1116_ collides with net: _112_ 
Ripping up blocking net _112_
Nets remaining: 1041
Best route of _1109_ collides with net: _1110_ 
Ripping up blocking net _1110_
Nets remaining: 1041
Best route of _1108_ collides with net: _1109_ 
Ripping up blocking net _1109_
Nets remaining: 1041
Nets remaining: 1040
Nets remaining: 1039
Best route of _1088_ collides with nets: _8505_ _9163_ 
Ripping up blocking net _8505_
Ripping up blocking net _9163_
Nets remaining: 1040
Best route of _1087_ collides with nets: _9318_ _6560_ 
Ripping up blocking net _9318_
Ripping up blocking net _6560_
Nets remaining: 1041
Best route of _10752_[1] collides with net: _1087_ 
Ripping up blocking net _1087_
Nets remaining: 1041
Nets remaining: 1040
Nets remaining: 1039
Best route of _1062_ collides with nets: _8808_ _1063_ 
Ripping up blocking net _8808_
Ripping up blocking net _1063_
Nets remaining: 1040
Best route of _1056_ collides with nets: _1074_ _1053_ 
Ripping up blocking net _1074_
Ripping up blocking net _1053_
Nets remaining: 1041
Best route of _1051_ collides with net: _1057_ 
Ripping up blocking net _1057_
Nets remaining: 1041
Nets remaining: 1040
Nets remaining: 1039
Nets remaining: 1038
Nets remaining: 1037
Nets remaining: 1036
Nets remaining: 1035
Nets remaining: 1034
Best route of _1020_ collides with net: _308_ 
Ripping up blocking net _308_
Nets remaining: 1034
Best route of _1017_ collides with net: _7617_ 
Ripping up blocking net _7617_
Nets remaining: 1034
Nets remaining: 1033
Nets remaining: 1032
Nets remaining: 1031
Best route of _1012_ collides with net: _101_ 
Ripping up blocking net _101_
Nets remaining: 1031
Best route of _1010_ collides with net: _1011_ 
Ripping up blocking net _1011_
Nets remaining: 1031
Nets remaining: 1030
Best route of _10755_[3] collides with nets: _10750_[8] _6921_ _5281_ 
Ripping up blocking net _10750_[8]
Ripping up blocking net _6921_
Ripping up blocking net _5281_
Nets remaining: 1032
Best route of _10755_[2] collides with nets: _5285_ _714_ _729_ _10756_[14] 
Ripping up blocking net _5285_
Ripping up blocking net _714_
Ripping up blocking net _729_
Ripping up blocking net _10756_[14]
Nets remaining: 1035
Best route of _995_ collides with net: _7437_ 
Ripping up blocking net _7437_
Nets remaining: 1035
Nets remaining: 1034
Nets remaining: 1033
Nets remaining: 1032
Best route of _10754_[14] collides with nets: _5007_ _10762_[9] 
Ripping up blocking net _5007_
Ripping up blocking net _10762_[9]
Nets remaining: 1033
Best route of _10754_[13] collides with net: x0_i[7] 
Ripping up blocking net x0_i[7]
Nets remaining: 1033
Best route of _10754_[12] collides with net: _10754_[7] 
Ripping up blocking net _10754_[7]
Nets remaining: 1033
Best route of _10754_[11] collides with nets: _5008_ _10750_[5] 
Ripping up blocking net _5008_
Ripping up blocking net _10750_[5]
Nets remaining: 1034
Best route of _10754_[8] collides with nets: _3308_ _6860_ 
Ripping up blocking net _3308_
Ripping up blocking net _6860_
Nets remaining: 1035
Nets remaining: 1034
Best route of _945_ collides with net: _1381_ 
Ripping up blocking net _1381_
Nets remaining: 1034
Best route of _10754_[6] collides with net: _849_ 
Ripping up blocking net _849_
Nets remaining: 1034
Nets remaining: 1033
Best route of _933_ collides with net: _4037_ 
Ripping up blocking net _4037_
Nets remaining: 1033
Nets remaining: 1032
Best route of _10754_[3] collides with nets: _401_ _9159_ 
Ripping up blocking net _401_
Ripping up blocking net _9159_
Nets remaining: 1033
Nets remaining: 1032
Nets remaining: 1031
Best route of _10757_[14] collides with net: _6542_ 
Ripping up blocking net _6542_
Nets remaining: 1031
Nets remaining: 1030
Best route of _898_ collides with net: _10765_[12] 
Ripping up blocking net _10765_[12]
Nets remaining: 1030
Best route of _10757_[12] collides with nets: _4946_ y3_r[12] 
Ripping up blocking net _4946_
Ripping up blocking net y3_r[12]
Nets remaining: 1031
Nets remaining: 1030
Best route of _10757_[11] collides with nets: _850_ y3_i[8] _721_ ifft_bF$buf27 _748_ 
Ripping up blocking net _850_
Ripping up blocking net y3_i[8]
Ripping up blocking net _721_
Ripping up blocking net ifft_bF$buf27
Ripping up blocking net _748_
Nets remaining: 1034
Nets remaining: 1033
Nets remaining: 1032
Best route of _881_ collides with net: _871_ 
Ripping up blocking net _871_
Nets remaining: 1032
Best route of _879_ collides with nets: _840_ _6300_ 
Ripping up blocking net _840_
Ripping up blocking net _6300_
Nets remaining: 1033
Nets remaining: 1032
Nets remaining: 1031
Nets remaining: 1030
Best route of _863_ collides with net: _10755_[3] 
Ripping up blocking net _10755_[3]
Nets remaining: 1030
Best route of _10757_[8] collides with net: y7_i[0] 
Ripping up blocking net y7_i[0]
Nets remaining: 1030
Best route of _10757_[7] collides with net: _751_ 
Ripping up blocking net _751_
Nets remaining: 1030
Best route of _10757_[5] collides with nets: _702_ _6248_ _4965_ 
Ripping up blocking net _702_
Ripping up blocking net _6248_
Ripping up blocking net _4965_
Nets remaining: 1032
Nets remaining: 1031
Nets remaining: 1030
Nets remaining: 1029
Best route of _804_ collides with net: _5997_ 
Ripping up blocking net _5997_
Nets remaining: 1029
Nets remaining: 1028
Nets remaining: 1027
Nets remaining: 1026
Best route of _781_ collides with net: _775_ 
Ripping up blocking net _775_
Nets remaining: 1026
Best route of _10757_[1] collides with net: _715_ 
Ripping up blocking net _715_
Nets remaining: 1026
Nets remaining: 1025
Nets remaining: 1024
Best route of _757_ collides with net: _756_ 
Ripping up blocking net _756_
Nets remaining: 1024
Nets remaining: 1023
Best route of _743_ collides with nets: _741_ _704_ x0_i[5] 
Ripping up blocking net _741_
Ripping up blocking net _704_
Ripping up blocking net x0_i[5]
Nets remaining: 1025
Best route of _10756_[9] collides with net: _677_ 
Ripping up blocking net _677_
Nets remaining: 1025
Nets remaining: 1024
Best route of _703_ collides with net: _718_ 
Ripping up blocking net _718_
Nets remaining: 1024
Nets remaining: 1023
Best route of _695_ collides with nets: _5492__bF$buf18 _706_ _5611_ 
Ripping up blocking net _5492__bF$buf18
Ripping up blocking net _706_
Ripping up blocking net _5611_
Nets remaining: 1025
Best route of _689_ collides with net: _4345_ 
Ripping up blocking net _4345_
Nets remaining: 1025
Nets remaining: 1024
Nets remaining: 1023
Best route of _673_ collides with nets: _4049_ _5922_ 
Ripping up blocking net _4049_
Ripping up blocking net _5922_
Nets remaining: 1024
Best route of _10756_[4] collides with nets: _671_ _5250_ 
Ripping up blocking net _671_
Ripping up blocking net _5250_
Nets remaining: 1025
Best route of _669_ collides with net: _673_ 
Ripping up blocking net _673_
Nets remaining: 1025
Nets remaining: 1024
Nets remaining: 1023
Best route of _10756_[2] collides with net: _5983_ 
Ripping up blocking net _5983_
Nets remaining: 1023
Best route of _655_ collides with net: _5798_ 
Ripping up blocking net _5798_
Nets remaining: 1023
Best route of _644_ collides with net: _649_ 
Ripping up blocking net _649_
Nets remaining: 1023
Best route of _643_ collides with net: _3626_ 
Ripping up blocking net _3626_
Nets remaining: 1023
Nets remaining: 1022
Nets remaining: 1021
Nets remaining: 1020
Best route of _598_ collides with net: _4000_ 
Ripping up blocking net _4000_
Nets remaining: 1020
Nets remaining: 1019
Best route of _10759_[9] collides with net: _9632_ 
Ripping up blocking net _9632_
Nets remaining: 1019
Nets remaining: 1018
Nets remaining: 1017
Nets remaining: 1016
Best route of _537_ collides with net: _7129_ 
Ripping up blocking net _7129_
Nets remaining: 1016
Nets remaining: 1015
Best route of _512_ collides with net: ifft_bF$buf17 
Ripping up blocking net ifft_bF$buf17
Nets remaining: 1015
Nets remaining: 1014
Best route of _10759_[5] collides with net: _9168_ 
Ripping up blocking net _9168_
Nets remaining: 1014
Nets remaining: 1013
Nets remaining: 1012
Nets remaining: 1011
Best route of _433_ collides with net: _5724_ 
Ripping up blocking net _5724_
Nets remaining: 1011
Best route of _426_ collides with net: _7256_ 
Ripping up blocking net _7256_
Nets remaining: 1011
Nets remaining: 1010
Nets remaining: 1009
Best route of _10759_[0] collides with nets: _5802_ x0_r[2] 
Ripping up blocking net _5802_
Ripping up blocking net x0_r[2]
Nets remaining: 1010
Best route of _355_ collides with net: _340_ 
Ripping up blocking net _340_
Nets remaining: 1010
Nets remaining: 1009
Nets remaining: 1008
Best route of _10758_[10] collides with net: _7044_ 
Ripping up blocking net _7044_
Nets remaining: 1008
Nets remaining: 1007
Nets remaining: 1006
Best route of _10758_[8] collides with nets: _277_ _945_ 
Ripping up blocking net _277_
Ripping up blocking net _945_
Nets remaining: 1007
Nets remaining: 1006
Nets remaining: 1005
Best route of _10758_[7] collides with nets: _6485_ _894_ 
Ripping up blocking net _6485_
Ripping up blocking net _894_
Nets remaining: 1006
Best route of _274_ collides with net: _273_ 
Ripping up blocking net _273_
Nets remaining: 1006
Best route of _10758_[6] collides with nets: _1373_ _5316_ _6427_ 
Ripping up blocking net _1373_
Ripping up blocking net _5316_
Ripping up blocking net _6427_
Nets remaining: 1008
Best route of _10758_[5] collides with net: _5322_ 
Ripping up blocking net _5322_
Nets remaining: 1008
Nets remaining: 1007
Nets remaining: 1006
Best route of _224_ collides with net: ifft_bF$buf47 
Ripping up blocking net ifft_bF$buf47
Nets remaining: 1006
Nets remaining: 1005
Best route of _182_ collides with net: _6368_ 
Ripping up blocking net _6368_
Nets remaining: 1005
Nets remaining: 1004
Best route of _10758_[1] collides with net: _5910_ 
Ripping up blocking net _5910_
Nets remaining: 1004
Best route of _10761_[14] collides with nets: _9882_ _9696_ 
Ripping up blocking net _9882_
Ripping up blocking net _9696_
Nets remaining: 1005
Nets remaining: 1004
Best route of _90_ collides with net: _9710_ 
Ripping up blocking net _9710_
Nets remaining: 1004
Nets remaining: 1003
Nets remaining: 1002
Nets remaining: 1001
Best route of _8_ collides with nets: _27_ _11_ 
Ripping up blocking net _27_
Ripping up blocking net _11_
Nets remaining: 1002
Nets remaining: 1001
Best route of _10665_ collides with net: _10662_ 
Ripping up blocking net _10662_
Nets remaining: 1001
Nets remaining: 1000
Nets remaining: 999
Best route of _10575_ collides with net: _10759_[5] 
Ripping up blocking net _10759_[5]
Nets remaining: 999
Best route of _10556_ collides with nets: _9138_ x0_r[6] 
Ripping up blocking net _9138_
Ripping up blocking net x0_r[6]
Nets remaining: 1000
Best route of _10550_ collides with net: _10483_ 
Ripping up blocking net _10483_
Nets remaining: 1000
Nets remaining: 999
Nets remaining: 998
Best route of _10509_ collides with nets: _8498_ _8658_ 
Ripping up blocking net _8498_
Ripping up blocking net _8658_
Nets remaining: 999
Nets remaining: 998
Best route of _10475_ collides with net: _8271_ 
Ripping up blocking net _8271_
Nets remaining: 998
Nets remaining: 997
Nets remaining: 996
Nets remaining: 995
Nets remaining: 994
Nets remaining: 993
Best route of _10405_ collides with net: _10458_ 
Ripping up blocking net _10458_
Nets remaining: 993
Nets remaining: 992
Best route of _10376_ collides with net: _5492__bF$buf49 
Ripping up blocking net _5492__bF$buf49
Nets remaining: 992
Nets remaining: 991
Nets remaining: 990
Nets remaining: 989
Best route of _10281_ collides with net: _10382_ 
Ripping up blocking net _10382_
Nets remaining: 989
Nets remaining: 988
Nets remaining: 987
Nets remaining: 986
Best route of _10094_ collides with net: _10290_ 
Ripping up blocking net _10290_
Nets remaining: 986
Best route of _10068_ collides with net: _10253_ 
Ripping up blocking net _10253_
Nets remaining: 986
Nets remaining: 985
Best route of _9907_ collides with net: _9315_ 
Ripping up blocking net _9315_
Nets remaining: 985
Nets remaining: 984
Nets remaining: 983
Nets remaining: 982
Best route of _9703_ collides with nets: _9316_ _9327_ 
Ripping up blocking net _9316_
Ripping up blocking net _9327_
Nets remaining: 983
Best route of _9702_ collides with net: _9488_ 
Ripping up blocking net _9488_
Nets remaining: 983
Best route of _9688_ collides with net: _9679_ 
Ripping up blocking net _9679_
Nets remaining: 983
Best route of _9683_ collides with net: _9689_ 
Ripping up blocking net _9689_
Nets remaining: 983
Best route of _9493_ collides with net: _9495_ 
Ripping up blocking net _9495_
Nets remaining: 983
Best route of _9442_ collides with nets: _3370_ _9627_ 
Ripping up blocking net _3370_
Ripping up blocking net _9627_
Nets remaining: 984
Nets remaining: 983
Nets remaining: 982
Nets remaining: 981
Nets remaining: 980
Best route of _9372_ collides with net: _3787_ 
Ripping up blocking net _3787_
Nets remaining: 980
Best route of _9347_ collides with net: ifft_bF$buf0 
Ripping up blocking net ifft_bF$buf0
Nets remaining: 980
Nets remaining: 979
Best route of _9317_ collides with net: _1086_ 
Ripping up blocking net _1086_
Nets remaining: 979
Best route of _9303_ collides with nets: _9276_ _9254_ 
Ripping up blocking net _9276_
Ripping up blocking net _9254_
Nets remaining: 980
Nets remaining: 979
Best route of _9301_ collides with net: _5392_ 
Ripping up blocking net _5392_
Nets remaining: 979
Nets remaining: 978
Nets remaining: 977
Nets remaining: 976
Best route of _9118_ collides with nets: x6_i[14] _8883_ 
Ripping up blocking net x6_i[14]
Ripping up blocking net _8883_
Nets remaining: 977
Best route of _9117_ collides with net: _9118_ 
Ripping up blocking net _9118_
Nets remaining: 977
Nets remaining: 976
Nets remaining: 975
Best route of _9016_ collides with net: _8535_ 
Ripping up blocking net _8535_
Nets remaining: 975
Best route of _9006_ collides with net: _8952_ 
Ripping up blocking net _8952_
Nets remaining: 975
Nets remaining: 974
Best route of _8960_ collides with net: _5901_ 
Ripping up blocking net _5901_
Nets remaining: 974
Best route of _8959_ collides with net: _8657_ 
Ripping up blocking net _8657_
Nets remaining: 974
Best route of _8929_ collides with net: x2_i[11] 
Ripping up blocking net x2_i[11]
Nets remaining: 974
Best route of _8905_ collides with net: _8893_ 
Ripping up blocking net _8893_
Nets remaining: 974
Best route of _8904_ collides with net: _8905_ 
Ripping up blocking net _8905_
Nets remaining: 974
Nets remaining: 973
Best route of _8684_ collides with net: _8686_ 
Ripping up blocking net _8686_
Nets remaining: 973
Nets remaining: 972
Best route of _8526_ collides with net: x3_r[1] 
Ripping up blocking net x3_r[1]
Nets remaining: 972
Nets remaining: 971
Nets remaining: 970
Best route of _8494_ collides with net: _8464_ 
Ripping up blocking net _8464_
Nets remaining: 970
Nets remaining: 969
Nets remaining: 968
Nets remaining: 967
Best route of _8114_ collides with net: _5492__bF$buf36 
Ripping up blocking net _5492__bF$buf36
Nets remaining: 967
Nets remaining: 966
Best route of _8095_ collides with net: _8136_ 
Ripping up blocking net _8136_
Nets remaining: 966
Best route of _8055_ collides with nets: _6820_ _6809_ 
Ripping up blocking net _6820_
Ripping up blocking net _6809_
Nets remaining: 967
Nets remaining: 966
Nets remaining: 965
Nets remaining: 964
Nets remaining: 963
Nets remaining: 962
Nets remaining: 961
Best route of _7918_ collides with net: _9267_ 
Ripping up blocking net _9267_
Nets remaining: 961
Nets remaining: 960
Nets remaining: 959
Best route of _7878_ collides with nets: _7808_ _585_ 
Ripping up blocking net _7808_
Ripping up blocking net _585_
Nets remaining: 960
Nets remaining: 959
Nets remaining: 958
Best route of _7757_ collides with nets: _7185_ _7819_ 
Ripping up blocking net _7185_
Ripping up blocking net _7819_
Nets remaining: 959
Best route of _7732_ collides with nets: _5132_ _6169_ 
Ripping up blocking net _5132_
Ripping up blocking net _6169_
Nets remaining: 960
Best route of _7706_ collides with net: _7683_ 
Ripping up blocking net _7683_
Nets remaining: 960
Best route of _7682_ collides with net: _2383_ 
Ripping up blocking net _2383_
Nets remaining: 960
Best route of _10763_[6] collides with net: _7120_ 
Ripping up blocking net _7120_
Nets remaining: 960
Nets remaining: 959
Nets remaining: 958
Best route of _7632_ collides with net: _7640_ 
Ripping up blocking net _7640_
Nets remaining: 958
Nets remaining: 957
Best route of _7611_ collides with net: _1483_ 
Ripping up blocking net _1483_
Nets remaining: 957
Nets remaining: 956
Best route of _7575_ collides with net: _6123_ 
Ripping up blocking net _6123_
Nets remaining: 956
Nets remaining: 955
Nets remaining: 954
Nets remaining: 953
Nets remaining: 952
Best route of _7424_ collides with net: _7254_ 
Ripping up blocking net _7254_
Nets remaining: 952
Best route of _7362_ collides with net: _6785_ 
Ripping up blocking net _6785_
Nets remaining: 952
Best route of _7300_ collides with nets: _7248_ _6065_ 
Ripping up blocking net _7248_
Ripping up blocking net _6065_
Nets remaining: 953
Best route of _7298_ collides with nets: _10337_ _10460_ 
Ripping up blocking net _10337_
Ripping up blocking net _10460_
Nets remaining: 954
Nets remaining: 953
Best route of _10762_[14] collides with nets: _243_ _10754_[14] 
Ripping up blocking net _243_
Ripping up blocking net _10754_[14]
Nets remaining: 954
Best route of _10762_[13] collides with net: _4947_ 
Ripping up blocking net _4947_
Nets remaining: 954
Nets remaining: 953
Best route of _7241_ collides with net: _9420_ 
Ripping up blocking net _9420_
Nets remaining: 953
Nets remaining: 952
Nets remaining: 951
Nets remaining: 950
Best route of _10762_[11] collides with nets: _5492__bF$buf26 _10758_[9] _10762_[12] _10754_[13] 
Ripping up blocking net _5492__bF$buf26
Ripping up blocking net _10758_[9]
Ripping up blocking net _10762_[12]
Ripping up blocking net _10754_[13]
Nets remaining: 953
Nets remaining: 952
Best route of _7147_ collides with net: _6383_ 
Ripping up blocking net _6383_
Nets remaining: 952
Best route of _7142_ collides with net: _7095_ 
Ripping up blocking net _7095_
Nets remaining: 952
Best route of _7097_ collides with net: _4941_ 
Ripping up blocking net _4941_
Nets remaining: 952
Nets remaining: 951
Best route of _10762_[8] collides with net: _6501_ 
Ripping up blocking net _6501_
Nets remaining: 951
Best route of _10762_[7] collides with net: _10762_[8] 
Ripping up blocking net _10762_[8]
Nets remaining: 951
Best route of _10762_[6] collides with net: _10758_[5] 
Ripping up blocking net _10758_[5]
Nets remaining: 951
Nets remaining: 950
Nets remaining: 949
Nets remaining: 948
Best route of _10762_[4] collides with net: _10757_[14] 
Ripping up blocking net _10757_[14]
Nets remaining: 948
Nets remaining: 947
Nets remaining: 946
Best route of _6721_ collides with net: _109_ 
Ripping up blocking net _109_
Nets remaining: 946
Best route of _6620_ collides with net: _3245_ 
Ripping up blocking net _3245_
Nets remaining: 946
Nets remaining: 945
Nets remaining: 944
Best route of _10765_[14] collides with net: ifft_hier0_bF$buf5 
Ripping up blocking net ifft_hier0_bF$buf5
Nets remaining: 944
Best route of _6539_ collides with net: _5512_ 
Ripping up blocking net _5512_
Nets remaining: 944
Best route of _6527_ collides with net: _6526_ 
Ripping up blocking net _6526_
Nets remaining: 944
Nets remaining: 943
Best route of x2_i[15] collides with net: x7_r[13] 
Ripping up blocking net x7_r[13]
Nets remaining: 943
Nets remaining: 942
Nets remaining: 941
Nets remaining: 940
Nets remaining: 939
Best route of _6435_ collides with nets: _834_ _814_ 
Ripping up blocking net _834_
Ripping up blocking net _814_
Nets remaining: 940
Best route of _10765_[10] collides with nets: _4572_ _6539_ 
Ripping up blocking net _4572_
Ripping up blocking net _6539_
Nets remaining: 941
Nets remaining: 940
Nets remaining: 939
Best route of _10765_[9] collides with nets: _10750_[9] _10765_[10] _6381_ 
Ripping up blocking net _10750_[9]
Ripping up blocking net _10765_[10]
Ripping up blocking net _6381_
Nets remaining: 941
Best route of _6373_ collides with net: _10758_[6] 
Ripping up blocking net _10758_[6]
Nets remaining: 941
Best route of _6365_ collides with net: _5127_ 
Ripping up blocking net _5127_
Nets remaining: 941
Nets remaining: 940
Nets remaining: 939
Nets remaining: 938
Nets remaining: 937
Nets remaining: 936
Best route of _6257_ collides with net: _6365_ 
Ripping up blocking net _6365_
Nets remaining: 936
Nets remaining: 935
Nets remaining: 934
Best route of _6244_ collides with net: _6210_ 
Ripping up blocking net _6210_
Nets remaining: 934
Nets remaining: 933
Best route of _6211_ collides with net: _5251_ 
Ripping up blocking net _5251_
Nets remaining: 933
Best route of _6207_ collides with nets: _5304_ _5167_ 
Ripping up blocking net _5304_
Ripping up blocking net _5167_
Nets remaining: 934
Best route of _10765_[6] collides with nets: _10757_[8] _10756_[13] 
Ripping up blocking net _10757_[8]
Ripping up blocking net _10756_[13]
Nets remaining: 935
Nets remaining: 934
Best route of _6192_ collides with nets: _5864_ _687_ 
Ripping up blocking net _5864_
Ripping up blocking net _687_
Nets remaining: 935
Best route of _6111_ collides with net: _10255_ 
Ripping up blocking net _10255_
Nets remaining: 935
Best route of _6106_ collides with net: _9087_ 
Ripping up blocking net _9087_
Nets remaining: 935
Best route of _6104_ collides with net: _4781_ 
Ripping up blocking net _4781_
Nets remaining: 935
Best route of _6083_ collides with net: _1942_ 
Ripping up blocking net _1942_
Nets remaining: 935
Best route of _10765_[2] collides with nets: _685_ _10757_[7] 
Ripping up blocking net _685_
Ripping up blocking net _10757_[7]
Nets remaining: 936
Best route of _5941_ collides with net: _3902_ 
Ripping up blocking net _3902_
Nets remaining: 936
Best route of _5929_ collides with net: _761_ 
Ripping up blocking net _761_
Nets remaining: 936
Best route of _10765_[1] collides with net: _5991_ 
Ripping up blocking net _5991_
Nets remaining: 936
Best route of _5891_ collides with net: x4_r[3] 
Ripping up blocking net x4_r[3]
Nets remaining: 936
Nets remaining: 935
Nets remaining: 934
Best route of _5683_ collides with net: y3_i[0] 
Ripping up blocking net y3_i[0]
Nets remaining: 934
Nets remaining: 933
Best route of _5674_ collides with net: _5637_ 
Ripping up blocking net _5637_
Nets remaining: 933
Nets remaining: 932
Nets remaining: 931
Nets remaining: 930
Nets remaining: 929
Best route of _5600_ collides with net: _5492__bF$buf9 
Ripping up blocking net _5492__bF$buf9
Nets remaining: 929
Nets remaining: 928
Best route of _5541_ collides with net: _10762_[4] 
Ripping up blocking net _10762_[4]
Nets remaining: 928
Nets remaining: 927
Best route of _10764_[10] collides with nets: _5294_ _5614_ 
Ripping up blocking net _5294_
Ripping up blocking net _5614_
Nets remaining: 928
Best route of _5517_ collides with net: _5478_ 
Ripping up blocking net _5478_
Nets remaining: 928
Best route of _5447_ collides with nets: _5459_ _5441_ 
Ripping up blocking net _5459_
Ripping up blocking net _5441_
Nets remaining: 929
Best route of _5434_ collides with net: _10757_[1] 
Ripping up blocking net _10757_[1]
Nets remaining: 929
Best route of _5307_ collides with net: _4823_ 
Ripping up blocking net _4823_
Nets remaining: 929
Nets remaining: 928
Best route of _5175_ collides with net: _5106_ 
Ripping up blocking net _5106_
Nets remaining: 928
Best route of _5004_ collides with nets: ifft_bF$buf35 _6362_ 
Ripping up blocking net ifft_bF$buf35
Ripping up blocking net _6362_
Nets remaining: 929
Best route of _4994_ collides with net: _4820_ 
Ripping up blocking net _4820_
Nets remaining: 929
Best route of _4973_ collides with nets: _4674_ _6104_ 
Ripping up blocking net _4674_
Ripping up blocking net _6104_
Nets remaining: 930
Nets remaining: 929
Nets remaining: 928
Nets remaining: 927
Nets remaining: 926
Nets remaining: 925
Best route of _4732_ collides with net: _4929_ 
Ripping up blocking net _4929_
Nets remaining: 925
Best route of _4613_ collides with net: _4270_ 
Ripping up blocking net _4270_
Nets remaining: 925
Best route of _4571_ collides with net: _4318_ 
Ripping up blocking net _4318_
Nets remaining: 925
Nets remaining: 924
Best route of _4565_ collides with net: _4039_ 
Ripping up blocking net _4039_
Nets remaining: 924
Best route of _4554_ collides with nets: _4551_ _10756_[4] 
Ripping up blocking net _4551_
Ripping up blocking net _10756_[4]
Nets remaining: 925
Nets remaining: 924
Best route of _4292_ collides with net: _7875_ 
Ripping up blocking net _7875_
Nets remaining: 924
Nets remaining: 923
Nets remaining: 922
Nets remaining: 921
Best route of _4152_ collides with net: _3795_ 
Ripping up blocking net _3795_
Nets remaining: 921
Nets remaining: 920
Best route of _4058_ collides with net: _4059_ 
Ripping up blocking net _4059_
Nets remaining: 920
Nets remaining: 919
Nets remaining: 918
Best route of _3760_ collides with net: _3790_ 
Ripping up blocking net _3790_
Nets remaining: 918
Best route of _3756_ collides with nets: _3087_ _2739_ 
Ripping up blocking net _3087_
Ripping up blocking net _2739_
Nets remaining: 919
Nets remaining: 918
Nets remaining: 917
Nets remaining: 916
Best route of _3652_ collides with net: _3283_ 
Ripping up blocking net _3283_
Nets remaining: 916
Best route of _10764_[1] collides with net: _1779_ 
Ripping up blocking net _1779_
Nets remaining: 916
Nets remaining: 915
Nets remaining: 914
Nets remaining: 913
Nets remaining: 912
Nets remaining: 911
Nets remaining: 910
Best route of _3316_ collides with net: _3320_ 
Ripping up blocking net _3320_
Nets remaining: 910
Nets remaining: 909
Nets remaining: 908
Best route of _3020_ collides with net: _3013_ 
Ripping up blocking net _3013_
Nets remaining: 908
Best route of _2924_ collides with net: _2925_ 
Ripping up blocking net _2925_
Nets remaining: 908
Nets remaining: 907
Nets remaining: 906
Nets remaining: 905
Nets remaining: 904
Nets remaining: 903
Nets remaining: 902
Best route of _2735_ collides with net: _3099_ 
Ripping up blocking net _3099_
Nets remaining: 902
Best route of x1_i[10] collides with net: x0_r[9] 
Ripping up blocking net x0_r[9]
Nets remaining: 902
Nets remaining: 901
Nets remaining: 900
Best route of _2563_ collides with net: _1776_ 
Ripping up blocking net _1776_
Nets remaining: 900
Best route of _2556_ collides with net: _2551_ 
Ripping up blocking net _2551_
Nets remaining: 900
Best route of _2382_ collides with net: _9844_ 
Ripping up blocking net _9844_
Nets remaining: 900
Nets remaining: 899
Nets remaining: 898
Nets remaining: 897
Best route of _2129_ collides with net: _2121_ 
Ripping up blocking net _2121_
Nets remaining: 897
Best route of _2046_ collides with net: _2047_ 
Ripping up blocking net _2047_
Nets remaining: 897
Nets remaining: 896
Nets remaining: 895
Best route of _1964_ collides with net: _6084_ 
Ripping up blocking net _6084_
Nets remaining: 895
Nets remaining: 894
Best route of _1888_ collides with net: _2377_ 
Ripping up blocking net _2377_
Nets remaining: 894
Best route of _1887_ collides with net: _5710_ 
Ripping up blocking net _5710_
Nets remaining: 894
Nets remaining: 893
Best route of _1675_ collides with nets: _1681_ _3066_ 
Ripping up blocking net _1681_
Ripping up blocking net _3066_
Nets remaining: 894
Nets remaining: 893
Nets remaining: 892
Best route of _10084_ collides with net: _199_ 
Ripping up blocking net _199_
Nets remaining: 892
Nets remaining: 891
Best route of _9395_ collides with net: _1352_ 
Ripping up blocking net _1352_
Nets remaining: 891
Best route of _8958_ collides with net: _10459_ 
Ripping up blocking net _10459_
Nets remaining: 891
Nets remaining: 890
Nets remaining: 889
Nets remaining: 888
Best route of _8067_ collides with net: _8078_ 
Ripping up blocking net _8078_
Nets remaining: 888
Nets remaining: 887
Nets remaining: 886
Nets remaining: 885
Best route of _6519_ collides with net: _5914_ 
Ripping up blocking net _5914_
Nets remaining: 885
Nets remaining: 884
Nets remaining: 883
Nets remaining: 882
Nets remaining: 881
Nets remaining: 880
Nets remaining: 879
Nets remaining: 878
Best route of _1422_ collides with net: _378_ 
Ripping up blocking net _378_
Nets remaining: 878
Best route of _1421_ collides with net: _387_ 
Ripping up blocking net _387_
Nets remaining: 878
Nets remaining: 877
Best route of _1402_ collides with nets: _6426_ x4_i[7] _10754_[11] _5144_ 
Ripping up blocking net _6426_
Ripping up blocking net x4_i[7]
Ripping up blocking net _10754_[11]
Ripping up blocking net _5144_
Nets remaining: 880
Nets remaining: 879
Nets remaining: 878
Nets remaining: 877
Best route of _1320_ collides with net: _1323_ 
Ripping up blocking net _1323_
Nets remaining: 877
Nets remaining: 876
Nets remaining: 875
Nets remaining: 874
Best route of _1289_ collides with net: _9498_ 
Ripping up blocking net _9498_
Nets remaining: 874
Nets remaining: 873
Best route of _1244_ collides with net: _10635_ 
Ripping up blocking net _10635_
Nets remaining: 873
Nets remaining: 872
Best route of _1197_ collides with net: _10517_ 
Ripping up blocking net _10517_
Nets remaining: 872
Best route of _1186_ collides with net: ifft_bF$buf24 
Ripping up blocking net ifft_bF$buf24
Nets remaining: 872
Best route of _1180_ collides with net: _5510_ 
Ripping up blocking net _5510_
Nets remaining: 872
Nets remaining: 871
Best route of _1166_ collides with net: _6195_ 
Ripping up blocking net _6195_
Nets remaining: 871
Best route of _1165_ collides with net: _10380_ 
Ripping up blocking net _10380_
Nets remaining: 871
Nets remaining: 870
Nets remaining: 869
Nets remaining: 868
Best route of _1119_ collides with nets: _9872_ _9989_ _5492__bF$buf23 
Ripping up blocking net _9872_
Ripping up blocking net _9989_
Ripping up blocking net _5492__bF$buf23
Nets remaining: 870
Nets remaining: 869
Nets remaining: 868
Best route of _1097_ collides with net: _9323_ 
Ripping up blocking net _9323_
Nets remaining: 868
Nets remaining: 867
Best route of _1073_ collides with nets: _8494_ _10536_ ifft_bF$buf6 
Ripping up blocking net _8494_
Ripping up blocking net _10536_
Ripping up blocking net ifft_bF$buf6
Nets remaining: 869
Nets remaining: 868
Nets remaining: 867
Best route of _1027_ collides with nets: _7754_ _7717_ 
Ripping up blocking net _7754_
Ripping up blocking net _7717_
Nets remaining: 868
Nets remaining: 867
Nets remaining: 866
Nets remaining: 865
Nets remaining: 864
Nets remaining: 863
Best route of _985_ collides with net: _4999_ 
Ripping up blocking net _4999_
Nets remaining: 863
Nets remaining: 862
Best route of _10754_[15] collides with net: _10762_[11] 
Ripping up blocking net _10762_[11]
Nets remaining: 862
Nets remaining: 861
Nets remaining: 860
Nets remaining: 859
Best route of _931_ collides with net: _5431_ 
Ripping up blocking net _5431_
Nets remaining: 859
Nets remaining: 858
Nets remaining: 857
Best route of _913_ collides with net: _1879_ 
Ripping up blocking net _1879_
Nets remaining: 857
Nets remaining: 856
Nets remaining: 855
Best route of _886_ collides with nets: _884_ _10765_[7] 
Ripping up blocking net _884_
Ripping up blocking net _10765_[7]
Nets remaining: 856
Nets remaining: 855
Nets remaining: 854
Nets remaining: 853
Best route of _869_ collides with net: _6439_ 
Ripping up blocking net _6439_
Nets remaining: 853
Nets remaining: 852
Nets remaining: 851
Nets remaining: 850
Nets remaining: 849
Nets remaining: 848
Best route of _763_ collides with nets: _1834_ _5876_ 
Ripping up blocking net _1834_
Ripping up blocking net _5876_
Nets remaining: 849
Best route of _746_ collides with net: _744_ 
Ripping up blocking net _744_
Nets remaining: 849
Nets remaining: 848
Best route of _663_ collides with nets: _4613_ _653_ _689_ 
Ripping up blocking net _4613_
Ripping up blocking net _653_
Ripping up blocking net _689_
Nets remaining: 850
Best route of _648_ collides with net: _10756_[2] 
Ripping up blocking net _10756_[2]
Nets remaining: 850
Nets remaining: 849
Nets remaining: 848
Nets remaining: 847
Nets remaining: 846
Nets remaining: 845
Best route of _392_ collides with net: _10754_[3] 
Ripping up blocking net _10754_[3]
Nets remaining: 845
Best route of _386_ collides with net: _385_ 
Ripping up blocking net _385_
Nets remaining: 845
Best route of _369_ collides with net: _5601_ 
Ripping up blocking net _5601_
Nets remaining: 845
Nets remaining: 844
Nets remaining: 843
Best route of _334_ collides with nets: _956_ _7247_ _1412_ 
Ripping up blocking net _956_
Ripping up blocking net _7247_
Ripping up blocking net _1412_
Nets remaining: 845
Best route of _252_ collides with net: _6989_ 
Ripping up blocking net _6989_
Nets remaining: 845
Nets remaining: 844
Best route of _209_ collides with net: _3716_ 
Ripping up blocking net _3716_
Nets remaining: 844
Best route of _195_ collides with nets: _6476_ _1976_ 
Ripping up blocking net _6476_
Ripping up blocking net _1976_
Nets remaining: 845
Best route of _154_ collides with nets: _7249_ _7334_ 
Ripping up blocking net _7249_
Ripping up blocking net _7334_
Nets remaining: 846
Nets remaining: 845
Nets remaining: 844
Best route of _81_ collides with net: _510_ 
Ripping up blocking net _510_
Nets remaining: 844
Nets remaining: 843
Nets remaining: 842
Best route of _44_ collides with nets: _1465_ _81_ 
Ripping up blocking net _1465_
Ripping up blocking net _81_
Nets remaining: 843
Best route of _36_ collides with nets: _89_ _9698_ _9597_ 
Ripping up blocking net _89_
Ripping up blocking net _9698_
Ripping up blocking net _9597_
Nets remaining: 845
Best route of _33_ collides with net: _9687_ 
Ripping up blocking net _9687_
Nets remaining: 845
Nets remaining: 844
Best route of _10746_ collides with nets: _10099_ _3_ _603_ 
Ripping up blocking net _10099_
Ripping up blocking net _3_
Ripping up blocking net _603_
Nets remaining: 846
Nets remaining: 845
Best route of _10714_ collides with net: _12_ 
Ripping up blocking net _12_
Nets remaining: 845
Nets remaining: 844
Best route of _10680_ collides with nets: _10672_ _10641_ 
Ripping up blocking net _10672_
Ripping up blocking net _10641_
Nets remaining: 845
Best route of _10670_ collides with nets: _10680_ _54_ 
Ripping up blocking net _10680_
Ripping up blocking net _54_
Nets remaining: 846
Nets remaining: 845
Best route of _10644_ collides with nets: _6414_ _9661_ 
Ripping up blocking net _6414_
Ripping up blocking net _9661_
Nets remaining: 846
Nets remaining: 845
Best route of _10557_ collides with nets: _10559_ _8943_ 
Ripping up blocking net _10559_
Ripping up blocking net _8943_
Nets remaining: 846
Best route of _10546_ collides with net: _8960_ 
Ripping up blocking net _8960_
Nets remaining: 846
Best route of _10543_ collides with net: _8965_ 
Ripping up blocking net _8965_
Nets remaining: 846
Best route of _10524_ collides with nets: _8528_ _9008_ 
Ripping up blocking net _8528_
Ripping up blocking net _9008_
Nets remaining: 847
Best route of _10521_ collides with nets: _9006_ _10557_ 
Ripping up blocking net _9006_
Ripping up blocking net _10557_
Nets remaining: 848
Best route of _10520_ collides with nets: _6674_ _10539_ 
Ripping up blocking net _6674_
Ripping up blocking net _10539_
Nets remaining: 849
Nets remaining: 848
Best route of _10498_ collides with nets: _8775_ _8981_ 
Ripping up blocking net _8775_
Ripping up blocking net _8981_
Nets remaining: 849
Best route of _10497_ collides with net: _8290_ 
Ripping up blocking net _8290_
Nets remaining: 849
Best route of _10476_ collides with nets: _10475_ _10497_ 
Ripping up blocking net _10475_
Ripping up blocking net _10497_
Nets remaining: 850
Best route of _10428_ collides with nets: _8055_ _6906_ 
Ripping up blocking net _8055_
Ripping up blocking net _6906_
Nets remaining: 851
Nets remaining: 850
Nets remaining: 849
Best route of _10420_ collides with net: _7057_ 
Ripping up blocking net _7057_
Nets remaining: 849
Best route of _10415_ collides with net: _10398_ 
Ripping up blocking net _10398_
Nets remaining: 849
Nets remaining: 848
Nets remaining: 847
Nets remaining: 846
Best route of _10401_ collides with net: _10402_ 
Ripping up blocking net _10402_
Nets remaining: 846
Nets remaining: 845
Nets remaining: 844
Nets remaining: 843
Best route of _10369_ collides with net: _10360_ 
Ripping up blocking net _10360_
Nets remaining: 843
Best route of _10368_ collides with net: _10425_ 
Ripping up blocking net _10425_

No progress at level of effort 20; ending 2nd stage.

----------------------------------------------
Progress: Stage 2 total routes completed: 25782
Failed net routes: 843
----------------------------------------------
*** Running stage2 routing with options mask 20, effort 10
Nets remaining: 843
Best route of _10366_ collides with net: _10343_ 
Ripping up blocking net _10343_
Nets remaining: 843
Nets remaining: 842
Best route of _10234_ collides with net: _7250_ 
Ripping up blocking net _7250_
Nets remaining: 842
Best route of _10190_ collides with net: _9984_ 
Ripping up blocking net _9984_
Nets remaining: 842
Best route of _10185_ collides with net: _10055_ 
Ripping up blocking net _10055_
Nets remaining: 842
Nets remaining: 841
Best route of _10159_ collides with nets: _9435_ x4_r[7] _10157_ 
Ripping up blocking net _9435_
Ripping up blocking net x4_r[7]
Ripping up blocking net _10157_
Nets remaining: 843
Best route of _10087_ collides with nets: _10183_ _10110_ 
Ripping up blocking net _10183_
Ripping up blocking net _10110_
Nets remaining: 844
Best route of _10022_ collides with net: _10024_ 
Ripping up blocking net _10024_
Nets remaining: 844
Best route of _9991_ collides with nets: _10087_ _10736_ 
Ripping up blocking net _10087_
Ripping up blocking net _10736_
Nets remaining: 845
Best route of _9959_ collides with net: _9612_ 
Ripping up blocking net _9612_
Nets remaining: 845
Best route of _9945_ collides with net: _9642_ 
Ripping up blocking net _9642_
Nets remaining: 845
Best route of _9939_ collides with nets: _7257_ _392_ 
Ripping up blocking net _7257_
Ripping up blocking net _392_
Nets remaining: 846
Best route of _9929_ collides with net: _6662_ 
Ripping up blocking net _6662_
Nets remaining: 846
Nets remaining: 845
Best route of _9897_ collides with net: _8123_ 
Ripping up blocking net _8123_
Nets remaining: 845
Nets remaining: 844
Nets remaining: 843
Nets remaining: 842
Best route of _9662_ collides with net: _9663_ 
Ripping up blocking net _9663_
Nets remaining: 842
Nets remaining: 841

No progress at level of effort 10; ending 2nd stage.

----------------------------------------------
Progress: Stage 2 total routes completed: 25815
Failed net routes: 840
----------------------------------------------
*** Running stage2 routing with options mask 30, effort 10
Nets remaining: 840
Best route of _9651_ collides with net: _9652_ 
Ripping up blocking net _9652_
Nets remaining: 840
Nets remaining: 839
Best route of _9641_ collides with net: _9827_ 
Ripping up blocking net _9827_
Nets remaining: 839
Nets remaining: 838
Best route of _9638_ collides with net: _9281_ 
Ripping up blocking net _9281_
Nets remaining: 838
Nets remaining: 837
Nets remaining: 836
Best route of _9621_ collides with nets: y6_r[4] _6112_ 
Ripping up blocking net y6_r[4]
Ripping up blocking net _6112_
Nets remaining: 837
Best route of _9619_ collides with nets: _9618_ _9818_ _9451_ _9449_ 
Ripping up blocking net _9618_
Ripping up blocking net _9818_
Ripping up blocking net _9451_
Ripping up blocking net _9449_
Nets remaining: 840
Best route of _9615_ collides with net: _9452_ 
Ripping up blocking net _9452_
Nets remaining: 840
Best route of _9598_ collides with nets: _1318_ _10616_ _1301_ _9666_ 
Ripping up blocking net _1318_
Ripping up blocking net _10616_
Ripping up blocking net _1301_
Ripping up blocking net _9666_
Nets remaining: 843
Nets remaining: 842
Nets remaining: 841
Best route of _9529_ collides with net: _10637_ 
Ripping up blocking net _10637_
Nets remaining: 841
Nets remaining: 840
Best route of _9508_ collides with nets: _9703_ _9512_ 
Ripping up blocking net _9703_
Ripping up blocking net _9512_
Nets remaining: 841
Best route of _9498_ collides with nets: _9500_ _9485_ 
Ripping up blocking net _9500_
Ripping up blocking net _9485_
Nets remaining: 842
Best route of _9497_ collides with net: _9496_ 
Ripping up blocking net _9496_
Nets remaining: 842
Best route of _9489_ collides with nets: _8659_ _10521_ 
Ripping up blocking net _8659_
Ripping up blocking net _10521_
Nets remaining: 843
Nets remaining: 842
Best route of _9471_ collides with nets: _8929_ _9463_ _5505_ _5500_ 
Ripping up blocking net _8929_
Ripping up blocking net _9463_
Ripping up blocking net _5505_
Ripping up blocking net _5500_
Nets remaining: 845
Best route of _9470_ collides with nets: _9302_ _6334_ y6_r[9] _9471_ 
Ripping up blocking net _9302_
Ripping up blocking net _6334_
Ripping up blocking net y6_r[9]
Ripping up blocking net _9471_

No progress at level of effort 10; ending 2nd stage.

----------------------------------------------
Progress: Stage 2 total routes completed: 25853
Failed net routes: 848
----------------------------------------------
*** Running stage2 routing with options mask 110, effort 20
Nets remaining: 848
Best route of _9469_ collides with nets: _5270_ y0_r[12] 
Ripping up blocking net _5270_
Ripping up blocking net y0_r[12]
Nets remaining: 849
Best route of _9455_ collides with net: _9085_ 
Ripping up blocking net _9085_
Nets remaining: 849
Best route of _9448_ collides with nets: x5_i[4] _9455_ 
Ripping up blocking net x5_i[4]
Ripping up blocking net _9455_
Nets remaining: 850
Nets remaining: 849
Best route of _9446_ collides with net: _9082_ 
Ripping up blocking net _9082_
Nets remaining: 849
Best route of _9412_ collides with net: _10524_ 
Ripping up blocking net _10524_
Nets remaining: 849
Nets remaining: 848
Nets remaining: 847
Best route of _9312_ collides with nets: _1097_ _8778_ _9128_ _1086_ _9907_ 
Ripping up blocking net _1097_
Ripping up blocking net _8778_
Ripping up blocking net _9128_
Ripping up blocking net _1086_
Ripping up blocking net _9907_
Nets remaining: 851
Nets remaining: 850
Nets remaining: 849
Best route of _9292_ collides with nets: _9293_ _6458_ _9448_ 
Ripping up blocking net _9293_
Ripping up blocking net _6458_
Ripping up blocking net _9448_
Nets remaining: 851
Best route of _9288_ collides with net: _9292_ 
Ripping up blocking net _9292_
Nets remaining: 851
Best route of _9287_ collides with net: _9288_ 
Ripping up blocking net _9288_
Nets remaining: 851
Nets remaining: 850
Best route of _9280_ collides with net: _9287_ 
Ripping up blocking net _9287_
Nets remaining: 850
Nets remaining: 849
Best route of _9278_ collides with net: _9470_ 
Ripping up blocking net _9470_
Nets remaining: 849
Nets remaining: 848
Best route of _9273_ collides with nets: _9278_ x6_i[11] _8921_ _9279_ 
Ripping up blocking net _9278_
Ripping up blocking net x6_i[11]
Ripping up blocking net _8921_
Ripping up blocking net _9279_
Nets remaining: 851
Nets remaining: 850
Best route of _9269_ collides with nets: _9081_ _9615_ 
Ripping up blocking net _9081_
Ripping up blocking net _9615_
Nets remaining: 851
Best route of _9263_ collides with nets: _6111_ _1958_ 
Ripping up blocking net _6111_
Ripping up blocking net _1958_
Nets remaining: 852
Best route of _9258_ collides with nets: _9083_ _9456_ 
Ripping up blocking net _9083_
Ripping up blocking net _9456_
Nets remaining: 853
Nets remaining: 852
Nets remaining: 851
Best route of _9202_ collides with nets: _9200_ _9203_ 
Ripping up blocking net _9200_
Ripping up blocking net _9203_
Nets remaining: 852
Nets remaining: 851
Best route of _9169_ collides with net: _9596_ 
Ripping up blocking net _9596_
Nets remaining: 851
Nets remaining: 850
Nets remaining: 849
Best route of _9126_ collides with net: _10758_[3] 
Ripping up blocking net _10758_[3]
Nets remaining: 849
Best route of _9123_ collides with net: _9312_ 
Ripping up blocking net _9312_
Nets remaining: 849
Best route of _9114_ collides with net: _5489_ 
Ripping up blocking net _5489_
Nets remaining: 849
Best route of _9113_ collides with net: _9277_ 
Ripping up blocking net _9277_
Nets remaining: 849
Best route of _9109_ collides with net: _7099_ 
Ripping up blocking net _7099_
Nets remaining: 849
Nets remaining: 848
Nets remaining: 847
Best route of _9104_ collides with nets: _8782_ _5492__bF$buf21 _1408_ 
Ripping up blocking net _8782_
Ripping up blocking net _5492__bF$buf21
Ripping up blocking net _1408_
Nets remaining: 849
Best route of _9098_ collides with nets: x5_i[3] _9454_ 
Ripping up blocking net x5_i[3]
Ripping up blocking net _9454_
Nets remaining: 850
Best route of _9090_ collides with net: _9258_ 
Ripping up blocking net _9258_
Nets remaining: 850

No progress at level of effort 20; ending 2nd stage.

----------------------------------------------
Progress: Stage 2 total routes completed: 25923
Failed net routes: 849
----------------------------------------------
*** Running stage2 routing with options mask 40, effort 10
Nets remaining: 849
Best route of _9065_ collides with nets: x0_r[14] _10212_ _5656_ _9069_ 
Ripping up blocking net x0_r[14]
Ripping up blocking net _10212_
Ripping up blocking net _5656_
Ripping up blocking net _9069_
Nets remaining: 852
Best route of _9061_ collides with nets: _10477_ _9156_ _10485_ _9137_ 
Ripping up blocking net _10477_
Ripping up blocking net _9156_
Ripping up blocking net _10485_
Ripping up blocking net _9137_
Nets remaining: 855
Best route of _9059_ collides with net: _1073_ 
Ripping up blocking net _1073_
Nets remaining: 855
Nets remaining: 854
Best route of _9005_ collides with net: _9061_ 
Ripping up blocking net _9061_
Nets remaining: 854
Best route of _8986_ collides with nets: _5492__bF$buf3 _8467_ 
Ripping up blocking net _5492__bF$buf3
Ripping up blocking net _8467_
Nets remaining: 855
Nets remaining: 854
Nets remaining: 853
Nets remaining: 852
Nets remaining: 851
Nets remaining: 850
Nets remaining: 849
Nets remaining: 848
Nets remaining: 847
Nets remaining: 846
Best route of _8685_ collides with net: _8679_ 
Ripping up blocking net _8679_
Nets remaining: 846
Nets remaining: 845
Nets remaining: 844
Best route of _8598_ collides with net: _10210_ 
Ripping up blocking net _10210_
Nets remaining: 844
Nets remaining: 843
Best route of _8549_ collides with net: _8548_ 
Ripping up blocking net _8548_
Nets remaining: 843
Nets remaining: 842
Best route of _8545_ collides with net: _8170_ 
Ripping up blocking net _8170_
Nets remaining: 842
Nets remaining: 841
Best route of _8514_ collides with nets: _8964_ _6006_ 
Ripping up blocking net _8964_
Ripping up blocking net _6006_
Nets remaining: 842
Best route of _8502_ collides with net: y4_r[4] 
Ripping up blocking net y4_r[4]
Nets remaining: 842
Nets remaining: 841
Nets remaining: 840
Nets remaining: 839
Nets remaining: 838
Nets remaining: 837
Best route of _8357_ collides with net: _9016_ 
Ripping up blocking net _9016_
Nets remaining: 837
Best route of _8351_ collides with net: _7999_ 
Ripping up blocking net _7999_
Nets remaining: 837
Best route of _8341_ collides with nets: _8332_ _8339_ 
Ripping up blocking net _8332_
Ripping up blocking net _8339_
Nets remaining: 838
Best route of _8270_ collides with net: x7_r[1] 
Ripping up blocking net x7_r[1]
Nets remaining: 838
Best route of _8217_ collides with nets: _7298_ _1172_ _1143_ 
Ripping up blocking net _7298_
Ripping up blocking net _1172_
Ripping up blocking net _1143_
Nets remaining: 840
Best route of _8169_ collides with net: _7624_ 
Ripping up blocking net _7624_
Nets remaining: 840
Nets remaining: 839
Best route of _7922_ collides with net: _6215_ 
Ripping up blocking net _6215_
Nets remaining: 839
Best route of _7869_ collides with nets: _641_ _5926_ _209_ 
Ripping up blocking net _641_
Ripping up blocking net _5926_
Ripping up blocking net _209_
Nets remaining: 841
Nets remaining: 840
Nets remaining: 839
Best route of _7672_ collides with nets: _542_ _1028_ 
Ripping up blocking net _542_
Ripping up blocking net _1028_
Nets remaining: 840
Best route of _7640_ collides with net: _7633_ 
Ripping up blocking net _7633_
Nets remaining: 840
Best route of _7585_ collides with nets: _9065_ x4_i[14] 
Ripping up blocking net _9065_
Ripping up blocking net x4_i[14]
Nets remaining: 841
Best route of _7560_ collides with net: _7788_ 
Ripping up blocking net _7788_
Nets remaining: 841
Best route of _7541_ collides with nets: _10443_ _10405_ 
Ripping up blocking net _10443_
Ripping up blocking net _10405_
Nets remaining: 842
Nets remaining: 841
Nets remaining: 840
Best route of _7502_ collides with net: _7541_ 
Ripping up blocking net _7541_
Nets remaining: 840
Nets remaining: 839
Nets remaining: 838
Best route of _7455_ collides with net: _44_ 
Ripping up blocking net _44_
Nets remaining: 838
Best route of _7453_ collides with nets: _9080_ _7502_ _9116_ 
Ripping up blocking net _9080_
Ripping up blocking net _7502_
Ripping up blocking net _9116_
Nets remaining: 840
Best route of _7451_ collides with net: _619_ 
Ripping up blocking net _619_

No progress at level of effort 10; ending 2nd stage.

----------------------------------------------
Progress: Stage 2 total routes completed: 26011
Failed net routes: 840
----------------------------------------------
*** Running stage2 routing with options mask 50, effort 10
Nets remaining: 840
Best route of _7427_ collides with net: _8341_ 
Ripping up blocking net _8341_
Nets remaining: 840
Nets remaining: 839
Best route of _7408_ collides with net: _7723_ 
Ripping up blocking net _7723_
Nets remaining: 839
Best route of _7407_ collides with net: _8415_ 
Ripping up blocking net _8415_
Nets remaining: 839
Nets remaining: 838
Best route of _7384_ collides with net: _7430_ 
Ripping up blocking net _7430_
Nets remaining: 838
Best route of _7351_ collides with net: _6712_ 
Ripping up blocking net _6712_
Nets remaining: 838
Nets remaining: 837
Nets remaining: 836
Nets remaining: 835
Nets remaining: 834
Nets remaining: 833
Best route of _7086_ collides with nets: _700_ _1968_ _213_ 
Ripping up blocking net _700_
Ripping up blocking net _1968_
Ripping up blocking net _213_
Nets remaining: 835
Best route of _7076_ collides with nets: _9104_ _3368_ 
Ripping up blocking net _9104_
Ripping up blocking net _3368_
Nets remaining: 836
Best route of _7044_ collides with nets: x2_r[8] _334_ 
Ripping up blocking net x2_r[8]
Ripping up blocking net _334_
Nets remaining: 837
Best route of _7023_ collides with nets: _1611_ _2591_ _7665_ _7028_ 
Ripping up blocking net _1611_
Ripping up blocking net _2591_
Ripping up blocking net _7665_
Ripping up blocking net _7028_
Nets remaining: 840
Best route of _6978_ collides with net: _9855_ 
Ripping up blocking net _9855_
Nets remaining: 840
Nets remaining: 839
Best route of _6838_ collides with net: _5492__bF$buf50 
Ripping up blocking net _5492__bF$buf50
Nets remaining: 839
Best route of _6836_ collides with nets: x1_i[3] _7111_ _10381_ _72_ _67_ _10353_ 
Ripping up blocking net x1_i[3]
Ripping up blocking net _7111_
Ripping up blocking net _10381_
Ripping up blocking net _72_
Ripping up blocking net _67_
Ripping up blocking net _10353_
Nets remaining: 844
Nets remaining: 843

No progress at level of effort 10; ending 2nd stage.

----------------------------------------------
Progress: Stage 2 total routes completed: 26093
Failed net routes: 842
----------------------------------------------
*** Running stage2 routing with options mask 130, effort 20
Nets remaining: 842
Nets remaining: 841
Nets remaining: 840
Nets remaining: 839
Best route of _6659_ collides with net: _6638_ 
Ripping up blocking net _6638_
Nets remaining: 839
Nets remaining: 838
Nets remaining: 837
Best route of _6536_ collides with net: _5572_ 
Ripping up blocking net _5572_
Nets remaining: 837
Best route of _6517_ collides with net: _9112_ 
Ripping up blocking net _9112_
Nets remaining: 837
Nets remaining: 836
Nets remaining: 835
Best route of _6369_ collides with nets: _10765_[1] _10756_[6] 
Ripping up blocking net _10765_[1]
Ripping up blocking net _10756_[6]
Nets remaining: 836
Nets remaining: 835
Best route of _6260_ collides with net: _6295_ 
Ripping up blocking net _6295_
Nets remaining: 835
Best route of _6258_ collides with net: _6260_ 
Ripping up blocking net _6260_
Nets remaining: 835
Nets remaining: 834
Best route of x2_i[10] collides with nets: _7198_ _9077_ 
Ripping up blocking net _7198_
Ripping up blocking net _9077_
Nets remaining: 835
Nets remaining: 834
Nets remaining: 833
Nets remaining: 832
Best route of _6064_ collides with nets: _6078_ _3701_ _2627_ 
Ripping up blocking net _6078_
Ripping up blocking net _3701_
Ripping up blocking net _2627_
Nets remaining: 834
Nets remaining: 833
Nets remaining: 832
Best route of x2_i[5] collides with nets: x1_i[6] x3_r[5] 
Ripping up blocking net x1_i[6]
Ripping up blocking net x3_r[5]
Nets remaining: 833
Best route of _5944_ collides with nets: x6_i[4] _5953_ _5952_ 
Ripping up blocking net x6_i[4]
Ripping up blocking net _5953_
Ripping up blocking net _5952_
Nets remaining: 835
Best route of _5936_ collides with net: _3411_ 
Ripping up blocking net _3411_
Nets remaining: 835
Best route of _5807_ collides with nets: _5806_ _2463_ ifft_bF$buf29 
Ripping up blocking net _5806_
Ripping up blocking net _2463_
Ripping up blocking net ifft_bF$buf29
Nets remaining: 837
Nets remaining: 836
Nets remaining: 835
Nets remaining: 834
Best route of _5670_ collides with net: _5627_ 
Ripping up blocking net _5627_
Nets remaining: 834
Nets remaining: 833
Nets remaining: 832
Best route of _5623_ collides with net: _5471_ 
Ripping up blocking net _5471_
Nets remaining: 832
Nets remaining: 831
Nets remaining: 830
Nets remaining: 829
Nets remaining: 828
Best route of x0_i[13] collides with net: _9256_ 
Ripping up blocking net _9256_
Nets remaining: 828
Best route of x4_i[13] collides with net: _9271_ 
Ripping up blocking net _9271_
Nets remaining: 828
Nets remaining: 827
Best route of _5357_ collides with net: _5186_ 
Ripping up blocking net _5186_
Nets remaining: 827
Best route of _5249_ collides with nets: _6320_ _6211_ 
Ripping up blocking net _6320_
Ripping up blocking net _6211_
Nets remaining: 828
Best route of _5244_ collides with net: _5213_ 
Ripping up blocking net _5213_
Nets remaining: 828
Nets remaining: 827
Nets remaining: 826
Best route of _5076_ collides with nets: _4970_ _4825_ 
Ripping up blocking net _4970_
Ripping up blocking net _4825_
Nets remaining: 827
Nets remaining: 826
Best route of _4990_ collides with net: _5068_ 
Ripping up blocking net _5068_
Nets remaining: 826
Best route of x2_r[9] collides with net: x4_r[9] 
Ripping up blocking net x4_r[9]
Nets remaining: 826
Best route of _4883_ collides with net: _4889_ 
Ripping up blocking net _4889_
Nets remaining: 826
Nets remaining: 825
Best route of _4830_ collides with net: _4619_ 
Ripping up blocking net _4619_
Nets remaining: 825
Best route of x2_r[8] collides with net: _7044_ 
Ripping up blocking net _7044_
Nets remaining: 825
Best route of x2_r[7] collides with net: _8664_ 
Ripping up blocking net _8664_
Nets remaining: 825
Nets remaining: 824
Nets remaining: 823
Best route of _4404_ collides with net: _4402_ 
Ripping up blocking net _4402_
Nets remaining: 823
Best route of _4391_ collides with net: _570_ 
Ripping up blocking net _570_
Nets remaining: 823
Best route of _4294_ collides with net: _9090_ 
Ripping up blocking net _9090_
Nets remaining: 823
Best route of _4283_ collides with net: _3711_ 
Ripping up blocking net _3711_
Nets remaining: 823
Nets remaining: 822
Best route of _4187_ collides with net: _4185_ 
Ripping up blocking net _4185_
Nets remaining: 822
Nets remaining: 821
Best route of _4099_ collides with net: _4375_ 
Ripping up blocking net _4375_
Nets remaining: 821
Nets remaining: 820
Nets remaining: 819
Nets remaining: 818
Nets remaining: 817
Best route of _3998_ collides with nets: _10760_[14] _3999_ _3689_ 
Ripping up blocking net _10760_[14]
Ripping up blocking net _3999_
Ripping up blocking net _3689_
Nets remaining: 819
Nets remaining: 818
Best route of _3893_ collides with net: _3888_ 
Ripping up blocking net _3888_
Nets remaining: 818
Nets remaining: 817
Nets remaining: 816
Best route of _3870_ collides with net: _3871_ 
Ripping up blocking net _3871_
Nets remaining: 816
Nets remaining: 815
Nets remaining: 814
Best route of _3768_ collides with nets: _3767_ _2528_ 
Ripping up blocking net _3767_
Ripping up blocking net _2528_
Nets remaining: 815
Nets remaining: 814
Nets remaining: 813
Nets remaining: 812
Best route of _3472_ collides with net: _629_ 
Ripping up blocking net _629_
Nets remaining: 812
Nets remaining: 811
Nets remaining: 810
Best route of _3459_ collides with net: _601_ 
Ripping up blocking net _601_
Nets remaining: 810
Best route of _3446_ collides with nets: _6978_ _1770_ 
Ripping up blocking net _6978_
Ripping up blocking net _1770_
Nets remaining: 811
Nets remaining: 810
Best route of _3271_ collides with net: _3224_ 
Ripping up blocking net _3224_
Nets remaining: 810
Best route of _3209_ collides with net: _2523_ 
Ripping up blocking net _2523_
Nets remaining: 810
Nets remaining: 809
Nets remaining: 808
Nets remaining: 807
Nets remaining: 806
Best route of _2918_ collides with net: _3204_ 
Ripping up blocking net _3204_
Nets remaining: 806
Nets remaining: 805
Best route of _2832_ collides with net: _1784_ 
Ripping up blocking net _1784_
Nets remaining: 805
Best route of _2811_ collides with net: _2526_ 
Ripping up blocking net _2526_
Nets remaining: 805
Nets remaining: 804
Nets remaining: 803
Best route of _2650_ collides with net: _2648_ 
Ripping up blocking net _2648_
Nets remaining: 803
Nets remaining: 802
Nets remaining: 801
Nets remaining: 800
Nets remaining: 799
Nets remaining: 798
Best route of x1_r[9] collides with net: x5_r[9] 
Ripping up blocking net x5_r[9]
Nets remaining: 798
Best route of _2447_ collides with nets: _2439_ _2444_ 
Ripping up blocking net _2439_
Ripping up blocking net _2444_
Nets remaining: 799
Nets remaining: 798
Best route of _2318_ collides with net: _2317_ 
Ripping up blocking net _2317_
Nets remaining: 798
Best route of _2191_ collides with nets: _1151_ _2186_ 
Ripping up blocking net _1151_
Ripping up blocking net _2186_
Nets remaining: 799
Nets remaining: 798
Nets remaining: 797
Best route of _2075_ collides with net: _1781_ 
Ripping up blocking net _1781_
Nets remaining: 797
Nets remaining: 796
Nets remaining: 795
Best route of _1995_ collides with net: _1990_ 
Ripping up blocking net _1990_
Nets remaining: 795
Best route of _1962_ collides with nets: _1929_ ifft_bF$buf7 
Ripping up blocking net _1929_
Ripping up blocking net ifft_bF$buf7
Nets remaining: 796
Nets remaining: 795
Best route of _1820_ collides with net: _4107_ 
Ripping up blocking net _4107_
Nets remaining: 795
Best route of _1817_ collides with net: _1825_ 
Ripping up blocking net _1825_
Nets remaining: 795
Best route of _1812_ collides with net: _1737_ 
Ripping up blocking net _1737_
Nets remaining: 795
Nets remaining: 794
Best route of _1788_ collides with net: _1702_ 
Ripping up blocking net _1702_
Nets remaining: 794
Best route of _1749_ collides with net: _1700_ 
Ripping up blocking net _1700_
Nets remaining: 794
Nets remaining: 793
Nets remaining: 792
Nets remaining: 791
Nets remaining: 790
Best route of _1629_ collides with net: _1539_ 
Ripping up blocking net _1539_
Nets remaining: 790
Nets remaining: 789
Best route of _1593_ collides with net: _1675_ 
Ripping up blocking net _1675_
Nets remaining: 789
Nets remaining: 788
Nets remaining: 787
Nets remaining: 786
Best route of _1532_ collides with net: _1540_ 
Ripping up blocking net _1540_
Nets remaining: 786
Best route of _1524_ collides with nets: _660_ ifft_bF$buf62 
Ripping up blocking net _660_
Ripping up blocking net ifft_bF$buf62
Nets remaining: 787
Best route of _9931_ collides with net: ifft_bF$buf14 
Ripping up blocking net ifft_bF$buf14
Nets remaining: 787
Nets remaining: 786
Nets remaining: 785
Best route of x1_i[4] collides with net: x5_i[5] 
Ripping up blocking net x5_i[5]
Nets remaining: 785
Nets remaining: 784
Best route of _847_ collides with nets: _853_ _841_ 
Ripping up blocking net _853_
Ripping up blocking net _841_
Nets remaining: 785
Best route of _415_ collides with net: _417_ 
Ripping up blocking net _417_
Nets remaining: 785
Nets remaining: 784
Nets remaining: 783
Nets remaining: 782
Nets remaining: 781
Nets remaining: 780
Best route of _10513_ collides with net: _8094_ 
Ripping up blocking net _8094_
Nets remaining: 780
Best route of _10507_ collides with net: _10545_ 
Ripping up blocking net _10545_
Nets remaining: 780
Nets remaining: 779
Best route of _10024_ collides with nets: _10022_ _10184_ 
Ripping up blocking net _10022_
Ripping up blocking net _10184_
Nets remaining: 780
Nets remaining: 779
Nets remaining: 778
Nets remaining: 777
Nets remaining: 776
Nets remaining: 775
Nets remaining: 774
Best route of _9666_ collides with nets: _5492__bF$buf42 _9533_ _9412_ _9491_ 
Ripping up blocking net _5492__bF$buf42
Ripping up blocking net _9533_
Ripping up blocking net _9412_
Ripping up blocking net _9491_
Nets remaining: 777
Nets remaining: 776
Best route of _9613_ collides with nets: _9269_ _6767_ 
Ripping up blocking net _9269_
Ripping up blocking net _6767_
Nets remaining: 777
Nets remaining: 776
Nets remaining: 775
Best route of _9473_ collides with net: _10065_ 
Ripping up blocking net _10065_
Nets remaining: 775
Best route of _9415_ collides with net: _8229_ 
Ripping up blocking net _8229_
Nets remaining: 775
Best route of _9274_ collides with net: x4_i[13] 
Ripping up blocking net x4_i[13]
Nets remaining: 775
Nets remaining: 774
Nets remaining: 773
Best route of _9190_ collides with net: _8839_ 
Ripping up blocking net _8839_
Nets remaining: 773
Nets remaining: 772
Best route of _6299_ collides with nets: _10756_[9] y7_r[3] _5171_ _5174_ 
Ripping up blocking net _10756_[9]
Ripping up blocking net y7_r[3]
Ripping up blocking net _5171_
Ripping up blocking net _5174_
Nets remaining: 775
Nets remaining: 774
Nets remaining: 773
Best route of _4905_ collides with net: _3478_ 
Ripping up blocking net _3478_
Nets remaining: 773
Nets remaining: 772
Best route of _4168_ collides with net: _4407_ 
Ripping up blocking net _4407_
Nets remaining: 772
Nets remaining: 771
Nets remaining: 770
Best route of _3362_ collides with net: _3012_ 
Ripping up blocking net _3012_
Nets remaining: 770
Best route of _3205_ collides with net: _2071_ 
Ripping up blocking net _2071_
Nets remaining: 770
Best route of _3128_ collides with net: _2878_ 
Ripping up blocking net _2878_
Nets remaining: 770
Nets remaining: 769
Nets remaining: 768
Best route of _1781_ collides with nets: _2918_ _2074_ 
Ripping up blocking net _2918_
Ripping up blocking net _2074_
Nets remaining: 769
Best route of x5_i[2] collides with nets: x2_i[4] x5_i[1] x5_i[0] 
Ripping up blocking net x2_i[4]
Ripping up blocking net x5_i[1]
Ripping up blocking net x5_i[0]
Nets remaining: 771
Best route of x7_r[2] collides with net: _9335_ 
Ripping up blocking net _9335_
Nets remaining: 771
Nets remaining: 770
Nets remaining: 769
Best route of _9820_ collides with net: _9620_ 
Ripping up blocking net _9620_
Nets remaining: 769
Nets remaining: 768
Best route of _4901_ collides with net: _4107__bF$buf2 
Ripping up blocking net _4107__bF$buf2
Nets remaining: 768
Nets remaining: 767
Best route of _3197_ collides with net: _3479_ 
Ripping up blocking net _3479_
Nets remaining: 767
Nets remaining: 766
Best route of _1784_ collides with nets: _1788_ _1781_ 
Ripping up blocking net _1788_
Ripping up blocking net _1781_
Nets remaining: 767
Nets remaining: 766
Best route of _8408_ collides with net: _8540_ 
Ripping up blocking net _8540_
Nets remaining: 766
Best route of x3_r[3] collides with net: _9517_ 
Ripping up blocking net _9517_
Nets remaining: 766
Best route of _9670_ collides with net: _1289_ 
Ripping up blocking net _1289_
Nets remaining: 766
Best route of _8964_ collides with nets: _1197_ _8514_ 
Ripping up blocking net _1197_
Ripping up blocking net _8514_
Nets remaining: 767
Nets remaining: 766
Best route of _2867_ collides with net: _5492__bF$buf20 
Ripping up blocking net _5492__bF$buf20
Nets remaining: 766
Best route of _1609_ collides with net: _3106_ 
Ripping up blocking net _3106_
Nets remaining: 766
Best route of _3478_ collides with net: _1704_ 
Ripping up blocking net _1704_
Nets remaining: 766
Best route of x0_i[8] collides with nets: _10754_[6] _10762_[7] _731_ 
Ripping up blocking net _10754_[6]
Ripping up blocking net _10762_[7]
Ripping up blocking net _731_
Nets remaining: 768
Best route of _6424_ collides with nets: _860_ _6440_ y7_r[5] _6371_ 
Ripping up blocking net _860_
Ripping up blocking net _6440_
Ripping up blocking net y7_r[5]
Ripping up blocking net _6371_
Nets remaining: 771
Best route of _10750_[13] collides with net: _10758_[7] 
Ripping up blocking net _10758_[7]
Nets remaining: 771
Nets remaining: 770
Best route of _6308_ collides with net: _844_ 
Ripping up blocking net _844_
Nets remaining: 770
Nets remaining: 769
Best route of x4_i[8] collides with net: y7_r[2] 
Ripping up blocking net y7_r[2]
Nets remaining: 769
Best route of ifft collides with nets: _5492__hier0_bF$buf5 _697_ _9522_ _7669_ _6581_ _532_ 
Ripping up blocking net _5492__hier0_bF$buf5
Ripping up blocking net _697_
Ripping up blocking net _9522_
Ripping up blocking net _7669_
Ripping up blocking net _6581_
Ripping up blocking net _532_
Nets remaining: 774
Best route of y0_i[5] collides with net: y7_r[1] 
Ripping up blocking net y7_r[1]
Nets remaining: 774
Best route of y3_i[6] collides with nets: y3_r[0] y4_i[7] 
Ripping up blocking net y3_r[0]
Ripping up blocking net y4_i[7]
Nets remaining: 775
Best route of _753_ collides with net: _10764_[10] 
Ripping up blocking net _10764_[10]
Nets remaining: 775
Best route of _6455_ collides with net: x0_i[8] 
Ripping up blocking net x0_i[8]
Nets remaining: 775
Best route of _5598_ collides with nets: _5541_ _10765_[6] 
Ripping up blocking net _5541_
Ripping up blocking net _10765_[6]
Nets remaining: 776
Nets remaining: 775
Best route of _5608_ collides with nets: _5528_ _5598_ 
Ripping up blocking net _5528_
Ripping up blocking net _5598_
Nets remaining: 776
Nets remaining: 775
Nets remaining: 774
Best route of _6004_ collides with nets: _6064_ _1157_ _6766_ _77_ 
Ripping up blocking net _6064_
Ripping up blocking net _1157_
Ripping up blocking net _6766_
Ripping up blocking net _77_
Nets remaining: 777
Best route of _7400_ collides with nets: _8114_ _7895_ 
Ripping up blocking net _8114_
Ripping up blocking net _7895_
Nets remaining: 778
Best route of _7885_ collides with nets: _6883_ _10362_ _7680_ 
Ripping up blocking net _6883_
Ripping up blocking net _10362_
Ripping up blocking net _7680_
Nets remaining: 780
Best route of _7411_ collides with nets: _1180_ _10746_ _7400_ _8837_ 
Ripping up blocking net _1180_
Ripping up blocking net _10746_
Ripping up blocking net _7400_
Ripping up blocking net _8837_
Nets remaining: 783
Nets remaining: 782
Best route of _9255_ collides with net: _1924_ 
Ripping up blocking net _1924_
Nets remaining: 782
Best route of _5266_ collides with nets: y0_r[14] _9473_ _1402_ 
Ripping up blocking net y0_r[14]
Ripping up blocking net _9473_
Ripping up blocking net _1402_
Nets remaining: 784
Best route of _10724_ collides with net: _7411_ 
Ripping up blocking net _7411_
Nets remaining: 784
Best route of _7476_ collides with net: _6072_ 
Ripping up blocking net _6072_
Nets remaining: 784
Nets remaining: 783
Best route of _8117_ collides with nets: _8116_ _7300_ _8598_ 
Ripping up blocking net _8116_
Ripping up blocking net _7300_
Ripping up blocking net _8598_

No progress at level of effort 20; ending 2nd stage.

----------------------------------------------
Progress: Stage 2 total routes completed: 26751
Failed net routes: 785
----------------------------------------------
*** Running stage2 routing with options mask 60, effort 10
Nets remaining: 785
Nets remaining: 784
Best route of _6070_ collides with nets: _1937_ _1477_ ifft_bF$buf63 _10420_ 
Ripping up blocking net _1937_
Ripping up blocking net _1477_
Ripping up blocking net ifft_bF$buf63
Ripping up blocking net _10420_
Nets remaining: 787
Nets remaining: 786
Best route of _8894_ collides with nets: _9962_ _10333_ _8529_ 
Ripping up blocking net _9962_
Ripping up blocking net _10333_
Ripping up blocking net _8529_
Nets remaining: 788
Best route of _8902_ collides with net: _1912_ 
Ripping up blocking net _1912_
Nets remaining: 788
Best route of _9617_ collides with nets: _9621_ _9624_ 
Ripping up blocking net _9621_
Ripping up blocking net _9624_
Nets remaining: 789
Best route of _5137_ collides with net: _6384_ 
Ripping up blocking net _6384_
Nets remaining: 789
Best route of _8926_ collides with net: _9255_ 
Ripping up blocking net _9255_
Nets remaining: 789
Best route of _9284_ collides with nets: x6_i[6] _9427_ 
Ripping up blocking net x6_i[6]
Ripping up blocking net _9427_
Nets remaining: 790
Best route of x4_i[12] collides with nets: _9475_ _6264_ _7156_ 
Ripping up blocking net _9475_
Ripping up blocking net _6264_
Ripping up blocking net _7156_
Nets remaining: 792
Best route of _5265_ collides with net: x2_r[8] 
Ripping up blocking net x2_r[8]
Nets remaining: 792
Nets remaining: 791
Nets remaining: 790
Nets remaining: 789
Best route of _8951_ collides with nets: _9004_ _9135_ _8711_ 
Ripping up blocking net _9004_
Ripping up blocking net _9135_
Ripping up blocking net _8711_
Nets remaining: 791
Best route of y7_r[4] collides with net: _10755_[10] 
Ripping up blocking net _10755_[10]
Nets remaining: 791
Best route of _10754_[10] collides with net: _4951_ 
Ripping up blocking net _4951_
Nets remaining: 791
Nets remaining: 790
Nets remaining: 789
Nets remaining: 788
Best route of x3_r[2] collides with net: _5731_ 
Ripping up blocking net _5731_
Nets remaining: 788

No progress at level of effort 10; ending 2nd stage.

----------------------------------------------
Progress: Stage 2 total routes completed: 26801
Failed net routes: 787
----------------------------------------------
*** Running stage2 routing with options mask 140, effort 20
Nets remaining: 787
Nets remaining: 786
Best route of x0_r[0] collides with nets: _8042_ x0_r[1] 
Ripping up blocking net _8042_
Ripping up blocking net x0_r[1]
Nets remaining: 787
Best route of x4_i[10] collides with nets: _5142_ _5137_ x6_r[8] _5265_ _947_ 
Ripping up blocking net _5142_
Ripping up blocking net _5137_
Ripping up blocking net x6_r[8]
Ripping up blocking net _5265_
Ripping up blocking net _947_
Nets remaining: 791
Best route of y6_i[11] collides with net: y2_i[11] 
Ripping up blocking net y2_i[11]
Nets remaining: 791
Best route of y4_i[14] collides with nets: y6_r[1] y0_i[15] 
Ripping up blocking net y6_r[1]
Ripping up blocking net y0_i[15]
Nets remaining: 792
Best route of _5492_ collides with nets: _10404_ _43_ _4767_ _10644_ _7560_ 
Ripping up blocking net _10404_
Ripping up blocking net _43_
Ripping up blocking net _4767_
Ripping up blocking net _10644_
Ripping up blocking net _7560_
Nets remaining: 796
Best route of _8500_ collides with nets: _10473_ _10758_[0] y4_r[6] 
Ripping up blocking net _10473_
Ripping up blocking net _10758_[0]
Ripping up blocking net y4_r[6]
Nets remaining: 798
Best route of _361_ collides with nets: y2_i[10] x4_i[9] 
Ripping up blocking net y2_i[10]
Ripping up blocking net x4_i[9]
Nets remaining: 799
Nets remaining: 798
Best route of y4_i[5] collides with net: _10765_[13] 
Ripping up blocking net _10765_[13]
Nets remaining: 798
Best route of _10754_[9] collides with net: _10754_[10] 
Ripping up blocking net _10754_[10]
Nets remaining: 798
Nets remaining: 797
Nets remaining: 796
Nets remaining: 795
Best route of _8787_ collides with nets: _8951_ y0_i[3] 
Ripping up blocking net _8951_
Ripping up blocking net y0_i[3]
Nets remaining: 796
Nets remaining: 795
Best route of y3_r[1] collides with nets: y0_i[5] y2_r[3] 
Ripping up blocking net y0_i[5]
Ripping up blocking net y2_r[3]
Nets remaining: 796
Best route of y0_i[14] collides with net: y4_i[14] 
Ripping up blocking net y4_i[14]
Nets remaining: 796
Nets remaining: 795
Best route of y6_i[13] collides with net: _10762_[6] 
Ripping up blocking net _10762_[6]
Nets remaining: 795
Nets remaining: 794
Best route of _8525_ collides with net: _8478_ 
Ripping up blocking net _8478_
Nets remaining: 794
Nets remaining: 793
Best route of y3_r[10] collides with net: y7_r[4] 
Ripping up blocking net y7_r[4]
Nets remaining: 793
Nets remaining: 792
Nets remaining: 791
Best route of _6998_ collides with net: _7121_ 
Ripping up blocking net _7121_
Nets remaining: 791
Nets remaining: 790
Best route of ifft_hier0_bF$buf6 collides with nets: _10759_[8] _9349_ _433_ 
Ripping up blocking net _10759_[8]
Ripping up blocking net _9349_
Ripping up blocking net _433_
Nets remaining: 792
Best route of y2_r[4] collides with nets: _494_ _8500_ x7_r[0] 
Ripping up blocking net _494_
Ripping up blocking net _8500_
Ripping up blocking net x7_r[0]
Nets remaining: 794
Nets remaining: 793
Best route of y0_i[13] collides with net: _10754_[9] 
Ripping up blocking net _10754_[9]
Nets remaining: 793
Nets remaining: 792
Nets remaining: 791
Best route of _5279_ collides with net: _10751_[9] 
Ripping up blocking net _10751_[9]
Nets remaining: 791
Best route of _1444_ collides with net: _472_ 
Ripping up blocking net _472_
Nets remaining: 791
Nets remaining: 790
Nets remaining: 789
Best route of _7210_ collides with nets: _7167_ _351_ _5492__bF$buf59 
Ripping up blocking net _7167_
Ripping up blocking net _351_
Ripping up blocking net _5492__bF$buf59
Nets remaining: 791
Best route of y0_i[1] collides with net: ifft 
Ripping up blocking net ifft
Nets remaining: 791
Nets remaining: 790
Best route of _963_ collides with net: _961_ 
Ripping up blocking net _961_
Nets remaining: 790
Nets remaining: 789
Best route of _10750_[10] collides with nets: y0_i[13] y0_i[1] 
Ripping up blocking net y0_i[13]
Ripping up blocking net y0_i[1]
Nets remaining: 790
Nets remaining: 789
Best route of _6310_ collides with net: _6258_ 
Ripping up blocking net _6258_
Nets remaining: 789
Best route of _4017_ collides with net: _10754_[8] 
Ripping up blocking net _10754_[8]
Nets remaining: 789
Nets remaining: 788
Nets remaining: 787
Best route of _7261_ collides with net: _6423_ 
Ripping up blocking net _6423_
Nets remaining: 787
Nets remaining: 786
Nets remaining: 785
Nets remaining: 784
Nets remaining: 783
Best route of _1281_ collides with nets: ifft_bF$buf1 _9666_ _1308_ 
Ripping up blocking net ifft_bF$buf1
Ripping up blocking net _9666_
Ripping up blocking net _1308_
Nets remaining: 785
Nets remaining: 784
Best route of _61_ collides with net: _25_ 
Ripping up blocking net _25_
Nets remaining: 784
Best route of _7301_ collides with nets: _10234_ _8603_ _5492_ 
Ripping up blocking net _10234_
Ripping up blocking net _8603_
Ripping up blocking net _5492_
Nets remaining: 786
Nets remaining: 785
Nets remaining: 784
Best route of _1192_ collides with net: _1203_ 
Ripping up blocking net _1203_
Nets remaining: 784
Best route of _10584_ collides with net: _1206_ 
Ripping up blocking net _1206_
Nets remaining: 784
Best route of _8065_ collides with nets: _10724_ _10338_ 
Ripping up blocking net _10724_
Ripping up blocking net _10338_
Nets remaining: 785
Best route of _10317_ collides with net: _8601_ 
Ripping up blocking net _8601_
Nets remaining: 785
Best route of _5492__bF$buf56 collides with nets: _1170_ _1173_ _1178_ _8216_ 
Ripping up blocking net _1170_
Ripping up blocking net _1173_
Ripping up blocking net _1178_
Ripping up blocking net _8216_
Nets remaining: 788
Nets remaining: 787
Nets remaining: 786
Nets remaining: 785
Best route of _9898_ collides with net: _9902_ 
Ripping up blocking net _9902_
Nets remaining: 785
Best route of _112_ collides with nets: _1116_ _9896_ 
Ripping up blocking net _1116_
Ripping up blocking net _9896_
Nets remaining: 786
Best route of _1110_ collides with nets: _10751_[6] _9520_ _9350_ 
Ripping up blocking net _10751_[6]
Ripping up blocking net _9520_
Ripping up blocking net _9350_
Nets remaining: 788
Best route of _1109_ collides with net: _9528_ 
Ripping up blocking net _9528_
Nets remaining: 788
Nets remaining: 787
Nets remaining: 786
Best route of _9318_ collides with nets: _9126_ _10752_[2] _9157_ 
Ripping up blocking net _9126_
Ripping up blocking net _10752_[2]
Ripping up blocking net _9157_
Nets remaining: 788
Best route of _6560_ collides with net: _8150_ 
Ripping up blocking net _8150_
Nets remaining: 788
Best route of _1087_ collides with nets: _9322_ _9318_ 
Ripping up blocking net _9322_
Ripping up blocking net _9318_
Nets remaining: 789
Nets remaining: 788
Nets remaining: 787
Best route of _1074_ collides with nets: ifft_bF$buf16 _1056_ 
Ripping up blocking net ifft_bF$buf16
Ripping up blocking net _1056_
Nets remaining: 788
Best route of _1053_ collides with net: _1055_ 
Ripping up blocking net _1055_
Nets remaining: 788
Best route of _1057_ collides with net: _8998_ 
Ripping up blocking net _8998_
Nets remaining: 788
Nets remaining: 787

No progress at level of effort 20; ending 2nd stage.

----------------------------------------------
Progress: Stage 2 total routes completed: 26985
Failed net routes: 786
----------------------------------------------
*** Running stage2 routing with options mask 70, effort 10
Nets remaining: 786
Best route of _101_ collides with net: ifft_bF$buf3 
Ripping up blocking net ifft_bF$buf3
Nets remaining: 786
Best route of _1011_ collides with net: _8034_ 
Ripping up blocking net _8034_
Nets remaining: 786
Nets remaining: 785
Nets remaining: 784
Best route of _5281_ collides with net: _4017_ 
Ripping up blocking net _4017_
Nets remaining: 784
Best route of _5285_ collides with nets: y7_r[0] _5282_ 
Ripping up blocking net y7_r[0]
Ripping up blocking net _5282_
Nets remaining: 785
Nets remaining: 784
Nets remaining: 783
Best route of _10756_[14] collides with net: _5297_ 
Ripping up blocking net _5297_
Nets remaining: 783
Nets remaining: 782
Best route of _5007_ collides with nets: _6916_ _5434_ 
Ripping up blocking net _6916_
Ripping up blocking net _5434_
Nets remaining: 783
Nets remaining: 782
Best route of x0_i[7] collides with nets: _4948_ y2_i[13] 
Ripping up blocking net _4948_
Ripping up blocking net y2_i[13]
Nets remaining: 783
Nets remaining: 782
Nets remaining: 781
Nets remaining: 780
Best route of _3308_ collides with net: _2424_ 
Ripping up blocking net _2424_
Nets remaining: 780
Nets remaining: 779
Best route of _1381_ collides with net: _10762_[14] 
Ripping up blocking net _10762_[14]
Nets remaining: 779
Best route of _849_ collides with net: _843_ 
Ripping up blocking net _843_
Nets remaining: 779
Nets remaining: 778
Best route of _401_ collides with net: _5800_ 
Ripping up blocking net _5800_
Nets remaining: 778
Nets remaining: 777
Best route of _6542_ collides with nets: _10756_[7] _5617_ _10765_[14] _6502_ _10757_[13] 
Ripping up blocking net _10756_[7]
Ripping up blocking net _5617_
Ripping up blocking net _10765_[14]
Ripping up blocking net _6502_
Ripping up blocking net _10757_[13]
Nets remaining: 781
Nets remaining: 780
Best route of _4946_ collides with nets: _6493_ _4748_ _10750_[8] _958_ 
Ripping up blocking net _6493_
Ripping up blocking net _4748_
Ripping up blocking net _10750_[8]
Ripping up blocking net _958_
Nets remaining: 784
Nets remaining: 783
Nets remaining: 782
Nets remaining: 781
Best route of y3_i[8] collides with net: y2_i[9] 
Ripping up blocking net y2_i[9]
Nets remaining: 781
Nets remaining: 780
Best route of ifft_bF$buf27 collides with nets: _6542_ _6543_ 
Ripping up blocking net _6542_
Ripping up blocking net _6543_
Nets remaining: 781

No progress at level of effort 10; ending 2nd stage.

----------------------------------------------
Progress: Stage 2 total routes completed: 27053
Failed net routes: 780
----------------------------------------------
*** Running stage2 routing with options mask 80, effort 10
Nets remaining: 780
Nets remaining: 779
Nets remaining: 778
Best route of _6300_ collides with nets: _836_ _6250_ _879_ 
Ripping up blocking net _836_
Ripping up blocking net _6250_
Ripping up blocking net _879_
Nets remaining: 780
Nets remaining: 779
Best route of y7_i[0] collides with nets: _6299_ _10756_[11] _10756_[12] 
Ripping up blocking net _6299_
Ripping up blocking net _10756_[11]
Ripping up blocking net _10756_[12]
Nets remaining: 781
Best route of _751_ collides with nets: y7_i[0] _5600_ _10750_[6] 
Ripping up blocking net y7_i[0]
Ripping up blocking net _5600_
Ripping up blocking net _10750_[6]
Nets remaining: 783
Best route of _702_ collides with nets: _10757_[5] _695_ _703_ 
Ripping up blocking net _10757_[5]
Ripping up blocking net _695_
Ripping up blocking net _703_
Nets remaining: 785
Nets remaining: 784
Nets remaining: 783
Best route of _5997_ collides with nets: _6051_ _3835_ 
Ripping up blocking net _6051_
Ripping up blocking net _3835_
Nets remaining: 784
Best route of _775_ collides with nets: _5921_ _781_ _648_ _7869_ 
Ripping up blocking net _5921_
Ripping up blocking net _781_
Ripping up blocking net _648_
Ripping up blocking net _7869_
Nets remaining: 787
Nets remaining: 786
Best route of _756_ collides with net: _6492_ 
Ripping up blocking net _6492_
Nets remaining: 786
Nets remaining: 785
Nets remaining: 784
Best route of x0_i[5] collides with net: y7_i[3] 
Ripping up blocking net y7_i[3]
Nets remaining: 784
Nets remaining: 783
Nets remaining: 782
Best route of _5492__bF$buf18 collides with nets: _5290_ _4985_ 
Ripping up blocking net _5290_
Ripping up blocking net _4985_
Nets remaining: 783
Best route of _706_ collides with net: _5300_ 
Ripping up blocking net _5300_
Nets remaining: 783
Nets remaining: 782
Best route of _4345_ collides with net: _6095_ 
Ripping up blocking net _6095_

No progress at level of effort 10; ending 2nd stage.

----------------------------------------------
Progress: Stage 2 total routes completed: 27101
Failed net routes: 782
----------------------------------------------
*** Running stage2 routing with options mask 160, effort 20
Nets remaining: 782
Best route of _4049_ collides with net: _4546_ 
Ripping up blocking net _4546_
Nets remaining: 782
Nets remaining: 781
Best route of _671_ collides with net: _4554_ 
Ripping up blocking net _4554_
Nets remaining: 781
Nets remaining: 780
Best route of _673_ collides with nets: _669_ _4566_ 
Ripping up blocking net _669_
Ripping up blocking net _4566_
Nets remaining: 781
Best route of _5983_ collides with nets: _678_ _673_ 
Ripping up blocking net _678_
Ripping up blocking net _673_
Nets remaining: 782
Nets remaining: 781
Best route of _649_ collides with net: _3638_ 
Ripping up blocking net _3638_
Nets remaining: 781
Best route of _3626_ collides with nets: ifft_bF$buf46 _3296_ _10764_[2] 
Ripping up blocking net ifft_bF$buf46
Ripping up blocking net _3296_
Ripping up blocking net _10764_[2]
Nets remaining: 783
Nets remaining: 782
Nets remaining: 781
Nets remaining: 780
Best route of ifft_bF$buf17 collides with nets: _8089_ _7639_ 
Ripping up blocking net _8089_
Ripping up blocking net _7639_
Nets remaining: 781
Best route of _9168_ collides with nets: _8983_ _8813_ 
Ripping up blocking net _8983_
Ripping up blocking net _8813_
Nets remaining: 782
Best route of _5724_ collides with net: _7253_ 
Ripping up blocking net _7253_
Nets remaining: 782
Best route of _7256_ collides with net: _363_ 
Ripping up blocking net _363_
Nets remaining: 782
Nets remaining: 781
Nets remaining: 780
Best route of _340_ collides with nets: _7879_ _5277_ 
Ripping up blocking net _7879_
Ripping up blocking net _5277_
Nets remaining: 781
Nets remaining: 780
Best route of _277_ collides with nets: _10750_[11] _5492__hier0_bF$buf0 
Ripping up blocking net _10750_[11]
Ripping up blocking net _5492__hier0_bF$buf0
Nets remaining: 781
Nets remaining: 780
Best route of _6485_ collides with nets: _4242_ ifft_bF$buf27 
Ripping up blocking net _4242_
Ripping up blocking net ifft_bF$buf27
Nets remaining: 781
Best route of _894_ collides with net: _743_ 
Ripping up blocking net _743_
Nets remaining: 781
Best route of _273_ collides with net: _3974_ 
Ripping up blocking net _3974_
Nets remaining: 781
Best route of _1373_ collides with net: _4797_ 
Ripping up blocking net _4797_
Nets remaining: 781
Nets remaining: 780
Best route of _6427_ collides with nets: _7261_ _6424_ 
Ripping up blocking net _7261_
Ripping up blocking net _6424_
Nets remaining: 781
Best route of _5322_ collides with nets: _6485_ _706_ _5437_ _10764_[6] 
Ripping up blocking net _6485_
Ripping up blocking net _706_
Ripping up blocking net _5437_
Ripping up blocking net _10764_[6]
Nets remaining: 784
Best route of ifft_bF$buf47 collides with nets: _6289_ _276_ _6956_ 
Ripping up blocking net _6289_
Ripping up blocking net _276_
Ripping up blocking net _6956_
Nets remaining: 786
Best route of _6368_ collides with nets: _9384_ _10084_ 
Ripping up blocking net _9384_
Ripping up blocking net _10084_
Nets remaining: 787
Nets remaining: 786
Best route of _9882_ collides with nets: _9940_ _10190_ _9880_ 
Ripping up blocking net _9940_
Ripping up blocking net _10190_
Ripping up blocking net _9880_
Nets remaining: 788
Best route of _9696_ collides with nets: _8118_ _1140_ 
Ripping up blocking net _8118_
Ripping up blocking net _1140_
Nets remaining: 789
Best route of _9710_ collides with net: _9347_ 
Ripping up blocking net _9347_
Nets remaining: 789
Nets remaining: 788
Best route of _11_ collides with nets: _83_ _60_ 
Ripping up blocking net _83_
Ripping up blocking net _60_
Nets remaining: 789
Best route of _10662_ collides with net: _112_ 
Ripping up blocking net _112_
Nets remaining: 789
Nets remaining: 788
Best route of _9138_ collides with net: _9005_ 
Ripping up blocking net _9005_
Nets remaining: 788
Nets remaining: 787

No progress at level of effort 20; ending 2nd stage.

----------------------------------------------
Progress: Stage 2 total routes completed: 27218
Failed net routes: 786
----------------------------------------------
*** Running stage2 routing with options mask 90, effort 10
Nets remaining: 786
Best route of _8498_ collides with nets: _8502_ _8497_ 
Ripping up blocking net _8502_
Ripping up blocking net _8497_
Nets remaining: 787
Best route of _8658_ collides with nets: _10760_[1] _8959_ _8498_ 
Ripping up blocking net _10760_[1]
Ripping up blocking net _8959_
Ripping up blocking net _8498_
Nets remaining: 789
Nets remaining: 788
Nets remaining: 787
Nets remaining: 786
Nets remaining: 785
Best route of _10290_ collides with net: _10094_ 
Ripping up blocking net _10094_
Nets remaining: 785
Nets remaining: 784
Nets remaining: 783
Best route of _9316_ collides with nets: _9702_ _9128_ 
Ripping up blocking net _9702_
Ripping up blocking net _9128_
Nets remaining: 784
Best route of _9327_ collides with net: _9316_ 
Ripping up blocking net _9316_
Nets remaining: 784
Best route of _9488_ collides with net: _9529_ 
Ripping up blocking net _9529_
Nets remaining: 784
Nets remaining: 783
Best route of _9689_ collides with net: _10667_ 
Ripping up blocking net _10667_
Nets remaining: 783
Best route of _9495_ collides with net: _8604_ 
Ripping up blocking net _8604_
Nets remaining: 783
Nets remaining: 782
Nets remaining: 781
Best route of _3787_ collides with net: _7295_ 
Ripping up blocking net _7295_
Nets remaining: 781
Best route of ifft_bF$buf0 collides with net: _9488_ 
Ripping up blocking net _9488_
Nets remaining: 781
Nets remaining: 780
Nets remaining: 779
Nets remaining: 778
Nets remaining: 777
Best route of x6_i[14] collides with net: _9274_ 
Ripping up blocking net _9274_
Nets remaining: 777
Best route of _8883_ collides with nets: _5654_ _9114_ _9303_ 
Ripping up blocking net _5654_
Ripping up blocking net _9114_
Ripping up blocking net _9303_
Nets remaining: 779
Best route of _9118_ collides with net: _9119_ 
Ripping up blocking net _9119_
Nets remaining: 779
Best route of _8535_ collides with nets: _8538_ _8554_ _8546_ _8543_ 
Ripping up blocking net _8538_
Ripping up blocking net _8554_
Ripping up blocking net _8546_
Ripping up blocking net _8543_
Nets remaining: 782
Best route of _8952_ collides with nets: _9132_ _9243_ _9168_ _8971_ _8953_ 
Ripping up blocking net _9132_
Ripping up blocking net _9243_
Ripping up blocking net _9168_
Ripping up blocking net _8971_
Ripping up blocking net _8953_
Nets remaining: 786
Nets remaining: 785
Best route of _8657_ collides with net: _8658_ 
Ripping up blocking net _8658_
Nets remaining: 785
Nets remaining: 784
Nets remaining: 783
Best route of _8905_ collides with net: _8904_ 
Ripping up blocking net _8904_
Nets remaining: 783
Nets remaining: 782
Best route of x3_r[1] collides with net: _9169_ 
Ripping up blocking net _9169_
Nets remaining: 782
Nets remaining: 781
Best route of _5492__bF$buf36 collides with nets: _8870_ _1933_ _8065_ _10304_ 
Ripping up blocking net _8870_
Ripping up blocking net _1933_
Ripping up blocking net _8065_
Ripping up blocking net _10304_
Nets remaining: 784
Nets remaining: 783
Nets remaining: 782
Nets remaining: 781
Nets remaining: 780
Best route of _7808_ collides with net: _649_ 
Ripping up blocking net _649_
Nets remaining: 780
Nets remaining: 779

No progress at level of effort 10; ending 2nd stage.

----------------------------------------------
Progress: Stage 2 total routes completed: 27357
Failed net routes: 778
----------------------------------------------
*** Running stage2 routing with options mask 100, effort 10
Nets remaining: 778
Nets remaining: 777
Nets remaining: 776
Nets remaining: 775
Nets remaining: 774
Best route of _2383_ collides with net: _1026_ 
Ripping up blocking net _1026_
Nets remaining: 774
Nets remaining: 773
Nets remaining: 772
Nets remaining: 771
Nets remaining: 770
Best route of _7254_ collides with net: _368_ 
Ripping up blocking net _368_
Nets remaining: 770
Best route of _6785_ collides with net: _6918_ 
Ripping up blocking net _6918_
Nets remaining: 770
Nets remaining: 769
Best route of _6065_ collides with nets: _103_ ifft_bF$buf17 
Ripping up blocking net _103_
Ripping up blocking net ifft_bF$buf17
Nets remaining: 770
Nets remaining: 769
Best route of _10460_ collides with net: _6836_ 
Ripping up blocking net _6836_
Nets remaining: 769
Nets remaining: 768
Best route of _10754_[14] collides with nets: _308_ _1415_ x0_i[7] 
Ripping up blocking net _308_
Ripping up blocking net _1415_
Ripping up blocking net x0_i[7]
Nets remaining: 770
Best route of _4947_ collides with net: _6948_ 
Ripping up blocking net _6948_
Nets remaining: 770
Best route of _9420_ collides with nets: _9825_ _7241_ 
Ripping up blocking net _9825_
Ripping up blocking net _7241_
Nets remaining: 771
Best route of _5492__bF$buf26 collides with net: _10750_[10] 
Ripping up blocking net _10750_[10]
Nets remaining: 771
Best route of _10758_[9] collides with nets: _7044_ y6_i[13] 
Ripping up blocking net _7044_
Ripping up blocking net y6_i[13]
Nets remaining: 772
Best route of _10762_[12] collides with net: y4_i[13] 
Ripping up blocking net y4_i[13]
Nets remaining: 772
Best route of _10754_[13] collides with nets: y0_i[14] _10754_[14] y4_i[12] y3_r[4] y2_i[4] y6_i[14] 
Ripping up blocking net y0_i[14]
Ripping up blocking net _10754_[14]
Ripping up blocking net y4_i[12]
Ripping up blocking net y3_r[4]
Ripping up blocking net y2_i[4]
Ripping up blocking net y6_i[14]
Nets remaining: 777
Best route of _6383_ collides with net: _7147_ 
Ripping up blocking net _7147_
Nets remaining: 777
Best route of _7095_ collides with net: _1482_ 
Ripping up blocking net _1482_
Nets remaining: 777
Best route of _4941_ collides with nets: _7140_ _7144_ 
Ripping up blocking net _7140_
Ripping up blocking net _7144_
Nets remaining: 778
Best route of _6501_ collides with nets: _5322_ _896_ 
Ripping up blocking net _5322_
Ripping up blocking net _896_
Nets remaining: 779
Best route of _10762_[8] collides with net: y6_i[8] 
Ripping up blocking net y6_i[8]
Nets remaining: 779
Best route of _10758_[5] collides with nets: _10750_[4] _6500_ _10750_[5] 
Ripping up blocking net _10750_[4]
Ripping up blocking net _6500_
Ripping up blocking net _10750_[5]
Nets remaining: 781
Best route of _10757_[14] collides with net: x4_i[8] 
Ripping up blocking net x4_i[8]
Nets remaining: 781
Best route of _109_ collides with net: _1119_ 
Ripping up blocking net _1119_
Nets remaining: 781
Nets remaining: 780
Best route of ifft_hier0_bF$buf5 collides with nets: _206_ _5433_ _1365_ _4947_ _6998_ _7063_ _10762_[9] _4944_ _354_ _10762_[12] 
Ripping up blocking net _206_
Ripping up blocking net _5433_
Ripping up blocking net _1365_
Ripping up blocking net _4947_
Ripping up blocking net _6998_
Ripping up blocking net _7063_
Ripping up blocking net _10762_[9]
Ripping up blocking net _4944_
Ripping up blocking net _354_
Ripping up blocking net _10762_[12]

No progress at level of effort 10; ending 2nd stage.

----------------------------------------------
Progress: Stage 2 total routes completed: 27443
Failed net routes: 789
----------------------------------------------
*** Running stage2 routing with options mask 180, effort 20
Nets remaining: 789
Best route of _5512_ collides with nets: _5533_ _10756_[14] 
Ripping up blocking net _5533_
Ripping up blocking net _10756_[14]
Nets remaining: 790
Nets remaining: 789
Nets remaining: 788
Best route of _834_ collides with net: _5508_ 
Ripping up blocking net _5508_
Nets remaining: 788
Nets remaining: 787
Best route of _4572_ collides with nets: _1373_ _4791_ 
Ripping up blocking net _1373_
Ripping up blocking net _4791_
Nets remaining: 788
Best route of _6539_ collides with nets: _5492__bF$buf32 _6501_ 
Ripping up blocking net _5492__bF$buf32
Ripping up blocking net _6501_
Nets remaining: 789
Best route of _10750_[9] collides with nets: _258_ ifft_hier0_bF$buf5 
Ripping up blocking net _258_
Ripping up blocking net ifft_hier0_bF$buf5
Nets remaining: 790
Best route of _10765_[10] collides with nets: _5512_ _742_ y3_r[2] y7_i[4] 
Ripping up blocking net _5512_
Ripping up blocking net _742_
Ripping up blocking net y3_r[2]
Ripping up blocking net y7_i[4]
Nets remaining: 793
Nets remaining: 792
Best route of _10758_[6] collides with nets: _6539_ _6456_ 
Ripping up blocking net _6539_
Ripping up blocking net _6456_
Nets remaining: 793
Nets remaining: 792
Nets remaining: 791
Best route of _6210_ collides with nets: _5250_ _6244_ 
Ripping up blocking net _5250_
Ripping up blocking net _6244_
Nets remaining: 792
Best route of _5251_ collides with net: _5285_ 
Ripping up blocking net _5285_
Nets remaining: 792
Nets remaining: 791
Nets remaining: 790
Nets remaining: 789
Nets remaining: 788
Nets remaining: 787
Best route of _687_ collides with net: _847_ 
Ripping up blocking net _847_
Nets remaining: 787
Best route of _10255_ collides with nets: _10163_ _10156_ 
Ripping up blocking net _10163_
Ripping up blocking net _10156_
Nets remaining: 788
Best route of _9087_ collides with nets: _6004_ x1_i[2] y0_r[8] _9284_ _9641_ _9613_ 
Ripping up blocking net _6004_
Ripping up blocking net x1_i[2]
Ripping up blocking net y0_r[8]
Ripping up blocking net _9284_
Ripping up blocking net _9641_
Ripping up blocking net _9613_
Nets remaining: 793
Best route of _4781_ collides with nets: _672_ _671_ 
Ripping up blocking net _672_
Ripping up blocking net _671_
Nets remaining: 794
Best route of _1942_ collides with nets: _6083_ _2423_ 
Ripping up blocking net _6083_
Ripping up blocking net _2423_
Nets remaining: 795
Nets remaining: 794
Best route of _10757_[7] collides with nets: ifft_bF$buf25 _5281_ _6382_ _10765_[10] 
Ripping up blocking net ifft_bF$buf25
Ripping up blocking net _5281_
Ripping up blocking net _6382_
Ripping up blocking net _10765_[10]
Nets remaining: 797
Best route of _3902_ collides with net: _5994_ 
Ripping up blocking net _5994_
Nets remaining: 797
Nets remaining: 796
Nets remaining: 795
Best route of x4_r[3] collides with net: _5891_ 
Ripping up blocking net _5891_
Nets remaining: 795
Nets remaining: 794
Nets remaining: 793
Best route of _5492__bF$buf9 collides with net: _5629_ 
Ripping up blocking net _5629_
Nets remaining: 793
Nets remaining: 792
Best route of _5294_ collides with net: _5319_ 
Ripping up blocking net _5319_
Nets remaining: 792
Nets remaining: 791
Nets remaining: 790
Nets remaining: 789
Nets remaining: 788
Nets remaining: 787
Best route of _4823_ collides with net: _5307_ 
Ripping up blocking net _5307_

No progress at level of effort 20; ending 2nd stage.

----------------------------------------------
Progress: Stage 2 total routes completed: 27529
Failed net routes: 787
----------------------------------------------
*** Running stage2 routing with options mask none, effort 20
Nets remaining: 787
Best route of _5106_ collides with net: _5175_ 
Ripping up blocking net _5175_
Nets remaining: 787
Best route of ifft_bF$buf35 collides with net: _5004_ 
Ripping up blocking net _5004_
Nets remaining: 787
Nets remaining: 786
Best route of _4820_ collides with net: _4994_ 
Ripping up blocking net _4994_
Nets remaining: 786
Best route of _4674_ collides with net: _4881_ 
Ripping up blocking net _4881_
Nets remaining: 786
Nets remaining: 785
Nets remaining: 784
Best route of _4270_ collides with nets: _5179_ _5492__bF$buf8 
Ripping up blocking net _5179_
Ripping up blocking net _5492__bF$buf8
Nets remaining: 785
Nets remaining: 784
Best route of _4039_ collides with nets: _6030_ _4049_ 
Ripping up blocking net _6030_
Ripping up blocking net _4049_
Nets remaining: 785
Best route of _4551_ collides with nets: _4552_ _4268_ 
Ripping up blocking net _4552_
Ripping up blocking net _4268_
Nets remaining: 786
Best route of _10756_[4] collides with net: _5249_ 
Ripping up blocking net _5249_
Nets remaining: 786
Nets remaining: 785
Nets remaining: 784
Nets remaining: 783
Best route of _3790_ collides with net: _3459_ 
Ripping up blocking net _3459_
Nets remaining: 783
Nets remaining: 782
Nets remaining: 781
Nets remaining: 780
Nets remaining: 779
Nets remaining: 778
Nets remaining: 777
Nets remaining: 776
Best route of _3099_ collides with net: _3472_ 
Ripping up blocking net _3472_
Nets remaining: 776
Nets remaining: 775
Nets remaining: 774
Best route of _2551_ collides with net: _1531_ 
Ripping up blocking net _1531_
Nets remaining: 774
Best route of _9844_ collides with net: _2382_ 
Ripping up blocking net _2382_
Nets remaining: 774
Nets remaining: 773
Best route of _2047_ collides with net: _3464_ 
Ripping up blocking net _3464_
Nets remaining: 773
Nets remaining: 772
Nets remaining: 771
Nets remaining: 770
Nets remaining: 769
Nets remaining: 768
Best route of _199_ collides with net: _195_ 
Ripping up blocking net _195_
Nets remaining: 768
Nets remaining: 767
Nets remaining: 766
Nets remaining: 765
Best route of _5914_ collides with net: _6519_ 
Ripping up blocking net _6519_
Nets remaining: 765
Best route of _378_ collides with net: _389_ 
Ripping up blocking net _389_
Nets remaining: 765
Nets remaining: 764
Nets remaining: 763
Best route of x4_i[7] collides with net: y3_i[6] 
Ripping up blocking net y3_i[6]
Nets remaining: 763
Nets remaining: 762
Nets remaining: 761
Best route of _1323_ collides with nets: _10369_ _10322_ 
Ripping up blocking net _10369_
Ripping up blocking net _10322_
Nets remaining: 762
Nets remaining: 761
Nets remaining: 760
Nets remaining: 759
Best route of ifft_bF$buf24 collides with nets: _10108_ _5492__bF$buf56 
Ripping up blocking net _10108_
Ripping up blocking net _5492__bF$buf56
Nets remaining: 760
Best route of _5510_ collides with net: _10754_[15] 
Ripping up blocking net _10754_[15]
Nets remaining: 760
Best route of _6195_ collides with net: _1323_ 
Ripping up blocking net _1323_
Nets remaining: 760
Best route of _10380_ collides with nets: _1175_ _10372_ 
Ripping up blocking net _1175_
Ripping up blocking net _10372_
Nets remaining: 761
Best route of _9872_ collides with net: _10740_ 
Ripping up blocking net _10740_
Nets remaining: 761
Nets remaining: 760
Best route of _5492__bF$buf23 collides with net: _9872_ 
Ripping up blocking net _9872_
Nets remaining: 760
Best route of _9323_ collides with nets: _9875_ _9874_ 
Ripping up blocking net _9875_
Ripping up blocking net _9874_
Nets remaining: 761
Best route of _8494_ collides with nets: _8525_ _8961_ 
Ripping up blocking net _8525_
Ripping up blocking net _8961_
Nets remaining: 762
Nets remaining: 761
Nets remaining: 760
Best route of _7754_ collides with net: _1027_ 
Ripping up blocking net _1027_
Nets remaining: 760
Best route of _7717_ collides with net: _1499_ 
Ripping up blocking net _1499_
Nets remaining: 760
Best route of _4999_ collides with net: _5317_ 
Ripping up blocking net _5317_
Nets remaining: 760
Best route of _10762_[11] collides with net: _5492__bF$buf26 
Ripping up blocking net _5492__bF$buf26
Nets remaining: 760
Best route of _5431_ collides with net: _4014_ 
Ripping up blocking net _4014_
Nets remaining: 760
Nets remaining: 759
Nets remaining: 758
Best route of _10765_[7] collides with net: y3_i[0] 
Ripping up blocking net y3_i[0]
Nets remaining: 758
Nets remaining: 757
Nets remaining: 756
Nets remaining: 755
Nets remaining: 754
Best route of _4613_ collides with net: _4453_ 
Ripping up blocking net _4453_
Nets remaining: 754
Best route of _653_ collides with nets: _804_ _4543_ _5991_ 
Ripping up blocking net _804_
Ripping up blocking net _4543_
Ripping up blocking net _5991_
Nets remaining: 756
Best route of _689_ collides with nets: _4678_ _4973_ _6142_ ifft_bF$buf15 _830_ _6196_ 
Ripping up blocking net _4678_
Ripping up blocking net _4973_
Ripping up blocking net _6142_
Ripping up blocking net ifft_bF$buf15
Ripping up blocking net _830_
Ripping up blocking net _6196_
Nets remaining: 761
Best route of _10756_[2] collides with nets: _651_ _5983_ 
Ripping up blocking net _651_
Ripping up blocking net _5983_
Nets remaining: 762
Best route of _10754_[3] collides with net: ifft_bF$buf55 
Ripping up blocking net ifft_bF$buf55
Nets remaining: 762
Best route of _385_ collides with nets: _384_ _380_ _132_ _5492__bF$buf45 
Ripping up blocking net _384_
Ripping up blocking net _380_
Ripping up blocking net _132_
Ripping up blocking net _5492__bF$buf45
Nets remaining: 765
Nets remaining: 764
Nets remaining: 763
Nets remaining: 762
Best route of _1412_ collides with net: _1396_ 
Ripping up blocking net _1396_
Nets remaining: 762
Nets remaining: 761
Best route of _3716_ collides with net: _936_ 
Ripping up blocking net _936_
Nets remaining: 761
Best route of _6476_ collides with nets: _199_ _6465_ 
Ripping up blocking net _199_
Ripping up blocking net _6465_
Nets remaining: 762
Nets remaining: 761
Best route of _7249_ collides with nets: _7389_ _154_ 
Ripping up blocking net _7389_
Ripping up blocking net _154_
Nets remaining: 762
Nets remaining: 761
Best route of _510_ collides with net: _1464_ 
Ripping up blocking net _1464_
Nets remaining: 761
Best route of _1465_ collides with nets: _7609_ _496_ _1466_ 
Ripping up blocking net _7609_
Ripping up blocking net _496_
Ripping up blocking net _1466_
Nets remaining: 763
Best route of _81_ collides with net: _10427_ 
Ripping up blocking net _10427_
Nets remaining: 763
Nets remaining: 762
Best route of _9698_ collides with nets: _9524_ _36_ 
Ripping up blocking net _9524_
Ripping up blocking net _36_
Nets remaining: 763
Best route of _9597_ collides with net: _9508_ 
Ripping up blocking net _9508_
Nets remaining: 763
Best route of _9687_ collides with net: _5492__bF$buf23 
Ripping up blocking net _5492__bF$buf23
Nets remaining: 763
Nets remaining: 762
Nets remaining: 761
Best route of _603_ collides with net: _589_ 
Ripping up blocking net _589_
Nets remaining: 761
Best route of _12_ collides with net: _10368_ 
Ripping up blocking net _10368_
Nets remaining: 761
Nets remaining: 760
Nets remaining: 759
Nets remaining: 758
Best route of _54_ collides with net: _1325_ 
Ripping up blocking net _1325_
Nets remaining: 758
Best route of _6414_ collides with nets: _505_ _513_ _1377_ _267_ _6415_ 
Ripping up blocking net _505_
Ripping up blocking net _513_
Ripping up blocking net _1377_
Ripping up blocking net _267_
Ripping up blocking net _6415_

No progress at level of effort 20; ending 2nd stage.

----------------------------------------------
Progress: Stage 2 total routes completed: 27817
Failed net routes: 762
----------------------------------------------
*** Running stage2 routing with options mask none, effort 40
Nets remaining: 762
Nets remaining: 761
Nets remaining: 760
Best route of _8943_ collides with nets: _8952_ _10498_ 
Ripping up blocking net _8952_
Ripping up blocking net _10498_
Nets remaining: 761
Nets remaining: 760
Best route of _8965_ collides with nets: _6560_ _8775_ _8964_ _8779_ 
Ripping up blocking net _6560_
Ripping up blocking net _8775_
Ripping up blocking net _8964_
Ripping up blocking net _8779_
Nets remaining: 763
Nets remaining: 762
Nets remaining: 761
Nets remaining: 760
Best route of _10557_ collides with nets: _9147_ _8965_ 
Ripping up blocking net _9147_
Ripping up blocking net _8965_
Nets remaining: 761
Best route of _6674_ collides with nets: _1298_ _9878_ 
Ripping up blocking net _1298_
Ripping up blocking net _9878_
Nets remaining: 762
Best route of _10539_ collides with net: _10520_ 
Ripping up blocking net _10520_
Nets remaining: 762
Nets remaining: 761
Best route of _8981_ collides with nets: _9130_ _8943_ 
Ripping up blocking net _9130_
Ripping up blocking net _8943_
Nets remaining: 762
Best route of _8290_ collides with net: _8293_ 
Ripping up blocking net _8293_
Nets remaining: 762
Best route of _10475_ collides with net: _8269_ 
Ripping up blocking net _8269_
Nets remaining: 762
Best route of _10497_ collides with net: _8494_ 
Ripping up blocking net _8494_
Nets remaining: 762
Best route of _8055_ collides with net: _6559_ 
Ripping up blocking net _6559_
Nets remaining: 762
Best route of _6906_ collides with nets: _10423_ _5492__bF$buf62 _10428_ 
Ripping up blocking net _10423_
Ripping up blocking net _5492__bF$buf62
Ripping up blocking net _10428_
Nets remaining: 764
Best route of _7057_ collides with nets: _8078_ _8117_ ifft_bF$buf24 
Ripping up blocking net _8078_
Ripping up blocking net _8117_
Ripping up blocking net ifft_bF$buf24
Nets remaining: 766
Best route of _10398_ collides with nets: _10331_ _95_ _10415_ _69_ _10394_ 
Ripping up blocking net _10331_
Ripping up blocking net _95_
Ripping up blocking net _10415_
Ripping up blocking net _69_
Ripping up blocking net _10394_
Nets remaining: 770
Nets remaining: 769
Best route of _10360_ collides with net: _6809_ 
Ripping up blocking net _6809_
Nets remaining: 769
Nets remaining: 768
Best route of _10343_ collides with net: _10366_ 
Ripping up blocking net _10366_
Nets remaining: 768
Best route of _7250_ collides with nets: _5750_ _7256_ 
Ripping up blocking net _5750_
Ripping up blocking net _7256_
Nets remaining: 769
Nets remaining: 768
Best route of _10055_ collides with net: _10098_ 
Ripping up blocking net _10098_
Nets remaining: 768
Nets remaining: 767
Best route of x4_r[7] collides with net: _10752_[12] 
Ripping up blocking net _10752_[12]
Nets remaining: 767
Best route of _10157_ collides with net: _10159_ 
Ripping up blocking net _10159_
Nets remaining: 767
Nets remaining: 766
Best route of _10110_ collides with net: _10100_ 
Ripping up blocking net _10100_
Nets remaining: 766
Nets remaining: 765
Best route of _10087_ collides with net: _10055_ 
Ripping up blocking net _10055_
Nets remaining: 765
Nets remaining: 764
Nets remaining: 763
Nets remaining: 762
Nets remaining: 761
Best route of _392_ collides with nets: _9939_ _7290_ 
Ripping up blocking net _9939_
Ripping up blocking net _7290_
Nets remaining: 762
Nets remaining: 761
Best route of _8123_ collides with net: _9476_ 
Ripping up blocking net _9476_
Nets remaining: 761
Best route of _9663_ collides with net: _8214_ 
Ripping up blocking net _8214_
Nets remaining: 761
Nets remaining: 760
Nets remaining: 759
Best route of _9281_ collides with net: _9087_ 
Ripping up blocking net _9087_
Nets remaining: 759
Nets remaining: 758
Nets remaining: 757
Best route of _9618_ collides with nets: _9619_ _9263_ 
Ripping up blocking net _9619_
Ripping up blocking net _9263_
Nets remaining: 758
Best route of _9818_ collides with nets: _7186_ _10068_ 
Ripping up blocking net _7186_
Ripping up blocking net _10068_
Nets remaining: 759
Nets remaining: 758
Nets remaining: 757
Nets remaining: 756
Best route of _1318_ collides with net: _9598_ 
Ripping up blocking net _9598_
Nets remaining: 756
Best route of _10616_ collides with net: _54_ 
Ripping up blocking net _54_
Nets remaining: 756
Best route of _1301_ collides with nets: _9696_ _10676_ _8086_ _1327_ _9988_ _1114_ 
Ripping up blocking net _9696_
Ripping up blocking net _10676_
Ripping up blocking net _8086_
Ripping up blocking net _1327_
Ripping up blocking net _9988_
Ripping up blocking net _1114_
Nets remaining: 761
Nets remaining: 760
Nets remaining: 759
Nets remaining: 758
Best route of _9512_ collides with net: _9525_ 
Ripping up blocking net _9525_
Nets remaining: 758
Best route of _9500_ collides with nets: _9704_ _9689_ _9703_ _9509_ _10616_ _10641_ 
Ripping up blocking net _9704_
Ripping up blocking net _9689_
Ripping up blocking net _9703_
Ripping up blocking net _9509_
Ripping up blocking net _10616_
Ripping up blocking net _10641_
Nets remaining: 763
Nets remaining: 762
Best route of _9496_ collides with nets: _9495_ _9497_ 
Ripping up blocking net _9495_
Ripping up blocking net _9497_
Nets remaining: 763
Nets remaining: 762
Best route of _10521_ collides with net: _5823_ 
Ripping up blocking net _5823_
Nets remaining: 762
Best route of _8929_ collides with nets: _6527_ _3667_ 
Ripping up blocking net _6527_
Ripping up blocking net _3667_
Nets remaining: 763
Nets remaining: 762
Best route of _5505_ collides with net: x7_r[15] 
Ripping up blocking net x7_r[15]
Nets remaining: 762
Nets remaining: 761
Best route of _9302_ collides with net: _10763_[13] 
Ripping up blocking net _10763_[13]
Nets remaining: 761
Nets remaining: 760
Nets remaining: 759
Best route of _9471_ collides with nets: _9302_ _9463_ _9093_ _8717_ _6812_ _9294_ _7191_ _7101_ y6_r[14] 
Ripping up blocking net _9302_
Ripping up blocking net _9463_
Ripping up blocking net _9093_
Ripping up blocking net _8717_
Ripping up blocking net _6812_
Ripping up blocking net _9294_
Ripping up blocking net _7191_
Ripping up blocking net _7101_
Ripping up blocking net y6_r[14]
Nets remaining: 767
Nets remaining: 766
Best route of y0_r[12] collides with net: _9101_ 
Ripping up blocking net _9101_
Nets remaining: 766
Nets remaining: 765
Best route of x5_i[4] collides with net: x1_i[5] 
Ripping up blocking net x1_i[5]
Nets remaining: 765
Best route of _9455_ collides with net: _9088_ 
Ripping up blocking net _9088_
Nets remaining: 765
Best route of _9082_ collides with nets: x5_i[2] _9455_ x4_r[7] _8902_ _9434_ _6067_ _6768_ _9449_ 
Ripping up blocking net x5_i[2]
Ripping up blocking net _9455_
Ripping up blocking net x4_r[7]
Ripping up blocking net _8902_
Ripping up blocking net _9434_
Ripping up blocking net _6067_
Ripping up blocking net _6768_
Ripping up blocking net _9449_
Nets remaining: 772
Nets remaining: 771
Best route of _1097_ collides with net: _9148_ 
Ripping up blocking net _9148_
Nets remaining: 771
Best route of _8778_ collides with nets: _7517_ _8875_ _8775_ _8981_ 
Ripping up blocking net _7517_
Ripping up blocking net _8875_
Ripping up blocking net _8775_
Ripping up blocking net _8981_
Nets remaining: 774
Best route of _9128_ collides with net: _9123_ 
Ripping up blocking net _9123_
Nets remaining: 774
Nets remaining: 773
Nets remaining: 772
Nets remaining: 771
Nets remaining: 770
Nets remaining: 769
Best route of _9292_ collides with nets: _5388_ _9270_ 
Ripping up blocking net _5388_
Ripping up blocking net _9270_
Nets remaining: 770
Best route of _9288_ collides with net: _9466_ 
Ripping up blocking net _9466_
Nets remaining: 770
Best route of _9287_ collides with net: x4_r[14] 
Ripping up blocking net x4_r[14]
Nets remaining: 770
Best route of _9470_ collides with nets: _9469_ _9082_ _9287_ 
Ripping up blocking net _9469_
Ripping up blocking net _9082_
Ripping up blocking net _9287_
Nets remaining: 772
Nets remaining: 771
Best route of x6_i[11] collides with net: _6332_ 
Ripping up blocking net _6332_
Nets remaining: 771
Best route of _8921_ collides with nets: _9471_ _9470_ 
Ripping up blocking net _9471_
Ripping up blocking net _9470_
Nets remaining: 772
Best route of _9279_ collides with net: _9273_ 
Ripping up blocking net _9273_
Nets remaining: 772
Nets remaining: 771
Best route of _9615_ collides with net: _9098_ 
Ripping up blocking net _9098_
Nets remaining: 771
Nets remaining: 770
Best route of _1958_ collides with net: _2590_ 
Ripping up blocking net _2590_
Nets remaining: 770
Nets remaining: 769
Nets remaining: 768
Nets remaining: 767
Best route of _9203_ collides with net: _8669_ 
Ripping up blocking net _8669_
Nets remaining: 767
Best route of _9596_ collides with nets: _9500_ _1097_ 
Ripping up blocking net _9500_
Ripping up blocking net _1097_
Nets remaining: 768
Nets remaining: 767
Best route of _9312_ collides with net: _9129_ 
Ripping up blocking net _9129_
Nets remaining: 767
Best route of _5489_ collides with nets: _9108_ _9109_ 
Ripping up blocking net _9108_
Ripping up blocking net _9109_
Nets remaining: 768
Nets remaining: 767
Best route of _7099_ collides with net: x4_i[12] 
Ripping up blocking net x4_i[12]
Nets remaining: 767
Best route of _8782_ collides with net: _9435_ 
Ripping up blocking net _9435_
Nets remaining: 767
Nets remaining: 766
Nets remaining: 765
Nets remaining: 764
Best route of _9454_ collides with net: _9079_ 
Ripping up blocking net _9079_
Nets remaining: 764
Best route of _9258_ collides with nets: _9281_ _8926_ 
Ripping up blocking net _9281_
Ripping up blocking net _8926_
Nets remaining: 765
Nets remaining: 764
Nets remaining: 763
Best route of _5656_ collides with net: _5382_ 
Ripping up blocking net _5382_
Nets remaining: 763
Nets remaining: 762
Best route of _10477_ collides with nets: y6_i[5] _8659_ 
Ripping up blocking net y6_i[5]
Ripping up blocking net _8659_
Nets remaining: 763
Best route of _9156_ collides with nets: x7_r[2] _9139_ _9321_ _9312_ x3_r[2] _9146_ _9138_ 
Ripping up blocking net x7_r[2]
Ripping up blocking net _9139_
Ripping up blocking net _9321_
Ripping up blocking net _9312_
Ripping up blocking net x3_r[2]
Ripping up blocking net _9146_
Ripping up blocking net _9138_
Nets remaining: 769
Nets remaining: 768
Best route of _9137_ collides with net: _10559_ 
Ripping up blocking net _10559_

No progress at level of effort 40; ending 2nd stage.

----------------------------------------------
Progress: Stage 2 total routes completed: 28308
Failed net routes: 768
----------------------------------------------
*** Running stage2 routing with options mask none, effort 60
Nets remaining: 768
Nets remaining: 767
Nets remaining: 766
Best route of _5492__bF$buf3 collides with nets: _10531_ _9140_ _10543_ 
Ripping up blocking net _10531_
Ripping up blocking net _9140_
Ripping up blocking net _10543_
Nets remaining: 768
Best route of _8467_ collides with net: _9697_ 
Ripping up blocking net _9697_
Nets remaining: 768
Best route of _8679_ collides with nets: _8685_ _8545_ 
Ripping up blocking net _8685_
Ripping up blocking net _8545_
Nets remaining: 769
Nets remaining: 768
Nets remaining: 767
Nets remaining: 766
Nets remaining: 765
Best route of _6006_ collides with net: _5492__bF$buf33 
Ripping up blocking net _5492__bF$buf33
Nets remaining: 765
Nets remaining: 764
Nets remaining: 763
Nets remaining: 762
Best route of _8332_ collides with nets: y2_r[4] _10508_ 
Ripping up blocking net y2_r[4]
Ripping up blocking net _10508_
Nets remaining: 763
Best route of _8339_ collides with nets: _8477_ _8264_ 
Ripping up blocking net _8477_
Ripping up blocking net _8264_
Nets remaining: 764
Best route of x7_r[1] collides with nets: _9596_ _1445_ 
Ripping up blocking net _9596_
Ripping up blocking net _1445_
Nets remaining: 765
Best route of _7298_ collides with net: _8217_ 
Ripping up blocking net _8217_
Nets remaining: 765
Nets remaining: 764
Best route of _1143_ collides with net: _10119_ 
Ripping up blocking net _10119_
Nets remaining: 764
Best route of _7624_ collides with net: _2420_ 
Ripping up blocking net _2420_
Nets remaining: 764
Best route of _6215_ collides with net: _5505_ 
Ripping up blocking net _5505_
Nets remaining: 764
Nets remaining: 763
Best route of _5926_ collides with net: _762_ 
Ripping up blocking net _762_
Nets remaining: 763
Nets remaining: 762
Nets remaining: 761
Nets remaining: 760
Best route of _7633_ collides with net: _6933_ 
Ripping up blocking net _6933_
Nets remaining: 760
Best route of _9065_ collides with nets: _5493_ _5490_ _9113_ 
Ripping up blocking net _5493_
Ripping up blocking net _5490_
Ripping up blocking net _9113_
Nets remaining: 762
Best route of x4_i[14] collides with nets: _5650_ y6_r[9] _7150_ 
Ripping up blocking net _5650_
Ripping up blocking net y6_r[9]
Ripping up blocking net _7150_
Nets remaining: 764
Best route of _7788_ collides with net: _9448_ 
Ripping up blocking net _9448_
Nets remaining: 764
Nets remaining: 763
Nets remaining: 762
Best route of _7541_ collides with net: _507_ 
Ripping up blocking net _507_
Nets remaining: 762
Best route of _44_ collides with net: _10763_[4] 
Ripping up blocking net _10763_[4]
Nets remaining: 762
Best route of _9080_ collides with net: _9637_ 
Ripping up blocking net _9637_
Nets remaining: 762
Best route of _7502_ collides with net: _1312_ 
Ripping up blocking net _1312_
Nets remaining: 762
Best route of _9116_ collides with net: _9453_ 
Ripping up blocking net _9453_
Nets remaining: 762
Nets remaining: 761
Nets remaining: 760
Nets remaining: 759
Nets remaining: 758
Nets remaining: 757
Nets remaining: 756
Nets remaining: 755
Best route of _1968_ collides with net: _7023_ 
Ripping up blocking net _7023_
Nets remaining: 755
Nets remaining: 754
Best route of _9104_ collides with net: _336_ 
Ripping up blocking net _336_
Nets remaining: 754
Best route of _3368_ collides with net: _3009_ 
Ripping up blocking net _3009_
Nets remaining: 754
Nets remaining: 754
Nets remaining: 753
Best route of _334_ collides with nets: _963_ _335_ 
Ripping up blocking net _963_
Ripping up blocking net _335_
Nets remaining: 754
Best route of _1611_ collides with nets: _2731_ _3786_ 
Ripping up blocking net _2731_
Ripping up blocking net _3786_
Nets remaining: 755
Nets remaining: 754
Nets remaining: 753
Nets remaining: 752
Best route of _9855_ collides with nets: _512_ _230_ 
Ripping up blocking net _512_
Ripping up blocking net _230_
Nets remaining: 753
Nets remaining: 752
Best route of x1_i[3] collides with nets: _9258_ x7_r[4] _10751_[8] 
Ripping up blocking net _9258_
Ripping up blocking net x7_r[4]
Ripping up blocking net _10751_[8]
Nets remaining: 754
Nets remaining: 753
Nets remaining: 752
Best route of _72_ collides with nets: _10405_ _81_ 
Ripping up blocking net _10405_
Ripping up blocking net _81_
Nets remaining: 753
Nets remaining: 752
Best route of _10353_ collides with nets: _5739_ _6195_ _10342_ _67_ _12_ 
Ripping up blocking net _5739_
Ripping up blocking net _6195_
Ripping up blocking net _10342_
Ripping up blocking net _67_
Ripping up blocking net _12_
Nets remaining: 756
Nets remaining: 755
Nets remaining: 754
Best route of _9112_ collides with net: _6331_ 
Ripping up blocking net _6331_
Nets remaining: 754
Nets remaining: 753
Nets remaining: 752
Nets remaining: 751
Best route of _6260_ collides with net: _702_ 
Ripping up blocking net _702_
Nets remaining: 751
Best route of _7198_ collides with net: x2_i[10] 
Ripping up blocking net x2_i[10]
Nets remaining: 751
Nets remaining: 750
Best route of _6078_ collides with nets: _5492__bF$buf60 _6073_ _9855_ ifft_bF$buf18 _44_ 
Ripping up blocking net _5492__bF$buf60
Ripping up blocking net _6073_
Ripping up blocking net _9855_
Ripping up blocking net ifft_bF$buf18
Ripping up blocking net _44_
Nets remaining: 754
Nets remaining: 753
Nets remaining: 752
Nets remaining: 751
Best route of x3_r[5] collides with net: _8929_ 
Ripping up blocking net _8929_
Nets remaining: 751
Best route of x6_i[4] collides with nets: _9267_ _9454_ x1_i[0] 
Ripping up blocking net _9267_
Ripping up blocking net _9454_
Ripping up blocking net x1_i[0]
Nets remaining: 753
Nets remaining: 752
Nets remaining: 751
Nets remaining: 750
Best route of _5806_ collides with nets: _4247_ _5807_ 
Ripping up blocking net _4247_
Ripping up blocking net _5807_
Nets remaining: 751
Nets remaining: 750
Best route of ifft_bF$buf29 collides with nets: _620_ _613_ _6737_ _5797_ _5806_ 
Ripping up blocking net _620_
Ripping up blocking net _613_
Ripping up blocking net _6737_
Ripping up blocking net _5797_
Ripping up blocking net _5806_
Nets remaining: 754
Nets remaining: 753
Nets remaining: 752
Best route of _9256_ collides with nets: _9118_ _8584_ 
Ripping up blocking net _9118_
Ripping up blocking net _8584_
Nets remaining: 753
Best route of _9271_ collides with nets: x0_r[14] _9305_ _7198_ 
Ripping up blocking net x0_r[14]
Ripping up blocking net _9305_
Ripping up blocking net _7198_
Nets remaining: 755
Best route of _5186_ collides with net: _5357_ 
Ripping up blocking net _5357_
Nets remaining: 755
Nets remaining: 754
Nets remaining: 753
Best route of _5213_ collides with net: _4270_ 
Ripping up blocking net _4270_
Nets remaining: 753
Nets remaining: 752
Nets remaining: 751
Best route of _5068_ collides with nets: _6210_ _5016_ 
Ripping up blocking net _6210_
Ripping up blocking net _5016_
Nets remaining: 752
Best route of x4_r[9] collides with net: _4293_ 
Ripping up blocking net _4293_
Nets remaining: 752
Best route of _4889_ collides with net: _701_ 
Ripping up blocking net _701_
Nets remaining: 752
Nets remaining: 751
Nets remaining: 750
Best route of _8664_ collides with nets: _1068_ _8053_ _8778_ x2_r[7] _8968_ _9153_ y2_i[5] 
Ripping up blocking net _1068_
Ripping up blocking net _8053_
Ripping up blocking net _8778_
Ripping up blocking net x2_r[7]
Ripping up blocking net _8968_
Ripping up blocking net _9153_
Ripping up blocking net y2_i[5]
Nets remaining: 756
Nets remaining: 755
Nets remaining: 754
Nets remaining: 753
Best route of _3711_ collides with net: _216_ 
Ripping up blocking net _216_
Nets remaining: 753
Nets remaining: 752
Best route of _4375_ collides with nets: _768_ _5492__bF$buf61 _9375_ _3792_ _4099_ 
Ripping up blocking net _768_
Ripping up blocking net _5492__bF$buf61
Ripping up blocking net _9375_
Ripping up blocking net _3792_
Ripping up blocking net _4099_
Nets remaining: 756
Best route of _10760_[14] collides with net: _9080_ 
Ripping up blocking net _9080_
Nets remaining: 756
Nets remaining: 755
Nets remaining: 754
Nets remaining: 753
Nets remaining: 752
Nets remaining: 751
Best route of _2528_ collides with net: _4052_ 
Ripping up blocking net _4052_
Nets remaining: 751
Nets remaining: 750
Best route of _601_ collides with net: _1522_ 
Ripping up blocking net _1522_
Nets remaining: 750
Nets remaining: 749
Nets remaining: 748
Best route of _3224_ collides with net: _5997_ 
Ripping up blocking net _5997_
Nets remaining: 748
Best route of _2523_ collides with net: _2011_ 
Ripping up blocking net _2011_
Nets remaining: 748
Nets remaining: 747
Nets remaining: 746
Nets remaining: 745
Nets remaining: 744
Nets remaining: 743
Nets remaining: 742
Nets remaining: 741
Nets remaining: 740
Best route of _1151_ collides with net: _2550_ 
Ripping up blocking net _2550_
Nets remaining: 740
Nets remaining: 739
Best route of _1781_ collides with net: _1787_ 
Ripping up blocking net _1787_
Nets remaining: 739
Nets remaining: 738
Best route of _1929_ collides with nets: _1962_ _2627_ 
Ripping up blocking net _1962_
Ripping up blocking net _2627_
Nets remaining: 739
Best route of ifft_bF$buf7 collides with net: _9265_ 
Ripping up blocking net _9265_
Nets remaining: 739
Best route of _4107_ collides with net: _10526_ 
Ripping up blocking net _10526_
Nets remaining: 739
Nets remaining: 738
Nets remaining: 737
Nets remaining: 736
Best route of _1700_ collides with nets: _1608_ _1693_ 
Ripping up blocking net _1608_
Ripping up blocking net _1693_
Nets remaining: 737
Best route of _1539_ collides with nets: _591_ _6611_ 
Ripping up blocking net _591_
Ripping up blocking net _6611_
Nets remaining: 738
Best route of _1675_ collides with nets: _1151_ _1593_ 
Ripping up blocking net _1151_
Ripping up blocking net _1593_
Nets remaining: 739
Nets remaining: 738
Nets remaining: 737
Best route of ifft_bF$buf62 collides with net: _1524_ 
Ripping up blocking net _1524_
Nets remaining: 737
Nets remaining: 736
Best route of x5_i[5] collides with nets: _5947_ _5944_ y6_r[4] 
Ripping up blocking net _5947_
Ripping up blocking net _5944_
Ripping up blocking net y6_r[4]
Nets remaining: 738
Nets remaining: 737
Best route of _841_ collides with net: _5611_ 
Ripping up blocking net _5611_
Nets remaining: 737
Nets remaining: 736
Best route of _8094_ collides with net: _8664_ 
Ripping up blocking net _8664_
Nets remaining: 736
Nets remaining: 735
Best route of _10022_ collides with net: _10093_ 
Ripping up blocking net _10093_
Nets remaining: 735
Nets remaining: 734
Best route of _5492__bF$buf42 collides with nets: _9485_ _87_ 
Ripping up blocking net _9485_
Ripping up blocking net _87_
Nets remaining: 735
Best route of _9533_ collides with nets: _1276_ _9506_ 
Ripping up blocking net _1276_
Ripping up blocking net _9506_
Nets remaining: 736
Nets remaining: 735
Nets remaining: 734
Nets remaining: 733
Best route of _6767_ collides with nets: _7499_ _8617_ 
Ripping up blocking net _7499_
Ripping up blocking net _8617_
Nets remaining: 734
Best route of _10065_ collides with net: _9958_ 
Ripping up blocking net _9958_
Nets remaining: 734
Nets remaining: 733
Best route of x4_i[13] collides with net: _9271_ 
Ripping up blocking net _9271_
Nets remaining: 733
Nets remaining: 732
Best route of _10756_[9] collides with nets: _5665_ _10757_[7] _6491_ _754_ 
Ripping up blocking net _5665_
Ripping up blocking net _10757_[7]
Ripping up blocking net _6491_
Ripping up blocking net _754_
Nets remaining: 735
Best route of y7_r[3] collides with net: y6_i[11] 
Ripping up blocking net y6_i[11]
Nets remaining: 735
Best route of _5171_ collides with nets: _5302_ _5524_ 
Ripping up blocking net _5302_
Ripping up blocking net _5524_
Nets remaining: 736
Nets remaining: 735
Nets remaining: 734
Nets remaining: 733
Nets remaining: 732
Nets remaining: 731
Nets remaining: 730
Best route of _2918_ collides with net: _2887_ 
Ripping up blocking net _2887_
Nets remaining: 730
Nets remaining: 729
Best route of x2_i[4] collides with nets: x6_i[4] x3_r[4] 
Ripping up blocking net x6_i[4]
Ripping up blocking net x3_r[4]
Nets remaining: 730
Nets remaining: 729
Nets remaining: 728
Nets remaining: 727
Best route of _9620_ collides with net: _9436_ 
Ripping up blocking net _9436_
Nets remaining: 727
Nets remaining: 726
Nets remaining: 725
Nets remaining: 724
Nets remaining: 723
Best route of _8540_ collides with nets: x3_r[5] _8727_ _7057_ 
Ripping up blocking net x3_r[5]
Ripping up blocking net _8727_
Ripping up blocking net _7057_
Nets remaining: 725
Best route of _9517_ collides with net: _7594_ 
Ripping up blocking net _7594_
Nets remaining: 725
Best route of _1289_ collides with net: _88_ 
Ripping up blocking net _88_
Nets remaining: 725
Nets remaining: 724
Best route of _8514_ collides with nets: _8790_ _8789_ 
Ripping up blocking net _8790_
Ripping up blocking net _8789_
Nets remaining: 725
Nets remaining: 724
Nets remaining: 723
Best route of _1704_ collides with nets: _2528_ _3478_ _2911_ 
Ripping up blocking net _2528_
Ripping up blocking net _3478_
Ripping up blocking net _2911_
Nets remaining: 725
Best route of _10754_[6] collides with net: _10756_[9] 
Ripping up blocking net _10756_[9]
Nets remaining: 725
Best route of _10762_[7] collides with net: _10756_[10] 
Ripping up blocking net _10756_[10]
Nets remaining: 725
Nets remaining: 724
Best route of _860_ collides with nets: _849_ _6302_ _6260_ _10755_[3] 
Ripping up blocking net _849_
Ripping up blocking net _6302_
Ripping up blocking net _6260_
Ripping up blocking net _10755_[3]
Nets remaining: 727
Nets remaining: 726
Best route of y7_r[5] collides with nets: _4527_ _10754_[11] 
Ripping up blocking net _4527_
Ripping up blocking net _10754_[11]
Nets remaining: 727
Best route of _6371_ collides with net: _6425_ 
Ripping up blocking net _6425_
Nets remaining: 727
Best route of _10758_[7] collides with nets: _10750_[9] y2_i[8] _10758_[5] 
Ripping up blocking net _10750_[9]
Ripping up blocking net y2_i[8]
Ripping up blocking net _10758_[5]
Nets remaining: 729
Nets remaining: 728
Nets remaining: 727
Nets remaining: 726
Nets remaining: 725
Best route of _9522_ collides with nets: _9517_ _6006_ _10669_ _61_ _1110_ 
Ripping up blocking net _9517_
Ripping up blocking net _6006_
Ripping up blocking net _10669_
Ripping up blocking net _61_
Ripping up blocking net _1110_
Nets remaining: 729
Best route of _7669_ collides with net: _7465_ 
Ripping up blocking net _7465_
Nets remaining: 729
Nets remaining: 728
Nets remaining: 727
Best route of y7_r[1] collides with net: _894_ 
Ripping up blocking net _894_
Nets remaining: 727
Best route of y3_r[0] collides with nets: _841_ _10758_[6] 
Ripping up blocking net _841_
Ripping up blocking net _10758_[6]
Nets remaining: 728
Nets remaining: 727
Nets remaining: 726
Nets remaining: 725
Best route of _5541_ collides with net: _4241_ 
Ripping up blocking net _4241_
Nets remaining: 725
Nets remaining: 724
Best route of _5528_ collides with net: _5608_ 
Ripping up blocking net _5608_
Nets remaining: 724
Best route of _5598_ collides with net: _5492__hier0_bF$buf5 
Ripping up blocking net _5492__hier0_bF$buf5
Nets remaining: 724
Best route of _6064_ collides with net: _10370_ 
Ripping up blocking net _10370_
Nets remaining: 724
Nets remaining: 723
Nets remaining: 722
Best route of _77_ collides with nets: _5279_ _340_ _7757_ 
Ripping up blocking net _5279_
Ripping up blocking net _340_
Ripping up blocking net _7757_
Nets remaining: 724
Nets remaining: 723
Best route of _7895_ collides with nets: _10621_ _7842_ 
Ripping up blocking net _10621_
Ripping up blocking net _7842_
Nets remaining: 724
Best route of _6883_ collides with net: _6324_ 
Ripping up blocking net _6324_
Nets remaining: 724
Nets remaining: 723
Best route of _7680_ collides with nets: _10362_ _7885_ 
Ripping up blocking net _10362_
Ripping up blocking net _7885_
Nets remaining: 724
Nets remaining: 723
Best route of _10746_ collides with nets: _1318_ _5156_ _533_ 
Ripping up blocking net _1318_
Ripping up blocking net _5156_
Ripping up blocking net _533_
Nets remaining: 725
Best route of _7400_ collides with net: _5492__bF$buf36 
Ripping up blocking net _5492__bF$buf36
Nets remaining: 725
Nets remaining: 724
Nets remaining: 723
Best route of y0_r[14] collides with nets: y4_r[14] _6334_ y0_r[15] y0_r[12] 
Ripping up blocking net y4_r[14]
Ripping up blocking net _6334_
Ripping up blocking net y0_r[15]
Ripping up blocking net y0_r[12]
Nets remaining: 726
Best route of _9473_ collides with nets: _6240_ _7788_ _9830_ 
Ripping up blocking net _6240_
Ripping up blocking net _7788_
Ripping up blocking net _9830_
Nets remaining: 728
Nets remaining: 727
Best route of _7411_ collides with nets: _5510_ _8114_ _7669_ 
Ripping up blocking net _5510_
Ripping up blocking net _8114_
Ripping up blocking net _7669_
Nets remaining: 729
Best route of _6072_ collides with net: _6131_ 
Ripping up blocking net _6131_
Nets remaining: 729
Nets remaining: 728
Best route of _7300_ collides with net: _7298_ 
Ripping up blocking net _7298_
Nets remaining: 728
Best route of _8598_ collides with net: _1940_ 
Ripping up blocking net _1940_
Nets remaining: 728
Nets remaining: 727
Nets remaining: 726
Best route of ifft_bF$buf63 collides with net: _6813_ 
Ripping up blocking net _6813_
Nets remaining: 726
Best route of _10420_ collides with nets: _7774_ _1476_ 
Ripping up blocking net _7774_
Ripping up blocking net _1476_
Nets remaining: 727
Nets remaining: 726
Best route of _10333_ collides with nets: _9505_ _10067_ _9620_ 
Ripping up blocking net _9505_
Ripping up blocking net _10067_
Ripping up blocking net _9620_
Nets remaining: 728
Best route of _8529_ collides with nets: _8905_ _9537_ 
Ripping up blocking net _8905_
Ripping up blocking net _9537_
Nets remaining: 729
Nets remaining: 728
Best route of _9621_ collides with net: _6112_ 
Ripping up blocking net _6112_
Nets remaining: 728
Best route of _9624_ collides with net: _9420_ 
Ripping up blocking net _9420_
Nets remaining: 728
Best route of _6384_ collides with net: _6351_ 
Ripping up blocking net _6351_
Nets remaining: 728
Nets remaining: 727
Nets remaining: 726
Nets remaining: 725
Best route of _9475_ collides with nets: _6266_ _9432_ 
Ripping up blocking net _6266_
Ripping up blocking net _9432_
Nets remaining: 726
Nets remaining: 725
Best route of _7156_ collides with nets: x4_i[14] _9292_ 
Ripping up blocking net x4_i[14]
Ripping up blocking net _9292_
Nets remaining: 726
Nets remaining: 725
Best route of _9004_ collides with net: _9313_ 
Ripping up blocking net _9313_
Nets remaining: 725
Nets remaining: 724
Best route of _8711_ collides with net: _9412_ 
Ripping up blocking net _9412_
Nets remaining: 724
Nets remaining: 723
Nets remaining: 722
Nets remaining: 721
Nets remaining: 720
Best route of x0_r[1] collides with net: x0_r[0] 
Ripping up blocking net x0_r[0]
Nets remaining: 720
Best route of _5142_ collides with nets: _334_ x4_i[10] 
Ripping up blocking net _334_
Ripping up blocking net x4_i[10]
Nets remaining: 721
Nets remaining: 720
Nets remaining: 719
Best route of _5265_ collides with nets: _5137_ x6_r[8] _9104_ _9107_ _6414_ _10754_[12] _10758_[10] x2_r[8] 
Ripping up blocking net _5137_
Ripping up blocking net x6_r[8]
Ripping up blocking net _9104_
Ripping up blocking net _9107_
Ripping up blocking net _6414_
Ripping up blocking net _10754_[12]
Ripping up blocking net _10758_[10]
Ripping up blocking net x2_r[8]
Nets remaining: 726
Nets remaining: 725
Nets remaining: 724
Best route of y6_r[1] collides with nets: y7_r[3] _10754_[13] 
Ripping up blocking net y7_r[3]
Ripping up blocking net _10754_[13]
Nets remaining: 725
Best route of y0_i[15] collides with net: y6_r[0] 
Ripping up blocking net y6_r[0]
Nets remaining: 725
Best route of _10404_ collides with nets: _10353_ _10398_ 
Ripping up blocking net _10353_
Ripping up blocking net _10398_
Nets remaining: 726
Nets remaining: 725
Nets remaining: 724
Nets remaining: 723
Nets remaining: 722
Best route of _10473_ collides with net: _8279_ 
Ripping up blocking net _8279_
Nets remaining: 722
Nets remaining: 721
Best route of y4_r[6] collides with nets: _10509_ _8796_ 
Ripping up blocking net _10509_
Ripping up blocking net _8796_
Nets remaining: 722
Nets remaining: 721
Best route of x4_i[9] collides with nets: y2_i[14] _4946_ y4_i[5] _10750_[13] 
Ripping up blocking net y2_i[14]
Ripping up blocking net _4946_
Ripping up blocking net y4_i[5]
Ripping up blocking net _10750_[13]
Nets remaining: 725
Nets remaining: 724
Best route of _10765_[13] collides with net: _5541_ 
Ripping up blocking net _5541_
Nets remaining: 724
Nets remaining: 723
Best route of _8951_ collides with net: _10575_ 
Ripping up blocking net _10575_
Nets remaining: 723
Best route of y0_i[3] collides with net: _8807_ 
Ripping up blocking net _8807_
Nets remaining: 723
Nets remaining: 722
Best route of y2_r[3] collides with net: _10758_[8] 
Ripping up blocking net _10758_[8]
Nets remaining: 722
Nets remaining: 721
Best route of _10762_[6] collides with net: _10765_[13] 
Ripping up blocking net _10765_[13]
Nets remaining: 721
Best route of _8478_ collides with nets: _10758_[0] _10476_ 
Ripping up blocking net _10758_[0]
Ripping up blocking net _10476_
Nets remaining: 722
Nets remaining: 721
Nets remaining: 720
Nets remaining: 719
Best route of _9349_ collides with net: _9315_ 
Ripping up blocking net _9315_
Nets remaining: 719
Best route of _433_ collides with nets: _422_ ifft_hier0_bF$buf6 
Ripping up blocking net _422_
Ripping up blocking net ifft_hier0_bF$buf6
Nets remaining: 720
Nets remaining: 719
Nets remaining: 718
Best route of x7_r[0] collides with nets: y0_i[3] x3_r[0] 
Ripping up blocking net y0_i[3]
Ripping up blocking net x3_r[0]
Nets remaining: 719
Best route of _10754_[9] collides with net: x4_i[7] 
Ripping up blocking net x4_i[7]
Nets remaining: 719
Best route of _10751_[9] collides with net: _10420_ 
Ripping up blocking net _10420_
Nets remaining: 719
Nets remaining: 718
Nets remaining: 717
Nets remaining: 716
Best route of _5492__bF$buf59 collides with net: _5265_ 
Ripping up blocking net _5265_
Nets remaining: 716
Best route of ifft collides with nets: _10746_ _10241_ _697_ 
Ripping up blocking net _10746_
Ripping up blocking net _10241_
Ripping up blocking net _697_
Nets remaining: 718
Best route of _961_ collides with net: _957_ 
Ripping up blocking net _957_
Nets remaining: 718
Best route of y0_i[13] collides with net: _4522_ 
Ripping up blocking net _4522_
Nets remaining: 718
Best route of y0_i[1] collides with net: y0_i[13] 
Ripping up blocking net y0_i[13]
Nets remaining: 718
Best route of _6258_ collides with net: _10755_[2] 
Ripping up blocking net _10755_[2]
Nets remaining: 718
Best route of _10754_[8] collides with nets: _10754_[7] _10757_[11] y7_r[1] 
Ripping up blocking net _10754_[7]
Ripping up blocking net _10757_[11]
Ripping up blocking net y7_r[1]
Nets remaining: 720
Best route of _6423_ collides with nets: _985_ _4578_ _6427_ 
Ripping up blocking net _985_
Ripping up blocking net _4578_
Ripping up blocking net _6427_
Nets remaining: 722
Best route of ifft_bF$buf1 collides with nets: _9666_ _9597_ 
Ripping up blocking net _9666_
Ripping up blocking net _9597_
Nets remaining: 723
Nets remaining: 722
Best route of _1308_ collides with net: _1281_ 
Ripping up blocking net _1281_
Nets remaining: 722
Nets remaining: 721
Nets remaining: 720
Nets remaining: 719
Best route of _5492_ collides with nets: _1316_ _1461_ 
Ripping up blocking net _1316_
Ripping up blocking net _1461_
Nets remaining: 720
Nets remaining: 719
Nets remaining: 718
Best route of _10724_ collides with nets: _7810_ _7877_ 
Ripping up blocking net _7810_
Ripping up blocking net _7877_
Nets remaining: 719
Best route of _10338_ collides with net: _10110_ 
Ripping up blocking net _10110_
Nets remaining: 719
Best route of _8601_ collides with nets: _10212_ _9981_ _5824_ _9734_ _8603_ 
Ripping up blocking net _10212_
Ripping up blocking net _9981_
Ripping up blocking net _5824_
Ripping up blocking net _9734_
Ripping up blocking net _8603_
Nets remaining: 723
Nets remaining: 722
Best route of _1173_ collides with nets: _1170_ _1123_ _10435_ _10430_ _10383_ 
Ripping up blocking net _1170_
Ripping up blocking net _1123_
Ripping up blocking net _10435_
Ripping up blocking net _10430_
Ripping up blocking net _10383_
Nets remaining: 726
Best route of _1178_ collides with net: _1191_ 
Ripping up blocking net _1191_
Nets remaining: 726
Best route of _8216_ collides with nets: _10460_ _8082_ 
Ripping up blocking net _10460_
Ripping up blocking net _8082_
Nets remaining: 727
Best route of _9902_ collides with net: _10736_ 
Ripping up blocking net _10736_
Nets remaining: 727
Nets remaining: 726
Best route of _9896_ collides with net: _9883_ 
Ripping up blocking net _9883_
Nets remaining: 726
Nets remaining: 725
Nets remaining: 724
Best route of _9350_ collides with nets: _1289_ _9533_ _10666_ _9521_ 
Ripping up blocking net _1289_
Ripping up blocking net _9533_
Ripping up blocking net _10666_
Ripping up blocking net _9521_
Nets remaining: 727
Best route of _9528_ collides with net: _1109_ 
Ripping up blocking net _1109_
Nets remaining: 727
Nets remaining: 726
Nets remaining: 725
Best route of _9157_ collides with net: _9512_ 
Ripping up blocking net _9512_
Nets remaining: 725
Nets remaining: 724
Best route of _9322_ collides with nets: _1086_ _9320_ 
Ripping up blocking net _1086_
Ripping up blocking net _9320_
Nets remaining: 725
Best route of _9318_ collides with net: _1087_ 
Ripping up blocking net _1087_
Nets remaining: 725
Best route of ifft_bF$buf16 collides with net: _5901_ 
Ripping up blocking net _5901_
Nets remaining: 725
Best route of _1056_ collides with net: _1062_ 
Ripping up blocking net _1062_
Nets remaining: 725
Nets remaining: 724
Nets remaining: 723
Best route of ifft_bF$buf3 collides with nets: _5492_ _107_ _1452_ _510_ _6820_ _6065_ _6884_ _8023_ 
Ripping up blocking net _5492_
Ripping up blocking net _107_
Ripping up blocking net _1452_
Ripping up blocking net _510_
Ripping up blocking net _6820_
Ripping up blocking net _6065_
Ripping up blocking net _6884_
Ripping up blocking net _8023_
Nets remaining: 730
Nets remaining: 729
Nets remaining: 728
Nets remaining: 727
Best route of _5282_ collides with net: _5492__bF$buf18 
Ripping up blocking net _5492__bF$buf18
Nets remaining: 727
Best route of _5297_ collides with nets: _5171_ _5170_ _10765_[2] ifft 
Ripping up blocking net _5171_
Ripping up blocking net _5170_
Ripping up blocking net _10765_[2]
Ripping up blocking net ifft
Nets remaining: 730
Best route of _6916_ collides with nets: _3715_ _937_ 
Ripping up blocking net _3715_
Ripping up blocking net _937_
Nets remaining: 731
Best route of _5434_ collides with net: _6423_ 
Ripping up blocking net _6423_
Nets remaining: 731
Best route of _4948_ collides with net: _10757_[14] 
Ripping up blocking net _10757_[14]
Nets remaining: 731
Nets remaining: 730
Best route of _2424_ collides with nets: _7519_ _3308_ 
Ripping up blocking net _7519_
Ripping up blocking net _3308_
Nets remaining: 731
Best route of _10762_[14] collides with nets: y2_r[6] x4_i[9] 
Ripping up blocking net y2_r[6]
Ripping up blocking net x4_i[9]
Nets remaining: 732
Nets remaining: 731
Best route of _5800_ collides with net: _5802_ 
Ripping up blocking net _5802_
Nets remaining: 731
Best route of _10756_[7] collides with net: _10765_[7] 
Ripping up blocking net _10765_[7]
Nets remaining: 731
Nets remaining: 730
Nets remaining: 729
Best route of _6502_ collides with net: y4_i[7] 
Ripping up blocking net y4_i[7]
Nets remaining: 729
Best route of _10757_[13] collides with net: _723_ 
Ripping up blocking net _723_
Nets remaining: 729
Best route of _6493_ collides with nets: _6497_ _10757_[13] 
Ripping up blocking net _6497_
Ripping up blocking net _10757_[13]
Nets remaining: 730
Best route of _4748_ collides with nets: x0_i[6] _4520_ 
Ripping up blocking net x0_i[6]
Ripping up blocking net _4520_

No progress at level of effort 60; ending 2nd stage.

----------------------------------------------
Progress: Stage 2 total routes completed: 29713
Failed net routes: 731
----------------------------------------------
*** Running stage2 routing with options mask none, effort 80
Nets remaining: 731
Best route of _10750_[8] collides with net: y3_r[0] 
Ripping up blocking net y3_r[0]
Nets remaining: 731
Nets remaining: 730
Best route of y2_i[9] collides with nets: _10762_[13] _1416_ 
Ripping up blocking net _10762_[13]
Ripping up blocking net _1416_
Nets remaining: 731
Best route of _6542_ collides with nets: _898_ _10757_[8] 
Ripping up blocking net _898_
Ripping up blocking net _10757_[8]
Nets remaining: 732
Nets remaining: 731
Nets remaining: 730
Best route of _6250_ collides with net: _6300_ 
Ripping up blocking net _6300_
Nets remaining: 730
Best route of _879_ collides with net: _855_ 
Ripping up blocking net _855_
Nets remaining: 730
Best route of _6299_ collides with net: _10765_[1] 
Ripping up blocking net _10765_[1]
Nets remaining: 730
Best route of _10756_[11] collides with net: _6542_ 
Ripping up blocking net _6542_
Nets remaining: 730
Best route of _10756_[12] collides with net: y3_r[5] 
Ripping up blocking net y3_r[5]
Nets remaining: 730
Nets remaining: 729
Best route of _5600_ collides with nets: _6453_ _5492__bF$buf9 
Ripping up blocking net _6453_
Ripping up blocking net _5492__bF$buf9
Nets remaining: 730
Nets remaining: 729
Best route of _10757_[5] collides with net: _6536_ 
Ripping up blocking net _6536_
Nets remaining: 729
Nets remaining: 728
Best route of _703_ collides with net: _5532_ 
Ripping up blocking net _5532_
Nets remaining: 728
Nets remaining: 727
Best route of _3835_ collides with nets: _3906_ _3956_ 
Ripping up blocking net _3906_
Ripping up blocking net _3956_
Nets remaining: 728
Best route of _5921_ collides with nets: _5879_ _5861_ 
Ripping up blocking net _5879_
Ripping up blocking net _5861_
Nets remaining: 729
Best route of _781_ collides with net: _775_ 
Ripping up blocking net _775_
Nets remaining: 729
Best route of _648_ collides with nets: _10756_[2] ifft_bF$buf28 _652_ 
Ripping up blocking net _10756_[2]
Ripping up blocking net ifft_bF$buf28
Ripping up blocking net _652_
Nets remaining: 731
Best route of _7869_ collides with nets: _7753_ _6237_ 
Ripping up blocking net _7753_
Ripping up blocking net _6237_
Nets remaining: 732
Best route of _6492_ collides with nets: _10754_[8] _10762_[8] _751_ _6381_ 
Ripping up blocking net _10754_[8]
Ripping up blocking net _10762_[8]
Ripping up blocking net _751_
Ripping up blocking net _6381_
Nets remaining: 735
Nets remaining: 734
Best route of _5290_ collides with nets: _10757_[1] _6148_ _3411_ _653_ _675_ 
Ripping up blocking net _10757_[1]
Ripping up blocking net _6148_
Ripping up blocking net _3411_
Ripping up blocking net _653_
Ripping up blocking net _675_
Nets remaining: 738
Best route of _4985_ collides with nets: x4_i[5] ifft_hier0_bF$buf3 
Ripping up blocking net x4_i[5]
Ripping up blocking net ifft_hier0_bF$buf3
Nets remaining: 739
Nets remaining: 738
Best route of _6095_ collides with net: _4565_ 
Ripping up blocking net _4565_
Nets remaining: 738
Best route of _4546_ collides with nets: _10757_[2] _6193_ 
Ripping up blocking net _10757_[2]
Ripping up blocking net _6193_
Nets remaining: 739
Best route of _4554_ collides with net: _10756_[3] 
Ripping up blocking net _10756_[3]
Nets remaining: 739
Best route of _669_ collides with net: _5290_ 
Ripping up blocking net _5290_
Nets remaining: 739
Best route of _4566_ collides with nets: _4351_ _3283_ 
Ripping up blocking net _4351_
Ripping up blocking net _3283_
Nets remaining: 740
Nets remaining: 739
Best route of _673_ collides with net: _6051_ 
Ripping up blocking net _6051_
Nets remaining: 739
Nets remaining: 738
Best route of ifft_bF$buf46 collides with nets: _5492__bF$buf48 _3626_ 
Ripping up blocking net _5492__bF$buf48
Ripping up blocking net _3626_
Nets remaining: 739
Nets remaining: 738
Best route of _10764_[2] collides with net: _3955_ 
Ripping up blocking net _3955_
Nets remaining: 738
Nets remaining: 737
Nets remaining: 736
Best route of _8983_ collides with net: _8978_ 
Ripping up blocking net _8978_
Nets remaining: 736
Nets remaining: 735
Best route of _7253_ collides with nets: _144_ _6476_ 
Ripping up blocking net _144_
Ripping up blocking net _6476_
Nets remaining: 736
Best route of _363_ collides with nets: _1422_ _1417_ 
Ripping up blocking net _1422_
Ripping up blocking net _1417_
Nets remaining: 737
Best route of _7879_ collides with nets: _77_ _7905_ 
Ripping up blocking net _77_
Ripping up blocking net _7905_
Nets remaining: 738
Nets remaining: 737
Nets remaining: 736
Best route of _5492__hier0_bF$buf0 collides with net: _10750_[7] 
Ripping up blocking net _10750_[7]
Nets remaining: 736
Best route of _4242_ collides with net: _4748_ 
Ripping up blocking net _4748_
Nets remaining: 736
Nets remaining: 735
Nets remaining: 734
Best route of _3974_ collides with nets: _4013_ _4017_ _6898_ 
Ripping up blocking net _4013_
Ripping up blocking net _4017_
Ripping up blocking net _6898_
Nets remaining: 736
Best route of _4797_ collides with net: _6295_ 
Ripping up blocking net _6295_
Nets remaining: 736
Nets remaining: 735
Best route of _6424_ collides with nets: _871_ _6417_ 
Ripping up blocking net _871_
Ripping up blocking net _6417_
Nets remaining: 736
Best route of _6485_ collides with net: _6492_ 
Ripping up blocking net _6492_
Nets remaining: 736
Nets remaining: 735
Best route of _5437_ collides with nets: _5472_ _5671_ 
Ripping up blocking net _5472_
Ripping up blocking net _5671_
Nets remaining: 736
Best route of _10764_[6] collides with net: _6329_ 
Ripping up blocking net _6329_
Nets remaining: 736
Best route of _6289_ collides with net: ifft_bF$buf47 
Ripping up blocking net ifft_bF$buf47
Nets remaining: 736
Nets remaining: 735
Nets remaining: 734
Best route of _9384_ collides with nets: _1834_ _6368_ 
Ripping up blocking net _1834_
Ripping up blocking net _6368_
Nets remaining: 735
Nets remaining: 734
Nets remaining: 733
Best route of _10190_ collides with net: _5492__bF$buf40 
Ripping up blocking net _5492__bF$buf40
Nets remaining: 733
Best route of _9880_ collides with nets: _9871_ _9881_ 
Ripping up blocking net _9871_
Ripping up blocking net _9881_
Nets remaining: 734
Nets remaining: 733
Nets remaining: 732
Nets remaining: 731
Best route of _83_ collides with net: _9940_ 
Ripping up blocking net _9940_
Nets remaining: 731
Nets remaining: 730
Best route of _112_ collides with nets: _5_ _109_ 
Ripping up blocking net _5_
Ripping up blocking net _109_
Nets remaining: 731
Best route of _9005_ collides with net: x4_r[6] 
Ripping up blocking net x4_r[6]
Nets remaining: 731
Nets remaining: 730
Best route of _8497_ collides with nets: _1056_ _8871_ _8468_ _8788_ _8398_ 
Ripping up blocking net _1056_
Ripping up blocking net _8871_
Ripping up blocking net _8468_
Ripping up blocking net _8788_
Ripping up blocking net _8398_
Nets remaining: 734
Best route of _10760_[1] collides with nets: _8464_ _8787_ 
Ripping up blocking net _8464_
Ripping up blocking net _8787_
Nets remaining: 735
Best route of _8959_ collides with nets: _10475_ _8657_ 
Ripping up blocking net _10475_
Ripping up blocking net _8657_
Nets remaining: 736
Nets remaining: 735
Nets remaining: 734
Nets remaining: 733
Nets remaining: 732
Best route of _9316_ collides with nets: _9322_ _9333_ _9489_ _9327_ 
Ripping up blocking net _9322_
Ripping up blocking net _9333_
Ripping up blocking net _9489_
Ripping up blocking net _9327_
Nets remaining: 735
Nets remaining: 734
Best route of _10667_ collides with net: _10668_ 
Ripping up blocking net _10668_
Nets remaining: 734
Nets remaining: 733
Nets remaining: 732
Nets remaining: 731
Nets remaining: 730
Nets remaining: 729
Best route of _9114_ collides with nets: _5487_ _5489_ _9277_ 
Ripping up blocking net _5487_
Ripping up blocking net _5489_
Ripping up blocking net _9277_
Nets remaining: 731
Best route of _9303_ collides with net: _9274_ 
Ripping up blocking net _9274_
Nets remaining: 731
Best route of _9119_ collides with net: _9256_ 
Ripping up blocking net _9256_
Nets remaining: 731
Best route of _8538_ collides with net: _8542_ 
Ripping up blocking net _8542_
Nets remaining: 731
Nets remaining: 730
Best route of _8546_ collides with net: _8347_ 
Ripping up blocking net _8347_
Nets remaining: 730
Nets remaining: 729
Nets remaining: 728
Nets remaining: 727
Nets remaining: 726
Best route of _8971_ collides with net: _9006_ 
Ripping up blocking net _9006_
Nets remaining: 726
Best route of _8953_ collides with net: _8528_ 
Ripping up blocking net _8528_
Nets remaining: 726
Best route of _8658_ collides with nets: _8498_ y4_r[6] _8959_ 
Ripping up blocking net _8498_
Ripping up blocking net y4_r[6]
Ripping up blocking net _8959_
Nets remaining: 728
Best route of _8904_ collides with net: _9260_ 
Ripping up blocking net _9260_
Nets remaining: 728
Best route of _9169_ collides with net: _1090_ 
Ripping up blocking net _1090_
Nets remaining: 728
Best route of _8870_ collides with nets: _9012_ ifft_bF$buf38 _8056_ _9899_ _8116_ 
Ripping up blocking net _9012_
Ripping up blocking net ifft_bF$buf38
Ripping up blocking net _8056_
Ripping up blocking net _9899_
Ripping up blocking net _8116_
Nets remaining: 732
Nets remaining: 731
Best route of _8065_ collides with net: _7300_ 
Ripping up blocking net _7300_
Nets remaining: 731
Best route of _10304_ collides with nets: _7819_ _7884_ 
Ripping up blocking net _7819_
Ripping up blocking net _7884_
Nets remaining: 732
Best route of _649_ collides with net: _10756_[1] 
Ripping up blocking net _10756_[1]
Nets remaining: 732
Nets remaining: 731
Best route of _368_ collides with net: _7254_ 
Ripping up blocking net _7254_
Nets remaining: 731
Nets remaining: 730
Nets remaining: 729
Best route of ifft_bF$buf17 collides with nets: _7560_ _6082_ _7624_ 
Ripping up blocking net _7560_
Ripping up blocking net _6082_
Ripping up blocking net _7624_
Nets remaining: 731
Nets remaining: 730
Best route of _308_ collides with net: _7044_ 
Ripping up blocking net _7044_
Nets remaining: 730
Nets remaining: 729
Nets remaining: 728
Best route of _6948_ collides with net: _360_ 
Ripping up blocking net _360_
Nets remaining: 728
Best route of _9825_ collides with nets: _9065_ _9827_ _9255_ 
Ripping up blocking net _9065_
Ripping up blocking net _9827_
Ripping up blocking net _9255_
Nets remaining: 730
Best route of _7241_ collides with nets: _6511_ _9119_ 
Ripping up blocking net _6511_
Ripping up blocking net _9119_
Nets remaining: 731
Best route of _10750_[10] collides with net: _10762_[11] 
Ripping up blocking net _10762_[11]
Nets remaining: 731
Nets remaining: 730
Best route of y6_i[13] collides with net: _10750_[8] 
Ripping up blocking net _10750_[8]
Nets remaining: 730
Nets remaining: 729
Best route of y0_i[14] collides with net: y4_i[14] 
Ripping up blocking net y4_i[14]
Nets remaining: 729
Best route of _10754_[14] collides with net: _7124_ 
Ripping up blocking net _7124_
Nets remaining: 729
Nets remaining: 728
Nets remaining: 727
Best route of y2_i[4] collides with net: y3_r[4] 
Ripping up blocking net y3_r[4]
Nets remaining: 727
Best route of y6_i[14] collides with net: y2_i[4] 
Ripping up blocking net y2_i[4]
Nets remaining: 727
Best route of _7147_ collides with net: _7148_ 
Ripping up blocking net _7148_
Nets remaining: 727
Nets remaining: 726
Nets remaining: 725
Nets remaining: 724
Best route of _5322_ collides with net: _852_ 
Ripping up blocking net _852_
Nets remaining: 724
Best route of _896_ collides with nets: ifft_bF$buf27 _10754_[9] _4948_ _899_ _6493_ 
Ripping up blocking net ifft_bF$buf27
Ripping up blocking net _10754_[9]
Ripping up blocking net _4948_
Ripping up blocking net _899_
Ripping up blocking net _6493_
Nets remaining: 728
Nets remaining: 727
Best route of _10750_[4] collides with net: _4951_ 
Ripping up blocking net _4951_
Nets remaining: 727
Best route of _6500_ collides with net: _10765_[11] 
Ripping up blocking net _10765_[11]
Nets remaining: 727
Nets remaining: 726
Nets remaining: 725
Best route of _1119_ collides with nets: _9893_ _10692_ _1116_ 
Ripping up blocking net _9893_
Ripping up blocking net _10692_
Ripping up blocking net _1116_
Nets remaining: 727
Nets remaining: 726
Best route of _5433_ collides with nets: _10762_[7] _5432_ _5318_ 
Ripping up blocking net _10762_[7]
Ripping up blocking net _5432_
Ripping up blocking net _5318_
Nets remaining: 728
Nets remaining: 727
Nets remaining: 726
Best route of _6998_ collides with net: _7147_ 
Ripping up blocking net _7147_
Nets remaining: 726
Nets remaining: 725
Best route of _10762_[9] collides with nets: _10755_[10] _896_ 
Ripping up blocking net _10755_[10]
Ripping up blocking net _896_
Nets remaining: 726
Nets remaining: 725
Best route of _354_ collides with net: _7051_ 
Ripping up blocking net _7051_
Nets remaining: 725
Best route of _10762_[12] collides with nets: _931_ _10762_[14] 
Ripping up blocking net _931_
Ripping up blocking net _10762_[14]
Nets remaining: 726
Nets remaining: 725
Best route of _10756_[14] collides with nets: y7_i[3] y7_i[7] y3_i[14] y7_i[5] 
Ripping up blocking net y7_i[3]
Ripping up blocking net y7_i[7]
Ripping up blocking net y3_i[14]
Ripping up blocking net y7_i[5]
Nets remaining: 728
Nets remaining: 727
Best route of _1373_ collides with nets: _6956_ ifft_bF$buf35 _7011_ 
Ripping up blocking net _6956_
Ripping up blocking net ifft_bF$buf35
Ripping up blocking net _7011_
Nets remaining: 729
Best route of _4791_ collides with nets: _3975_ _926_ _7396_ 
Ripping up blocking net _3975_
Ripping up blocking net _926_
Ripping up blocking net _7396_
Nets remaining: 731
Best route of _5492__bF$buf32 collides with nets: _4242_ _5157_ _10762_[9] _6424_ 
Ripping up blocking net _4242_
Ripping up blocking net _5157_
Ripping up blocking net _10762_[9]
Ripping up blocking net _6424_
Nets remaining: 734
Best route of _6501_ collides with nets: _5451_ _704_ _5620_ 
Ripping up blocking net _5451_
Ripping up blocking net _704_
Ripping up blocking net _5620_
Nets remaining: 736
Nets remaining: 735
Best route of ifft_hier0_bF$buf5 collides with nets: x4_i[8] _6372_ _6500_ 
Ripping up blocking net x4_i[8]
Ripping up blocking net _6372_
Ripping up blocking net _6500_
Nets remaining: 737
Nets remaining: 736
Nets remaining: 735
Nets remaining: 734
Best route of y7_i[4] collides with net: _10756_[14] 
Ripping up blocking net _10756_[14]
Nets remaining: 734
Nets remaining: 733
Best route of _6456_ collides with nets: _6501_ _746_ 
Ripping up blocking net _6501_
Ripping up blocking net _746_
Nets remaining: 734
Best route of _5250_ collides with net: _5294_ 
Ripping up blocking net _5294_
Nets remaining: 734
Nets remaining: 733
Best route of _5285_ collides with net: _5216_ 
Ripping up blocking net _5216_
Nets remaining: 733
Nets remaining: 732
Best route of _10163_ collides with net: _10255_ 
Ripping up blocking net _10255_
Nets remaining: 732
Best route of _10156_ collides with net: _10163_ 
Ripping up blocking net _10163_
Nets remaining: 732
Best route of _6004_ collides with nets: ifft_bF$buf3 _9472_ 
Ripping up blocking net ifft_bF$buf3
Ripping up blocking net _9472_
Nets remaining: 733
Nets remaining: 732
Best route of y0_r[8] collides with nets: _7208_ x5_i[3] _9266_ 
Ripping up blocking net _7208_
Ripping up blocking net x5_i[3]
Ripping up blocking net _9266_
Nets remaining: 734
Nets remaining: 733
Best route of _9641_ collides with nets: _9280_ _9642_ 
Ripping up blocking net _9280_
Ripping up blocking net _9642_
Nets remaining: 734
Best route of _9613_ collides with net: _9288_ 
Ripping up blocking net _9288_
Nets remaining: 734
Best route of _672_ collides with net: _4781_ 
Ripping up blocking net _4781_
Nets remaining: 734
Best route of _671_ collides with nets: _5252_ _6419_ _4039_ 
Ripping up blocking net _5252_
Ripping up blocking net _6419_
Ripping up blocking net _4039_
Nets remaining: 736
Nets remaining: 735
Best route of _2423_ collides with net: _564_ 
Ripping up blocking net _564_
Nets remaining: 735
Best route of ifft_bF$buf25 collides with net: _10755_[1] 
Ripping up blocking net _10755_[1]
Nets remaining: 735
Best route of _5281_ collides with net: _10452_ 
Ripping up blocking net _10452_
Nets remaining: 735
Best route of _6382_ collides with nets: _5521_ _729_ _10757_[12] 
Ripping up blocking net _5521_
Ripping up blocking net _729_
Ripping up blocking net _10757_[12]
Nets remaining: 737
Nets remaining: 736
Nets remaining: 735
Best route of _5891_ collides with net: x4_r[3] 
Ripping up blocking net x4_r[3]
Nets remaining: 735
Nets remaining: 734
Best route of _5319_ collides with nets: _5600_ _4261_ _4988_ _6362_ _5180_ _876_ _5320_ 
Ripping up blocking net _5600_
Ripping up blocking net _4261_
Ripping up blocking net _4988_
Ripping up blocking net _6362_
Ripping up blocking net _5180_
Ripping up blocking net _876_
Ripping up blocking net _5320_
Nets remaining: 740
Best route of _5307_ collides with net: _4823_ 
Ripping up blocking net _4823_
Nets remaining: 740
Nets remaining: 739
Nets remaining: 738
Best route of _4994_ collides with nets: y3_i[1] _5244_ _4820_ 
Ripping up blocking net y3_i[1]
Ripping up blocking net _5244_
Ripping up blocking net _4820_
Nets remaining: 740
Best route of _4881_ collides with net: _4674_ 
Ripping up blocking net _4674_
Nets remaining: 740
Best route of _5179_ collides with nets: _5215_ _4825_ _5319_ 
Ripping up blocking net _5215_
Ripping up blocking net _4825_
Ripping up blocking net _5319_
Nets remaining: 742
Best route of _5492__bF$buf8 collides with nets: _6104_ _5250_ _6212_ _6208_ _5073_ 
Ripping up blocking net _6104_
Ripping up blocking net _5250_
Ripping up blocking net _6212_
Ripping up blocking net _6208_
Ripping up blocking net _5073_
Nets remaining: 746
Nets remaining: 745
Best route of _4049_ collides with net: _3835_ 
Ripping up blocking net _3835_
Nets remaining: 745
Nets remaining: 744
Nets remaining: 743
Best route of _5249_ collides with net: _10756_[0] 
Ripping up blocking net _10756_[0]
Nets remaining: 743
Best route of _3459_ collides with net: _3758_ 
Ripping up blocking net _3758_
Nets remaining: 743
Nets remaining: 742
Best route of _1531_ collides with nets: _2161_ _2813_ 
Ripping up blocking net _2161_
Ripping up blocking net _2813_
Nets remaining: 743
Best route of _2382_ collides with net: _1470_ 
Ripping up blocking net _1470_
Nets remaining: 743
Best route of _3464_ collides with nets: _3458_ _2522_ 
Ripping up blocking net _3458_
Ripping up blocking net _2522_
Nets remaining: 744
Best route of _195_ collides with net: _1976_ 
Ripping up blocking net _1976_
Nets remaining: 744
Nets remaining: 743
Nets remaining: 742
Nets remaining: 741
Best route of _10369_ collides with nets: _5492__bF$buf16 _10360_ 
Ripping up blocking net _5492__bF$buf16
Ripping up blocking net _10360_
Nets remaining: 742
Nets remaining: 741
Nets remaining: 740
Best route of _5492__bF$buf56 collides with nets: _10318_ _1172_ 
Ripping up blocking net _10318_
Ripping up blocking net _1172_
Nets remaining: 741
Best route of _10754_[15] collides with net: _967_ 
Ripping up blocking net _967_
Nets remaining: 741
Best route of _1323_ collides with net: _83_ 
Ripping up blocking net _83_
Nets remaining: 741
Nets remaining: 740
Best route of _10372_ collides with net: _8216_ 
Ripping up blocking net _8216_
Nets remaining: 740
Nets remaining: 739
Best route of _9872_ collides with nets: _9880_ _9707_ 
Ripping up blocking net _9880_
Ripping up blocking net _9707_
Nets remaining: 740
Nets remaining: 739
Best route of _9874_ collides with nets: _9323_ _10665_ 
Ripping up blocking net _9323_
Ripping up blocking net _10665_
Nets remaining: 740
Best route of _8525_ collides with nets: _10513_ _8208_ 
Ripping up blocking net _10513_
Ripping up blocking net _8208_
Nets remaining: 741
Best route of _8961_ collides with nets: _8658_ _8662_ _8660_ 
Ripping up blocking net _8658_
Ripping up blocking net _8662_
Ripping up blocking net _8660_
Nets remaining: 743
Nets remaining: 742
Best route of _1499_ collides with net: _7879_ 
Ripping up blocking net _7879_
Nets remaining: 742
Nets remaining: 741
Best route of _5492__bF$buf26 collides with nets: _1412_ _1403_ y6_r[6] 
Ripping up blocking net _1412_
Ripping up blocking net _1403_
Ripping up blocking net y6_r[6]
Nets remaining: 743
Best route of _4014_ collides with nets: _4798_ _6301_ 
Ripping up blocking net _4798_
Ripping up blocking net _6301_
Nets remaining: 744
Best route of y3_i[0] collides with nets: _6456_ _5610_ _6539_ 
Ripping up blocking net _6456_
Ripping up blocking net _5610_
Ripping up blocking net _6539_
Nets remaining: 746
Nets remaining: 745
Best route of _804_ collides with net: _658_ 
Ripping up blocking net _658_
Nets remaining: 745
Best route of _4543_ collides with nets: _671_ _6088_ _3642_ _4613_ 
Ripping up blocking net _671_
Ripping up blocking net _6088_
Ripping up blocking net _3642_
Ripping up blocking net _4613_
Nets remaining: 748
Nets remaining: 747
Best route of _4678_ collides with net: _689_ 
Ripping up blocking net _689_
Nets remaining: 747
Nets remaining: 746
Best route of _6142_ collides with nets: _625_ _4675_ 
Ripping up blocking net _625_
Ripping up blocking net _4675_
Nets remaining: 747

No progress at level of effort 80; ending 2nd stage.

----------------------------------------------
Progress: Stage 2 total routes completed: 30278
Failed net routes: 746
----------------------------------------------
*** Running stage2 routing with options mask none, effort 100
Nets remaining: 746
Nets remaining: 745
Nets remaining: 744
Nets remaining: 743
Best route of _5983_ collides with nets: _649_ _4546_ _664_ 
Ripping up blocking net _649_
Ripping up blocking net _4546_
Ripping up blocking net _664_
Nets remaining: 745
Best route of ifft_bF$buf55 collides with nets: _1432_ _431_ _1433_ _10754_[3] _427_ 
Ripping up blocking net _1432_
Ripping up blocking net _431_
Ripping up blocking net _1433_
Ripping up blocking net _10754_[3]
Ripping up blocking net _427_
Nets remaining: 749
Nets remaining: 748
Best route of _380_ collides with net: _385_ 
Ripping up blocking net _385_
Nets remaining: 748
Nets remaining: 747
Nets remaining: 746
Best route of _1396_ collides with nets: _277_ _10765_[10] _10763_[6] _1411_ _5492__hier0_bF$buf0 
Ripping up blocking net _277_
Ripping up blocking net _10765_[10]
Ripping up blocking net _10763_[6]
Ripping up blocking net _1411_
Ripping up blocking net _5492__hier0_bF$buf0
Nets remaining: 750
Nets remaining: 749
Nets remaining: 748
Nets remaining: 747
Best route of _7389_ collides with nets: ifft_bF$buf55 _5492__bF$buf50 _180_ 
Ripping up blocking net ifft_bF$buf55
Ripping up blocking net _5492__bF$buf50
Ripping up blocking net _180_
Nets remaining: 749
Nets remaining: 748
Best route of _1464_ collides with nets: ifft_bF$buf17 _509_ 
Ripping up blocking net ifft_bF$buf17
Ripping up blocking net _509_
Nets remaining: 749
Best route of _7609_ collides with nets: _7541_ _7639_ 
Ripping up blocking net _7541_
Ripping up blocking net _7639_
Nets remaining: 750
Nets remaining: 749
Nets remaining: 748
Nets remaining: 747
Best route of _9524_ collides with nets: _9325_ _9523_ 
Ripping up blocking net _9325_
Ripping up blocking net _9523_
Nets remaining: 748
Best route of _36_ collides with net: _9784_ 
Ripping up blocking net _9784_
Nets remaining: 748
Nets remaining: 747
Best route of _5492__bF$buf23 collides with nets: _9687_ _9688_ _9661_ 
Ripping up blocking net _9687_
Ripping up blocking net _9688_
Ripping up blocking net _9661_
Nets remaining: 749
Nets remaining: 748
Best route of _10368_ collides with nets: ifft_bF$buf43 _1323_ 
Ripping up blocking net ifft_bF$buf43
Ripping up blocking net _1323_
Nets remaining: 749
Best route of _1325_ collides with net: _89_ 
Ripping up blocking net _89_
Nets remaining: 749
Best route of _505_ collides with nets: _1465_ _6078_ _2383_ 
Ripping up blocking net _1465_
Ripping up blocking net _6078_
Ripping up blocking net _2383_
Nets remaining: 751
Nets remaining: 750
Nets remaining: 749
Nets remaining: 748
Nets remaining: 747
Best route of _8952_ collides with nets: x0_r[6] _8971_ _10561_ _8970_ _5758_ 
Ripping up blocking net x0_r[6]
Ripping up blocking net _8971_
Ripping up blocking net _10561_
Ripping up blocking net _8970_
Ripping up blocking net _5758_
Nets remaining: 751
Best route of _10498_ collides with net: _8952_ 
Ripping up blocking net _8952_
Nets remaining: 751
Best route of _6560_ collides with net: _8525_ 
Ripping up blocking net _8525_
Nets remaining: 751
Best route of _8775_ collides with nets: _8467_ _10546_ 
Ripping up blocking net _8467_
Ripping up blocking net _10546_
Nets remaining: 752
Nets remaining: 751
Best route of _8779_ collides with nets: _8964_ _10524_ _10557_ _8813_ 
Ripping up blocking net _8964_
Ripping up blocking net _10524_
Ripping up blocking net _10557_
Ripping up blocking net _8813_
Nets remaining: 754
Best route of _9147_ collides with net: _9157_ 
Ripping up blocking net _9157_
Nets remaining: 754
Nets remaining: 753
Best route of _1298_ collides with net: _6674_ 
Ripping up blocking net _6674_
Nets remaining: 753
Nets remaining: 752
Nets remaining: 751
Best route of _9130_ collides with nets: _10521_ _9128_ 
Ripping up blocking net _10521_
Ripping up blocking net _9128_
Nets remaining: 752
Nets remaining: 751
Best route of _8293_ collides with net: _8290_ 
Ripping up blocking net _8290_
Nets remaining: 751
Best route of _8269_ collides with net: _8207_ 
Ripping up blocking net _8207_
Nets remaining: 751
Nets remaining: 750
Best route of _6559_ collides with net: _5914_ 
Ripping up blocking net _5914_
Nets remaining: 750
Nets remaining: 749
Best route of _5492__bF$buf62 collides with nets: _10355_ _10354_ 
Ripping up blocking net _10355_
Ripping up blocking net _10354_
Nets remaining: 750
Best route of _10428_ collides with net: _10422_ 
Ripping up blocking net _10422_
Nets remaining: 750
Best route of _8078_ collides with nets: _567_ _5492__bF$buf56 
Ripping up blocking net _567_
Ripping up blocking net _5492__bF$buf56
Nets remaining: 751
Best route of _8117_ collides with nets: _6033_ _8870_ _8001_ _7411_ 
Ripping up blocking net _6033_
Ripping up blocking net _8870_
Ripping up blocking net _8001_
Ripping up blocking net _7411_
Nets remaining: 754
Best route of ifft_bF$buf24 collides with nets: _1178_ _10175_ _1157_ _8123_ _10108_ _568_ _8914_ _7895_ 
Ripping up blocking net _1178_
Ripping up blocking net _10175_
Ripping up blocking net _1157_
Ripping up blocking net _8123_
Ripping up blocking net _10108_
Ripping up blocking net _568_
Ripping up blocking net _8914_
Ripping up blocking net _7895_
Nets remaining: 761
Nets remaining: 760
Nets remaining: 759
Best route of _10415_ collides with net: _60_ 
Ripping up blocking net _60_
Nets remaining: 759
Nets remaining: 758
Nets remaining: 757
Nets remaining: 756
Best route of _10366_ collides with net: _10343_ 
Ripping up blocking net _10343_
Nets remaining: 756
Best route of _5750_ collides with nets: _7250_ _7257_ _5976_ _157_ 
Ripping up blocking net _7250_
Ripping up blocking net _7257_
Ripping up blocking net _5976_
Ripping up blocking net _157_
Nets remaining: 759
Best route of _7256_ collides with nets: _9782_ _9781_ _2369_ 
Ripping up blocking net _9782_
Ripping up blocking net _9781_
Ripping up blocking net _2369_
Nets remaining: 761
Best route of _10098_ collides with net: _10186_ 
Ripping up blocking net _10186_
Nets remaining: 761
Nets remaining: 760
Nets remaining: 759
Best route of _10100_ collides with nets: _11_ _10088_ _10740_ 
Ripping up blocking net _11_
Ripping up blocking net _10088_
Ripping up blocking net _10740_
Nets remaining: 761
Nets remaining: 760
Nets remaining: 759
Nets remaining: 758
Nets remaining: 757
Nets remaining: 756
Nets remaining: 755
Best route of _9619_ collides with net: _10752_[11] 
Ripping up blocking net _10752_[11]
Nets remaining: 755
Nets remaining: 754
Best route of _7186_ collides with net: _6712_ 
Ripping up blocking net _6712_
Nets remaining: 754
Best route of _10068_ collides with net: _10333_ 
Ripping up blocking net _10333_
Nets remaining: 754
Best route of _9598_ collides with net: _9670_ 
Ripping up blocking net _9670_
Nets remaining: 754
Best route of _54_ collides with net: _9522_ 
Ripping up blocking net _9522_
Nets remaining: 754
Best route of _9696_ collides with net: _9889_ 
Ripping up blocking net _9889_
Nets remaining: 754
Nets remaining: 753
Nets remaining: 752
Nets remaining: 751
Best route of _9988_ collides with nets: _1140_ _9904_ _9869_ 
Ripping up blocking net _1140_
Ripping up blocking net _9904_
Ripping up blocking net _9869_
Nets remaining: 753
Best route of _1114_ collides with net: _1119_ 
Ripping up blocking net _1119_
Nets remaining: 753
Best route of _9525_ collides with net: _54_ 
Ripping up blocking net _54_
Nets remaining: 753
Best route of _9704_ collides with nets: _9316_ _9708_ 
Ripping up blocking net _9316_
Ripping up blocking net _9708_
Nets remaining: 754
Best route of _9689_ collides with nets: _10644_ _9667_ 
Ripping up blocking net _10644_
Ripping up blocking net _9667_
Nets remaining: 755
Best route of _9703_ collides with nets: _1146_ _10592_ 
Ripping up blocking net _1146_
Ripping up blocking net _10592_
Nets remaining: 756
Best route of _9509_ collides with nets: ifft_bF$buf1 _9698_ 
Ripping up blocking net ifft_bF$buf1
Ripping up blocking net _9698_
Nets remaining: 757
Best route of _10616_ collides with net: _9598_ 
Ripping up blocking net _9598_
Nets remaining: 757
Best route of _10641_ collides with net: ifft_bF$buf6 
Ripping up blocking net ifft_bF$buf6
Nets remaining: 757
Nets remaining: 756
Best route of _9497_ collides with net: _8615_ 
Ripping up blocking net _8615_
Nets remaining: 756
Best route of _5823_ collides with net: _10434_ 
Ripping up blocking net _10434_
Nets remaining: 756
Best route of _6527_ collides with net: y0_r[14] 
Ripping up blocking net y0_r[14]
Nets remaining: 756
Best route of _3667_ collides with net: y0_r[10] 
Ripping up blocking net y0_r[10]
Nets remaining: 756
Nets remaining: 755
Nets remaining: 754
Nets remaining: 753
Nets remaining: 752
Best route of _9093_ collides with net: _9641_ 
Ripping up blocking net _9641_
Nets remaining: 752
Best route of _8717_ collides with nets: _8597_ _9607_ _8718_ 
Ripping up blocking net _8597_
Ripping up blocking net _9607_
Ripping up blocking net _8718_
Nets remaining: 754
Nets remaining: 753
Best route of _9294_ collides with net: _9462_ 
Ripping up blocking net _9462_
Nets remaining: 753
Nets remaining: 752
Nets remaining: 751
Nets remaining: 750
Nets remaining: 749
Best route of x1_i[5] collides with net: _5952_ 
Ripping up blocking net _5952_
Nets remaining: 749
Best route of _9088_ collides with net: _9424_ 
Ripping up blocking net _9424_
Nets remaining: 749
Best route of x5_i[2] collides with nets: _9951_ _9629_ 
Ripping up blocking net _9951_
Ripping up blocking net _9629_
Nets remaining: 750
Best route of _9455_ collides with net: _9460_ 
Ripping up blocking net _9460_
Nets remaining: 750
Best route of x4_r[7] collides with nets: _9617_ _9625_ _6835_ 
Ripping up blocking net _9617_
Ripping up blocking net _9625_
Ripping up blocking net _6835_
Nets remaining: 752
Best route of _8902_ collides with net: _1912_ 
Ripping up blocking net _1912_
Nets remaining: 752
Best route of _9434_ collides with nets: _10760_[14] _9628_ _9262_ _9947_ _7186_ 
Ripping up blocking net _10760_[14]
Ripping up blocking net _9628_
Ripping up blocking net _9262_
Ripping up blocking net _9947_
Ripping up blocking net _7186_
Nets remaining: 756
Nets remaining: 755
Nets remaining: 754
Best route of _9449_ collides with net: _9622_ 
Ripping up blocking net _9622_
Nets remaining: 754
Nets remaining: 753
Nets remaining: 752
Best route of _8875_ collides with net: _8775_ 
Ripping up blocking net _8775_
Nets remaining: 752
Nets remaining: 751
Best route of _8981_ collides with nets: _9004_ _7517_ _8784_ _9167_ 
Ripping up blocking net _9004_
Ripping up blocking net _7517_
Ripping up blocking net _8784_
Ripping up blocking net _9167_
Nets remaining: 754
Best route of _9123_ collides with nets: _10562_ _9061_ 
Ripping up blocking net _10562_
Ripping up blocking net _9061_
Nets remaining: 755
Best route of _5388_ collides with nets: _7156_ _7202_ 
Ripping up blocking net _7156_
Ripping up blocking net _7202_
Nets remaining: 756
Best route of _9270_ collides with nets: _9605_ _9269_ _9427_ 
Ripping up blocking net _9605_
Ripping up blocking net _9269_
Ripping up blocking net _9427_
Nets remaining: 758
Nets remaining: 757
Best route of x4_r[14] collides with net: _5494_ 
Ripping up blocking net _5494_
Nets remaining: 757
Nets remaining: 756
Best route of _9082_ collides with nets: _9434_ _10755_[5] _10159_ 
Ripping up blocking net _9434_
Ripping up blocking net _10755_[5]
Ripping up blocking net _10159_
Nets remaining: 758
Nets remaining: 757
Best route of _6332_ collides with nets: _5387_ _7153_ x4_r[14] _5386_ 
Ripping up blocking net _5387_
Ripping up blocking net _7153_
Ripping up blocking net x4_r[14]
Ripping up blocking net _5386_
Nets remaining: 760
Best route of _9471_ collides with net: _9464_ 
Ripping up blocking net _9464_
Nets remaining: 760
Best route of _9470_ collides with net: _1924_ 
Ripping up blocking net _1924_
Nets remaining: 760
Nets remaining: 759
Best route of _9098_ collides with net: _10755_[9] 
Ripping up blocking net _10755_[9]
Nets remaining: 759
Nets remaining: 758
Nets remaining: 757
Best route of _9500_ collides with nets: x3_r[3] _9350_ 
Ripping up blocking net x3_r[3]
Ripping up blocking net _9350_
Nets remaining: 758
Nets remaining: 757
Best route of _9129_ collides with net: _10753_[15] 
Ripping up blocking net _10753_[15]
Nets remaining: 757
Best route of _9108_ collides with nets: _9112_ x2_i[4] _5999_ _9246_ y2_r[5] _9270_ 
Ripping up blocking net _9112_
Ripping up blocking net x2_i[4]
Ripping up blocking net _5999_
Ripping up blocking net _9246_
Ripping up blocking net y2_r[5]
Ripping up blocking net _9270_
Nets remaining: 762
Best route of _9109_ collides with net: _9108_ 
Ripping up blocking net _9108_
Nets remaining: 762
Best route of x4_i[12] collides with net: _8921_ 
Ripping up blocking net _8921_
Nets remaining: 762
Best route of _9435_ collides with net: _3697_ 
Ripping up blocking net _3697_
Nets remaining: 762
Best route of _9079_ collides with nets: _9475_ x5_i[2] _9082_ 
Ripping up blocking net _9475_
Ripping up blocking net x5_i[2]
Ripping up blocking net _9082_
Nets remaining: 764
Best route of _9281_ collides with nets: _9287_ _9476_ 
Ripping up blocking net _9287_
Ripping up blocking net _9476_
Nets remaining: 765
Best route of _8926_ collides with net: _9109_ 
Ripping up blocking net _9109_
Nets remaining: 765
Best route of _5382_ collides with net: _5656_ 
Ripping up blocking net _5656_
Nets remaining: 765
Nets remaining: 764
Best route of _8659_ collides with nets: _8951_ x7_r[1] 
Ripping up blocking net _8951_
Ripping up blocking net x7_r[1]
Nets remaining: 765
Best route of x7_r[2] collides with net: _5686_ 
Ripping up blocking net _5686_
Nets remaining: 765
Best route of _9139_ collides with net: _10573_ 
Ripping up blocking net _10573_
Nets remaining: 765
Nets remaining: 764
Nets remaining: 763
Best route of x3_r[2] collides with net: _6487_ 
Ripping up blocking net _6487_
Nets remaining: 763
Best route of _9146_ collides with net: _10477_ 
Ripping up blocking net _10477_
Nets remaining: 763
Best route of _9138_ collides with net: _9137_ 
Ripping up blocking net _9137_
Nets remaining: 763
Best route of _10559_ collides with net: _9321_ 
Ripping up blocking net _9321_
Nets remaining: 763
Nets remaining: 762
Best route of _9140_ collides with nets: _10531_ _9139_ _9156_ 
Ripping up blocking net _10531_
Ripping up blocking net _9139_
Ripping up blocking net _9156_
Nets remaining: 764
Nets remaining: 763
Nets remaining: 762
Nets remaining: 761
Best route of _8545_ collides with net: _8679_ 
Ripping up blocking net _8679_
Nets remaining: 761
Best route of _5492__bF$buf33 collides with net: _9529_ 
Ripping up blocking net _9529_
Nets remaining: 761
Best route of y2_r[4] collides with net: x7_r[0] 
Ripping up blocking net x7_r[0]
Nets remaining: 761
Nets remaining: 760
Nets remaining: 759
Best route of _8264_ collides with net: _8288_ 
Ripping up blocking net _8288_
Nets remaining: 759
Nets remaining: 758
Nets remaining: 757
Nets remaining: 756
Best route of _10119_ collides with nets: _9988_ _6883_ 
Ripping up blocking net _9988_
Ripping up blocking net _6883_
Nets remaining: 757
Best route of _2420_ collides with nets: _2414_ _504_ 
Ripping up blocking net _2414_
Ripping up blocking net _504_
Nets remaining: 758
Nets remaining: 757
Nets remaining: 756
Nets remaining: 755
Best route of _5493_ collides with nets: _7199_ _9114_ 
Ripping up blocking net _7199_
Ripping up blocking net _9114_
Nets remaining: 756
Nets remaining: 755
Nets remaining: 754
Nets remaining: 753
Nets remaining: 752
Nets remaining: 751
Nets remaining: 750
Nets remaining: 749
Nets remaining: 748
Nets remaining: 747
Nets remaining: 746
Nets remaining: 745
Best route of _7023_ collides with net: _7028_ 
Ripping up blocking net _7028_
Nets remaining: 745
Best route of _336_ collides with net: _316_ 
Ripping up blocking net _316_
Nets remaining: 745
Best route of _3009_ collides with nets: _9461_ _598_ _7647_ 
Ripping up blocking net _9461_
Ripping up blocking net _598_
Ripping up blocking net _7647_
Nets remaining: 747
Best route of _963_ collides with net: _1396_ 
Ripping up blocking net _1396_
Nets remaining: 747
Nets remaining: 746
Best route of _2731_ collides with nets: _3459_ _1611_ _2733_ 
Ripping up blocking net _3459_
Ripping up blocking net _1611_
Ripping up blocking net _2733_
Nets remaining: 748
Best route of _3786_ collides with net: _3790_ 
Ripping up blocking net _3790_
Nets remaining: 748
Nets remaining: 747
Nets remaining: 746
Best route of _9258_ collides with net: x1_i[3] 
Ripping up blocking net x1_i[3]

No progress at level of effort 100; ending 2nd stage.

----------------------------------------------
Progress: Stage 2 total routes completed: 30889
Failed net routes: 746
----------------------------------------------
*** Writing DEF file dsp_route.def
emit_routes():  DEF file has 11678 nets and 4 specialnets.
but qrouter wants to write 11680 nets and specialnets.
----------------------------------------------
Final: Failed net routes: 746
List of failed nets follows:
 x7_r[4]
 _10751_[8]
 _10405_
 _81_
 _5739_
 _6195_
 _10342_
 _67_
 _12_
 _6331_
 _702_
 x2_i[10]
 _5492__bF$buf60
 _6073_
 _9855_
 ifft_bF$buf18
 _44_
 _8929_
 _9267_
 _9454_
 x1_i[0]
 _4247_
 _5807_
 _620_
 _613_
 _6737_
 _5797_
 _5806_
 _9118_
 _8584_
 x0_r[14]
 _9305_
 _7198_
 _5357_
 _4270_
 _6210_
 _5016_
 _4293_
 _701_
 _1068_
 _8053_
 _8778_
 x2_r[7]
 _8968_
 _9153_
 y2_i[5]
 _216_
 _768_
 _5492__bF$buf61
 _9375_
 _3792_
 _4099_
 _9080_
 _4052_
 _1522_
 _5997_
 _2011_
 _2550_
 _1787_
 _1962_
 _2627_
 _9265_
 _10526_
 _1608_
 _1693_
 _591_
 _6611_
 _1151_
 _1593_
 _1524_
 _5947_
 _5944_
 y6_r[4]
 _5611_
 _8664_
 _10093_
 _9485_
 _87_
 _1276_
 _9506_
 _7499_
 _8617_
 _9958_
 _9271_
 _5665_
 _10757_[7]
 _6491_
 _754_
 y6_i[11]
 _5302_
 _5524_
 _2887_
 x6_i[4]
 x3_r[4]
 _9436_
 x3_r[5]
 _8727_
 _7057_
 _7594_
 _88_
 _8790_
 _8789_
 _2528_
 _3478_
 _2911_
 _10756_[9]
 _10756_[10]
 _849_
 _6302_
 _6260_
 _10755_[3]
 _4527_
 _10754_[11]
 _6425_
 _10750_[9]
 y2_i[8]
 _10758_[5]
 _9517_
 _6006_
 _10669_
 _61_
 _1110_
 _7465_
 _894_
 _841_
 _10758_[6]
 _4241_
 _5608_
 _5492__hier0_bF$buf5
 _10370_
 _5279_
 _340_
 _7757_
 _10621_
 _7842_
 _6324_
 _10362_
 _7885_
 _1318_
 _5156_
 _533_
 _5492__bF$buf36
 y4_r[14]
 _6334_
 y0_r[15]
 y0_r[12]
 _6240_
 _7788_
 _9830_
 _5510_
 _8114_
 _7669_
 _6131_
 _7298_
 _1940_
 _6813_
 _7774_
 _1476_
 _9505_
 _10067_
 _9620_
 _8905_
 _9537_
 _6112_
 _9420_
 _6351_
 _6266_
 _9432_
 x4_i[14]
 _9292_
 _9313_
 _9412_
 x0_r[0]
 _334_
 x4_i[10]
 _5137_
 x6_r[8]
 _9104_
 _9107_
 _6414_
 _10754_[12]
 _10758_[10]
 x2_r[8]
 y7_r[3]
 _10754_[13]
 y6_r[0]
 _10353_
 _10398_
 _8279_
 _10509_
 _8796_
 y2_i[14]
 _4946_
 y4_i[5]
 _10750_[13]
 _5541_
 _10575_
 _8807_
 _10758_[8]
 _10765_[13]
 _10758_[0]
 _10476_
 _9315_
 _422_
 ifft_hier0_bF$buf6
 y0_i[3]
 x3_r[0]
 x4_i[7]
 _10420_
 _5265_
 _10746_
 _10241_
 _697_
 _957_
 _4522_
 y0_i[13]
 _10755_[2]
 _10754_[7]
 _10757_[11]
 y7_r[1]
 _985_
 _4578_
 _6427_
 _9666_
 _9597_
 _1281_
 _1316_
 _1461_
 _7810_
 _7877_
 _10110_
 _10212_
 _9981_
 _5824_
 _9734_
 _8603_
 _1170_
 _1123_
 _10435_
 _10430_
 _10383_
 _1191_
 _10460_
 _8082_
 _10736_
 _9883_
 _1289_
 _9533_
 _10666_
 _9521_
 _1109_
 _9512_
 _1086_
 _9320_
 _1087_
 _5901_
 _1062_
 _5492_
 _107_
 _1452_
 _510_
 _6820_
 _6065_
 _6884_
 _8023_
 _5492__bF$buf18
 _5171_
 _5170_
 _10765_[2]
 ifft
 _3715_
 _937_
 _6423_
 _10757_[14]
 _7519_
 _3308_
 y2_r[6]
 x4_i[9]
 _5802_
 _10765_[7]
 y4_i[7]
 _723_
 _6497_
 _10757_[13]
 x0_i[6]
 _4520_
 y3_r[0]
 _10762_[13]
 _1416_
 _898_
 _10757_[8]
 _6300_
 _855_
 _10765_[1]
 _6542_
 y3_r[5]
 _6453_
 _5492__bF$buf9
 _6536_
 _5532_
 _3906_
 _3956_
 _5879_
 _5861_
 _775_
 _10756_[2]
 ifft_bF$buf28
 _652_
 _7753_
 _6237_
 _10754_[8]
 _10762_[8]
 _751_
 _6381_
 _10757_[1]
 _6148_
 _3411_
 _653_
 _675_
 x4_i[5]
 ifft_hier0_bF$buf3
 _4565_
 _10757_[2]
 _6193_
 _10756_[3]
 _5290_
 _4351_
 _3283_
 _6051_
 _5492__bF$buf48
 _3626_
 _3955_
 _8978_
 _144_
 _6476_
 _1422_
 _1417_
 _77_
 _7905_
 _10750_[7]
 _4748_
 _4013_
 _4017_
 _6898_
 _6295_
 _871_
 _6417_
 _6492_
 _5472_
 _5671_
 _6329_
 ifft_bF$buf47
 _1834_
 _6368_
 _5492__bF$buf40
 _9871_
 _9881_
 _9940_
 _5_
 _109_
 x4_r[6]
 _1056_
 _8871_
 _8468_
 _8788_
 _8398_
 _8464_
 _8787_
 _10475_
 _8657_
 _9322_
 _9333_
 _9489_
 _9327_
 _10668_
 _5487_
 _5489_
 _9277_
 _9274_
 _9256_
 _8542_
 _8347_
 _9006_
 _8528_
 _8498_
 y4_r[6]
 _8959_
 _9260_
 _1090_
 _9012_
 ifft_bF$buf38
 _8056_
 _9899_
 _8116_
 _7300_
 _7819_
 _7884_
 _10756_[1]
 _7254_
 _7560_
 _6082_
 _7624_
 _7044_
 _360_
 _9065_
 _9827_
 _9255_
 _6511_
 _9119_
 _10762_[11]
 _10750_[8]
 y4_i[14]
 _7124_
 y3_r[4]
 y2_i[4]
 _7148_
 _852_
 ifft_bF$buf27
 _10754_[9]
 _4948_
 _899_
 _6493_
 _4951_
 _10765_[11]
 _9893_
 _10692_
 _1116_
 _10762_[7]
 _5432_
 _5318_
 _7147_
 _10755_[10]
 _896_
 _7051_
 _931_
 _10762_[14]
 y7_i[3]
 y7_i[7]
 y3_i[14]
 y7_i[5]
 _6956_
 ifft_bF$buf35
 _7011_
 _3975_
 _926_
 _7396_
 _4242_
 _5157_
 _10762_[9]
 _6424_
 _5451_
 _704_
 _5620_
 x4_i[8]
 _6372_
 _6500_
 _10756_[14]
 _6501_
 _746_
 _5294_
 _5216_
 _10255_
 _10163_
 ifft_bF$buf3
 _9472_
 _7208_
 x5_i[3]
 _9266_
 _9280_
 _9642_
 _9288_
 _4781_
 _5252_
 _6419_
 _4039_
 _564_
 _10755_[1]
 _10452_
 _5521_
 _729_
 _10757_[12]
 x4_r[3]
 _5600_
 _4261_
 _4988_
 _6362_
 _5180_
 _876_
 _5320_
 _4823_
 y3_i[1]
 _5244_
 _4820_
 _4674_
 _5215_
 _4825_
 _5319_
 _6104_
 _5250_
 _6212_
 _6208_
 _5073_
 _3835_
 _10756_[0]
 _3758_
 _2161_
 _2813_
 _1470_
 _3458_
 _2522_
 _1976_
 _5492__bF$buf16
 _10360_
 _10318_
 _1172_
 _967_
 _83_
 _8216_
 _9880_
 _9707_
 _9323_
 _10665_
 _10513_
 _8208_
 _8658_
 _8662_
 _8660_
 _7879_
 _1412_
 _1403_
 y6_r[6]
 _4798_
 _6301_
 _6456_
 _5610_
 _6539_
 _658_
 _671_
 _6088_
 _3642_
 _4613_
 _689_
 _625_
 _4675_
 _649_
 _4546_
 _664_
 _1432_
 _431_
 _1433_
 _10754_[3]
 _427_
 _385_
 _277_
 _10765_[10]
 _10763_[6]
 _1411_
 _5492__hier0_bF$buf0
 ifft_bF$buf55
 _5492__bF$buf50
 _180_
 ifft_bF$buf17
 _509_
 _7541_
 _7639_
 _9325_
 _9523_
 _9784_
 _9687_
 _9688_
 _9661_
 ifft_bF$buf43
 _1323_
 _89_
 _1465_
 _6078_
 _2383_
 x0_r[6]
 _8971_
 _10561_
 _8970_
 _5758_
 _8952_
 _8525_
 _8467_
 _10546_
 _8964_
 _10524_
 _10557_
 _8813_
 _9157_
 _6674_
 _10521_
 _9128_
 _8290_
 _8207_
 _5914_
 _10355_
 _10354_
 _10422_
 _567_
 _5492__bF$buf56
 _6033_
 _8870_
 _8001_
 _7411_
 _1178_
 _10175_
 _1157_
 _8123_
 _10108_
 _568_
 _8914_
 _7895_
 _60_
 _10343_
 _7250_
 _7257_
 _5976_
 _157_
 _9782_
 _9781_
 _2369_
 _10186_
 _11_
 _10088_
 _10740_
 _10752_[11]
 _6712_
 _10333_
 _9670_
 _9522_
 _9889_
 _1140_
 _9904_
 _9869_
 _1119_
 _54_
 _9316_
 _9708_
 _10644_
 _9667_
 _1146_
 _10592_
 ifft_bF$buf1
 _9698_
 _9598_
 ifft_bF$buf6
 _8615_
 _10434_
 y0_r[14]
 y0_r[10]
 _9641_
 _8597_
 _9607_
 _8718_
 _9462_
 _5952_
 _9424_
 _9951_
 _9629_
 _9460_
 _9617_
 _9625_
 _6835_
 _1912_
 _10760_[14]
 _9628_
 _9262_
 _9947_
 _7186_
 _9622_
 _8775_
 _9004_
 _7517_
 _8784_
 _9167_
 _10562_
 _9061_
 _7156_
 _7202_
 _9605_
 _9269_
 _9427_
 _5494_
 _9434_
 _10755_[5]
 _10159_
 _5387_
 _7153_
 x4_r[14]
 _5386_
 _9464_
 _1924_
 _10755_[9]
 x3_r[3]
 _9350_
 _10753_[15]
 _9112_
 x2_i[4]
 _5999_
 _9246_
 y2_r[5]
 _9270_
 _9108_
 _8921_
 _3697_
 _9475_
 x5_i[2]
 _9082_
 _9287_
 _9476_
 _9109_
 _5656_
 _8951_
 x7_r[1]
 _5686_
 _10573_
 _6487_
 _10477_
 _9137_
 _9321_
 _10531_
 _9139_
 _9156_
 _8679_
 _9529_
 x7_r[0]
 _8288_
 _9988_
 _6883_
 _2414_
 _504_
 _7199_
 _9114_
 _7028_
 _316_
 _9461_
 _598_
 _7647_
 _1396_
 _3459_
 _1611_
 _2733_
 _3790_
 x1_i[3]

----------------------------------------------
*** Writing RC file dsp_route.rc
DEF2Verilog -v /home/suganth/verilog/dsp/ver1/synthesis/dsp.rtlnopwr.v -o /home/suganth/verilog/dsp/ver1/synthesis/dsp_postroute.v
-p vdd -g gnd  -l  /usr/local/share/qflow/tech/osu035/osu035_stdcells.lef dsp_route.def

Generating RTL verilog and SPICE netlist file in directory
   /home/suganth/verilog/dsp/ver1/synthesis
Running vlog2Verilog.
vlog2Verilog -c -v vdd -g gnd -o dsp.rtl.anno.v dsp_postroute.v
vlog2Verilog -c -p -v vdd -g gnd -o dsp.rtlnopwr.anno.v dsp_postroute.v
/usr/local/share/qflow/bin/vlog2Verilog -c -b -p -n -v vdd -g gnd -o dsp.rtlbb.anno.v dsp_postroute.v
Running vlog2Spice.
vlog2Spice -i -l  /usr/local/share/qflow/tech/osu035/osu035_stdcells.sp -o dsp.anno.spc dsp.rtl.anno.v
Router script ended on Monday 10 August 2026 11:39:15 AM IST
